id,goals,totalShots,onTargetScoringAttempt,shotOffTarget,totalContest,wonContest,wasFouled,fouls,keyPass,goalAssist,bigChanceCreated,bigChanceMissed,totalCross,accurateCross,totalPass,accuratePass,touches,duelWon,duelLost,hitWoodwork,totalOppositionHalfPasses,accurateOppositionHalfPasses,minutesPlayed,name,world_cups_played,first_world_cup,last_world_cup,matches_played,goals_per90,totalShots_per90,onTargetScoringAttempt_per90,totalContest_per90,wonContest_per90,wasFouled_per90,keyPass_per90,goalAssist_per90,bigChanceCreated_per90,totalCross_per90,accurateCross_per90,totalPass_per90,accuratePass_per90,totalOppositionHalfPasses_per90,accurateOppositionHalfPasses_per90,touches_per90
1,6.0,41,22.0,16.0,32.0,19.0,30.0,42.0,28.0,3.0,3.0,6.0,29.0,6.0,336.0,239.0,625.0,84.0,130.0,2.0,259.0,172.0,1484.0,Robin van Persie,3,2006,2014,17,0.3638814016172507,2.486522911051213,1.3342318059299192,1.9407008086253372,1.1522911051212938,1.8194070080862537,1.69811320754717,0.18194070080862534,0.18194070080862534,1.7587601078167119,0.3638814016172507,20.37735849056604,14.494609164420487,15.707547169811322,10.431266846361186,37.90431266846362
2,0.0,3,1.0,2.0,21.0,15.0,25.0,16.0,11.0,0.0,1.0,0.0,26.0,3.0,542.0,458.0,942.0,97.0,55.0,0.0,261.0,201.0,1275.0,Ashley Cole,3,2002,2010,14,0.0,0.21176470588235294,0.07058823529411765,1.4823529411764707,1.0588235294117647,1.7647058823529413,0.7764705882352941,0.0,0.07058823529411765,1.835294117647059,0.21176470588235294,38.258823529411764,32.32941176470588,18.423529411764708,14.188235294117648,66.49411764705883
3,2.0,16,6.0,7.0,22.0,15.0,32.0,26.0,10.0,3.0,2.0,2.0,2.0,0.0,554.0,467.0,785.0,123.0,76.0,0.0,360.0,289.0,942.0,Patrick Vieira,3,1998,2006,12,0.19108280254777069,1.5286624203821655,0.5732484076433121,2.1019108280254777,1.4331210191082802,3.057324840764331,0.9554140127388535,0.28662420382165604,0.19108280254777069,0.19108280254777069,0.0,52.92993630573248,44.617834394904456,34.394904458598724,27.611464968152866,75.0
8,6.0,37,18.0,15.0,41.0,24.0,21.0,23.0,24.0,4.0,5.0,5.0,19.0,6.0,341.0,239.0,586.0,65.0,97.0,0.0,270.0,176.0,989.0,Dennis Bergkamp,2,1994,1998,12,0.5460060667340748,3.3670374115267947,1.6380182002022246,3.731041456016178,2.1840242669362993,1.9110212335692618,2.1840242669362993,0.3640040444893832,0.455005055611729,1.7290192113245704,0.5460060667340748,31.03134479271992,21.749241658240646,24.570273003033368,16.01617795753286,53.32659251769464
11,6.0,50,20.0,16.0,59.0,31.0,20.0,39.0,20.0,1.0,5.0,5.0,28.0,4.0,302.0,205.0,629.0,87.0,117.0,2.0,238.0,153.0,1169.0,Thierry Henry,4,1998,2010,17,0.4619332763045338,3.849443969204448,1.5397775876817792,4.542343883661249,2.3866552609067577,1.5397775876817792,1.5397775876817792,0.07698887938408897,0.3849443969204448,2.155688622754491,0.30795551753635586,23.250641573994866,15.782720273738239,18.323353293413174,11.779298545765611,48.42600513259196
67,0.0,6,2.0,4.0,1.0,0.0,3.0,13.0,0.0,0.0,0.0,0.0,1.0,0.0,236.0,196.0,356.0,33.0,32.0,0.0,67.0,40.0,673.0,Raymond Kalla,3,1994,2002,8,0.0,0.8023774145616642,0.2674591381872214,0.1337295690936107,0.0,0.4011887072808321,0.0,0.0,0.0,0.1337295690936107,0.0,31.560178306092123,26.210995542347696,8.959881129271917,5.349182763744428,47.60772659732541
90,0.0,5,1.0,2.0,4.0,2.0,3.0,8.0,5.0,1.0,0.0,0.0,1.0,1.0,184.0,158.0,244.0,20.0,19.0,0.0,98.0,78.0,368.0,Sebastian Kehl,2,2002,2006,6,0.0,1.2228260869565217,0.24456521739130438,0.9782608695652175,0.48913043478260876,0.7336956521739131,1.2228260869565217,0.24456521739130438,0.0,0.24456521739130438,0.24456521739130438,45.0,38.64130434782609,23.967391304347828,19.076086956521742,59.673913043478265
95,0.0,0,0.0,0.0,9.0,4.0,4.0,10.0,0.0,0.0,0.0,0.0,3.0,1.0,171.0,143.0,257.0,35.0,20.0,0.0,69.0,50.0,400.0,Christian Wörns,1,1998,1998,5,0.0,0.0,0.0,2.025,0.8999999999999999,0.8999999999999999,0.0,0.0,0.0,0.6749999999999999,0.22499999999999998,38.475,32.175,15.524999999999999,11.25,57.824999999999996
123,0.0,3,0.0,3.0,4.0,2.0,3.0,4.0,3.0,1.0,1.0,0.0,10.0,2.0,65.0,38.0,107.0,18.0,22.0,0.0,46.0,22.0,287.0,Vidar Riseth,1,1998,1998,4,0.0,0.940766550522648,0.0,1.254355400696864,0.627177700348432,0.940766550522648,0.940766550522648,0.313588850174216,0.313588850174216,3.1358885017421603,0.627177700348432,20.38327526132404,11.916376306620208,14.425087108013937,6.898954703832752,33.55400696864111
184,0.0,4,0.0,1.0,2.0,2.0,3.0,2.0,4.0,0.0,0.0,0.0,4.0,2.0,114.0,94.0,175.0,19.0,8.0,0.0,70.0,54.0,270.0,Nico Van Kerckhoven,2,1998,2002,3,0.0,1.3333333333333333,0.0,0.6666666666666666,0.6666666666666666,1.0,1.3333333333333333,0.0,0.0,1.3333333333333333,0.6666666666666666,38.0,31.333333333333332,23.333333333333332,18.0,58.333333333333336
223,0.0,7,1.0,3.0,5.0,4.0,7.0,12.0,3.0,0.0,0.0,0.0,1.0,1.0,364.0,301.0,507.0,66.0,23.0,0.0,160.0,111.0,840.0,Daniel Van Buyten,2,2002,2014,9,0.0,0.75,0.10714285714285714,0.5357142857142857,0.42857142857142855,0.75,0.3214285714285714,0.0,0.0,0.10714285714285714,0.10714285714285714,39.0,32.25,17.142857142857142,11.892857142857142,54.32142857142857
228,1.0,17,4.0,7.0,9.0,7.0,10.0,9.0,4.0,0.0,0.0,3.0,2.0,0.0,150.0,103.0,234.0,44.0,54.0,2.0,121.0,80.0,505.0,Ebbe Sand,2,1998,2002,8,0.17821782178217824,3.0297029702970297,0.712871287128713,1.603960396039604,1.2475247524752475,1.7821782178217822,0.712871287128713,0.0,0.0,0.3564356435643565,0.0,26.732673267326735,18.356435643564357,21.564356435643568,14.257425742574258,41.70297029702971
235,1.0,7,3.0,4.0,0.0,0.0,8.0,10.0,1.0,1.0,0.0,1.0,0.0,0.0,414.0,376.0,582.0,56.0,31.0,0.0,137.0,115.0,900.0,Juan,2,2006,2010,10,0.1,0.7,0.3,0.0,0.0,0.8,0.1,0.1,0.0,0.0,0.0,41.4,37.6,13.7,11.5,58.2
238,0.0,0,0.0,0.0,6.0,5.0,3.0,11.0,0.0,0.0,0.0,0.0,2.0,0.0,190.0,153.0,292.0,28.0,22.0,0.0,66.0,47.0,382.0,Khalid Boulahrouz,2,2006,2010,6,0.0,0.0,0.0,1.4136125654450262,1.1780104712041886,0.7068062827225131,0.0,0.0,0.0,0.4712041884816754,0.0,44.76439790575916,36.047120418848166,15.549738219895287,11.073298429319372,68.79581151832461
240,0.0,0,0.0,0.0,5.0,3.0,10.0,20.0,1.0,0.0,0.0,0.0,1.0,1.0,190.0,159.0,292.0,50.0,44.0,0.0,80.0,62.0,540.0,Roque Junior,1,2002,2002,6,0.0,0.0,0.0,0.8333333333333334,0.5,1.6666666666666667,0.16666666666666666,0.0,0.0,0.16666666666666666,0.16666666666666666,31.666666666666668,26.5,13.333333333333334,10.333333333333334,48.666666666666664
243,0.0,1,0.0,1.0,4.0,1.0,3.0,1.0,2.0,0.0,0.0,0.0,4.0,0.0,96.0,77.0,182.0,11.0,13.0,0.0,54.0,38.0,270.0,Mišo Brečko,1,2010,2010,3,0.0,0.3333333333333333,0.0,1.3333333333333333,0.3333333333333333,1.0,0.6666666666666666,0.0,0.0,1.3333333333333333,0.0,32.0,25.666666666666668,18.0,12.666666666666666,60.666666666666664
251,0.0,4,1.0,2.0,1.0,1.0,1.0,17.0,3.0,0.0,0.0,0.0,3.0,1.0,232.0,191.0,300.0,23.0,25.0,0.0,127.0,99.0,376.0,Christian Poulsen,2,2002,2010,6,0.0,0.9574468085106382,0.23936170212765956,0.23936170212765956,0.23936170212765956,0.23936170212765956,0.7180851063829787,0.0,0.0,0.7180851063829787,0.23936170212765956,55.53191489361702,45.71808510638298,30.398936170212764,23.696808510638295,71.80851063829786
258,1.0,15,2.0,9.0,22.0,11.0,24.0,22.0,36.0,4.0,8.0,1.0,74.0,20.0,581.0,434.0,891.0,80.0,77.0,1.0,450.0,320.0,1161.0,Bernd Schneider,2,2002,2006,14,0.07751937984496124,1.1627906976744187,0.15503875968992248,1.7054263565891472,0.8527131782945736,1.8604651162790697,2.7906976744186047,0.31007751937984496,0.6201550387596899,5.736434108527131,1.5503875968992247,45.03875968992248,33.643410852713174,34.883720930232556,24.806201550387595,69.06976744186046
260,0.0,3,1.0,0.0,1.0,1.0,7.0,6.0,3.0,0.0,0.0,0.0,5.0,0.0,188.0,164.0,258.0,29.0,12.0,0.0,73.0,50.0,355.0,Carsten Ramelow,1,2002,2002,5,0.0,0.7605633802816901,0.2535211267605634,0.2535211267605634,0.2535211267605634,1.7746478873239435,0.7605633802816901,0.0,0.0,1.2676056338028168,0.0,47.66197183098591,41.57746478873239,18.507042253521124,12.676056338028168,65.40845070422534
262,0.0,4,1.0,1.0,9.0,6.0,8.0,5.0,3.0,0.0,0.0,0.0,4.0,2.0,105.0,83.0,177.0,25.0,15.0,0.0,68.0,51.0,270.0,Marko Babić,1,2006,2006,3,0.0,1.3333333333333333,0.3333333333333333,3.0,2.0,2.6666666666666665,1.0,0.0,0.0,1.3333333333333333,0.6666666666666666,35.0,27.666666666666668,22.666666666666668,17.0,59.0
290,0.0,1,1.0,0.0,5.0,3.0,3.0,5.0,4.0,0.0,0.0,0.0,3.0,0.0,188.0,153.0,261.0,34.0,29.0,0.0,103.0,80.0,380.0,Raphael Wicky,1,2006,2006,4,0.0,0.23684210526315788,0.23684210526315788,1.1842105263157894,0.7105263157894737,0.7105263157894737,0.9473684210526315,0.0,0.0,0.7105263157894737,0.0,44.526315789473685,36.23684210526316,24.394736842105264,18.94736842105263,61.81578947368421
291,1.0,10,5.0,3.0,21.0,7.0,15.0,10.0,14.0,1.0,6.0,0.0,50.0,14.0,212.0,173.0,395.0,36.0,40.0,0.0,136.0,103.0,540.0,Mehdi Mahdavikia,2,1998,2006,6,0.16666666666666666,1.6666666666666667,0.8333333333333334,3.5,1.1666666666666667,2.5,2.3333333333333335,0.16666666666666666,1.0,8.333333333333334,2.3333333333333335,35.333333333333336,28.833333333333332,22.666666666666668,17.166666666666668,65.83333333333333
295,0.0,2,0.0,0.0,12.0,4.0,9.0,5.0,5.0,0.0,2.0,0.0,26.0,5.0,274.0,226.0,461.0,32.0,30.0,0.0,155.0,113.0,660.0,Willy Sagnol,1,2006,2006,7,0.0,0.27272727272727276,0.0,1.6363636363636365,0.5454545454545455,1.2272727272727273,0.6818181818181819,0.0,0.27272727272727276,3.5454545454545454,0.6818181818181819,37.36363636363637,30.81818181818182,21.136363636363637,15.40909090909091,62.86363636363637
296,0.0,10,3.0,1.0,25.0,18.0,33.0,11.0,6.0,0.0,0.0,0.0,4.0,2.0,575.0,482.0,896.0,133.0,68.0,0.0,218.0,145.0,1530.0,Lúcio,3,2002,2010,17,0.0,0.5882352941176471,0.17647058823529413,1.4705882352941178,1.0588235294117647,1.9411764705882353,0.35294117647058826,0.0,0.0,0.23529411764705882,0.11764705882352941,33.8235294117647,28.352941176470587,12.823529411764707,8.529411764705882,52.705882352941174
301,1.0,2,1.0,0.0,0.0,0.0,7.0,6.0,2.0,0.0,1.0,1.0,0.0,0.0,358.0,325.0,466.0,34.0,24.0,0.0,93.0,79.0,780.0,Martín Demichelis,2,2010,2014,8,0.11538461538461539,0.23076923076923078,0.11538461538461539,0.0,0.0,0.8076923076923077,0.23076923076923078,0.0,0.11538461538461539,0.0,0.0,41.307692307692314,37.5,10.730769230769232,9.115384615384617,53.769230769230774
310,1.0,10,4.0,1.0,30.0,12.0,27.0,17.0,10.0,1.0,1.0,0.0,29.0,3.0,422.0,353.0,770.0,93.0,68.0,0.0,271.0,216.0,864.0,Bixente Lizarazu,2,1998,2002,9,0.10416666666666667,1.0416666666666667,0.4166666666666667,3.125,1.25,2.8125,1.0416666666666667,0.10416666666666667,0.10416666666666667,3.0208333333333335,0.3125,43.958333333333336,36.770833333333336,28.229166666666668,22.5,80.20833333333334
313,1.0,22,3.0,14.0,21.0,18.0,20.0,23.0,21.0,1.0,3.0,0.0,41.0,16.0,636.0,526.0,958.0,104.0,70.0,0.0,367.0,279.0,1172.0,Torsten Frings,2,2002,2006,13,0.07679180887372014,1.689419795221843,0.23037542662116042,1.6126279863481228,1.3822525597269624,1.5358361774744027,1.6126279863481228,0.07679180887372014,0.23037542662116042,3.1484641638225255,1.2286689419795223,48.839590443686006,40.39249146757679,28.18259385665529,21.42491467576792,73.5665529010239
316,1.0,3,1.0,2.0,3.0,2.0,5.0,7.0,4.0,0.0,0.0,1.0,3.0,1.0,207.0,187.0,261.0,16.0,13.0,0.0,116.0,100.0,381.0,Zé Roberto,2,1998,2006,6,0.23622047244094488,0.7086614173228346,0.23622047244094488,0.7086614173228346,0.47244094488188976,1.1811023622047243,0.9448818897637795,0.0,0.0,0.7086614173228346,0.23622047244094488,48.89763779527559,44.17322834645669,27.401574803149607,23.62204724409449,61.653543307086615
318,3.0,46,12.0,28.0,18.0,7.0,31.0,25.0,14.0,5.0,7.0,5.0,19.0,7.0,581.0,449.0,829.0,93.0,71.0,2.0,381.0,280.0,1050.0,Michael Ballack,2,2002,2006,11,0.2571428571428572,3.942857142857143,1.0285714285714287,1.542857142857143,0.6,2.6571428571428575,1.2,0.4285714285714286,0.6,1.6285714285714286,0.6,49.800000000000004,38.48571428571429,32.65714285714286,24.0,71.05714285714286
319,0.0,10,2.0,4.0,19.0,12.0,13.0,14.0,2.0,0.0,0.0,1.0,10.0,1.0,281.0,241.0,414.0,57.0,43.0,0.0,154.0,125.0,528.0,Jens Jeremies,2,1998,2002,10,0.0,1.7045454545454546,0.34090909090909094,3.2386363636363638,2.0454545454545454,2.2159090909090913,0.34090909090909094,0.0,0.0,1.7045454545454546,0.17045454545454547,47.89772727272727,41.07954545454546,26.250000000000004,21.306818181818183,70.56818181818183
320,4.0,12,6.0,4.0,8.0,5.0,6.0,8.0,6.0,0.0,0.0,2.0,4.0,0.0,108.0,65.0,186.0,27.0,36.0,0.0,86.0,49.0,353.0,Róbert Vittek,1,2010,2010,4,1.019830028328612,3.059490084985836,1.529745042492918,2.039660056657224,1.274787535410765,1.529745042492918,1.529745042492918,0.0,0.0,1.019830028328612,0.0,27.535410764872523,16.572237960339944,21.926345609065155,12.492917847025497,47.422096317280456
326,2.0,30,9.0,13.0,41.0,22.0,42.0,34.0,41.0,6.0,5.0,1.0,64.0,12.0,1240.0,1067.0,1662.0,151.0,116.0,0.0,810.0,673.0,1655.0,Bastian Schweinsteiger,3,2006,2014,20,0.10876132930513595,1.6314199395770392,0.48942598187311176,2.229607250755287,1.1963746223564955,2.283987915407855,2.229607250755287,0.32628398791540786,0.2719033232628399,3.4803625377643503,0.6525679758308157,67.43202416918429,58.02416918429003,44.04833836858006,36.59818731117824,90.38066465256797
335,1.0,31,10.0,14.0,29.0,12.0,17.0,11.0,22.0,2.0,2.0,6.0,4.0,1.0,346.0,260.0,532.0,100.0,91.0,1.0,261.0,185.0,855.0,Roque Santa Cruz,3,2002,2010,12,0.10526315789473684,3.263157894736842,1.0526315789473684,3.0526315789473686,1.263157894736842,1.7894736842105263,2.3157894736842106,0.21052631578947367,0.21052631578947367,0.42105263157894735,0.10526315789473684,36.421052631578945,27.36842105263158,27.473684210526315,19.473684210526315,56.0
356,1.0,14,6.0,5.0,13.0,2.0,17.0,15.0,19.0,1.0,3.0,2.0,43.0,11.0,293.0,216.0,475.0,44.0,55.0,0.0,207.0,142.0,617.0,Tranquillo Barnetta,2,2006,2010,7,0.14586709886547813,2.0421393841166937,0.8752025931928687,1.8962722852512157,0.29173419773095627,2.479740680713128,2.7714748784440846,0.14586709886547813,0.4376012965964344,6.27228525121556,1.6045380875202595,42.73905996758509,31.507293354943275,30.19448946515397,20.713128038897896,69.28687196110211
360,0.0,3,1.0,2.0,1.0,0.0,9.0,12.0,0.0,0.0,0.0,1.0,0.0,0.0,174.0,149.0,281.0,57.0,24.0,0.0,65.0,45.0,540.0,Josip Šimunić,2,2002,2006,6,0.0,0.5,0.16666666666666666,0.16666666666666666,0.0,1.5,0.0,0.0,0.0,0.0,0.0,29.0,24.833333333333332,10.833333333333334,7.5,46.833333333333336
369,0.0,4,2.0,2.0,0.0,0.0,12.0,8.0,3.0,0.0,0.0,0.0,1.0,1.0,854.0,769.0,1063.0,89.0,39.0,0.0,296.0,240.0,1666.0,Per Mertesacker,3,2006,2014,19,0.0,0.2160864345738295,0.10804321728691475,0.0,0.0,0.6482593037214885,0.16206482593037214,0.0,0.0,0.054021608643457376,0.054021608643457376,46.1344537815126,41.54261704681873,15.990396158463383,12.96518607442977,57.42496998799519
371,1.0,4,2.0,2.0,8.0,4.0,19.0,16.0,5.0,1.0,0.0,2.0,8.0,1.0,195.0,146.0,320.0,53.0,44.0,0.0,115.0,81.0,460.0,Niko Kovač,2,2002,2006,6,0.1956521739130435,0.782608695652174,0.391304347826087,1.565217391304348,0.782608695652174,3.717391304347826,0.9782608695652175,0.1956521739130435,0.0,1.565217391304348,0.1956521739130435,38.152173913043484,28.56521739130435,22.5,15.847826086956523,62.60869565217392
380,0.0,9,2.0,4.0,10.0,5.0,3.0,6.0,8.0,0.0,0.0,0.0,41.0,15.0,127.0,100.0,248.0,20.0,24.0,0.0,83.0,59.0,280.0,Michael Tarnat,1,1998,1998,4,0.0,2.892857142857143,0.6428571428571428,3.2142857142857144,1.6071428571428572,0.9642857142857143,2.571428571428571,0.0,0.0,13.178571428571429,4.821428571428571,40.82142857142857,32.14285714285714,26.678571428571427,18.964285714285715,79.71428571428571
412,0.0,3,0.0,3.0,0.0,0.0,5.0,10.0,0.0,0.0,0.0,0.0,0.0,0.0,216.0,190.0,320.0,50.0,23.0,0.0,59.0,37.0,660.0,Fernando Meira,1,2006,2006,7,0.0,0.4090909090909091,0.0,0.0,0.0,0.6818181818181819,0.0,0.0,0.0,0.0,0.0,29.454545454545457,25.90909090909091,8.045454545454545,5.045454545454546,43.63636363636364
487,2.0,9,3.0,3.0,4.0,1.0,5.0,8.0,6.0,1.0,1.0,1.0,21.0,5.0,209.0,142.0,323.0,25.0,25.0,0.0,131.0,79.0,522.0,Ümit Davala,1,2002,2002,7,0.3448275862068966,1.5517241379310345,0.5172413793103449,0.6896551724137931,0.1724137931034483,0.8620689655172414,1.0344827586206897,0.1724137931034483,0.1724137931034483,3.6206896551724137,0.8620689655172414,36.03448275862069,24.482758620689655,22.586206896551726,13.620689655172415,55.689655172413794
492,16.0,66,30.0,30.0,66.0,24.0,47.0,49.0,26.0,4.0,6.0,15.0,12.0,4.0,367.0,238.0,766.0,179.0,203.0,2.0,278.0,170.0,1793.0,Miroslav Klose,4,2002,2014,24,0.8031232571109872,3.3128834355828225,1.5058561070831011,3.3128834355828225,1.204684885666481,2.359174567763525,1.3050752928053542,0.2007808142777468,0.3011712214166202,0.6023424428332405,0.2007808142777468,18.42163970998327,11.946458449525934,13.954266592303403,8.53318460680424,38.449525934188514
505,0.0,23,7.0,12.0,27.0,10.0,21.0,9.0,7.0,0.0,1.0,2.0,5.0,0.0,129.0,83.0,307.0,61.0,79.0,0.0,110.0,67.0,582.0,Nelson Haedo Valdez,2,2006,2010,8,0.0,3.556701030927835,1.0824742268041236,4.175257731958763,1.5463917525773196,3.247422680412371,1.0824742268041236,0.0,0.15463917525773196,0.7731958762886598,0.0,19.948453608247423,12.835051546391753,17.010309278350515,10.360824742268042,47.47422680412371
517,0.0,6,1.0,2.0,14.0,5.0,6.0,5.0,4.0,0.0,1.0,0.0,10.0,1.0,121.0,104.0,187.0,18.0,24.0,1.0,79.0,65.0,275.0,Laurén,2,1998,2002,4,0.0,1.9636363636363638,0.32727272727272727,4.581818181818182,1.6363636363636365,1.9636363636363638,1.309090909090909,0.0,0.32727272727272727,3.272727272727273,0.32727272727272727,39.6,34.03636363636364,25.854545454545455,21.272727272727273,61.2
518,0.0,10,6.0,2.0,8.0,4.0,7.0,9.0,16.0,3.0,5.0,2.0,7.0,3.0,401.0,359.0,478.0,19.0,26.0,0.0,267.0,228.0,374.0,Cesc Fàbregas,3,2006,2014,10,0.0,2.406417112299465,1.443850267379679,1.9251336898395721,0.9625668449197861,1.6844919786096255,3.8502673796791442,0.7219251336898395,1.2032085561497325,1.6844919786096255,0.7219251336898395,96.49732620320854,86.39037433155079,64.25133689839572,54.8663101604278,115.02673796791443
520,1.0,3,2.0,1.0,15.0,10.0,15.0,22.0,2.0,0.0,0.0,0.0,2.0,1.0,260.0,195.0,415.0,71.0,37.0,0.0,90.0,42.0,874.0,Sol Campbell,3,1998,2006,10,0.10297482837528604,0.30892448512585813,0.20594965675057209,1.5446224256292906,1.0297482837528604,1.5446224256292906,0.20594965675057209,0.0,0.0,0.20594965675057209,0.10297482837528604,26.773455377574372,20.08009153318078,9.267734553775744,4.324942791762014,42.73455377574371
524,0.0,1,0.0,1.0,0.0,0.0,2.0,9.0,6.0,0.0,0.0,0.0,19.0,6.0,154.0,121.0,212.0,17.0,16.0,0.0,83.0,55.0,318.0,Sebastian Larsson,1,2018,2018,4,0.0,0.2830188679245283,0.0,0.0,0.0,0.5660377358490566,1.6981132075471699,0.0,0.0,5.377358490566038,1.6981132075471699,43.58490566037736,34.24528301886792,23.49056603773585,15.566037735849058,60.0
530,1.0,1,1.0,0.0,2.0,2.0,2.0,4.0,0.0,0.0,0.0,0.0,0.0,0.0,172.0,142.0,216.0,14.0,14.0,0.0,58.0,35.0,350.0,Philippe Senderos,3,2006,2014,5,0.2571428571428572,0.2571428571428572,0.2571428571428572,0.5142857142857143,0.5142857142857143,0.5142857142857143,0.0,0.0,0.0,0.0,0.0,44.22857142857143,36.51428571428571,14.914285714285715,9.0,55.542857142857144
531,0.0,6,3.0,2.0,11.0,9.0,7.0,31.0,14.0,1.0,0.0,0.0,0.0,0.0,753.0,679.0,971.0,68.0,78.0,0.0,367.0,320.0,1323.0,Gilberto Silva,3,2002,2010,16,0.0,0.40816326530612246,0.20408163265306123,0.7482993197278912,0.6122448979591837,0.4761904761904762,0.9523809523809524,0.06802721088435375,0.0,0.0,0.0,51.22448979591837,46.19047619047619,24.965986394557824,21.768707482993197,66.05442176870748
533,0.0,6,0.0,4.0,13.0,5.0,8.0,8.0,8.0,0.0,1.0,0.0,13.0,4.0,258.0,229.0,382.0,23.0,26.0,0.0,152.0,128.0,521.0,Emmanuel Eboué,2,2006,2010,6,0.0,1.0364683301343571,0.0,2.2456813819577737,0.8637236084452975,1.381957773512476,1.381957773512476,0.0,0.1727447216890595,2.2456813819577737,0.690978886756238,44.56813819577735,39.55854126679463,26.257197696737045,22.111324376199615,65.98848368522073
534,0.0,6,1.0,4.0,2.0,2.0,3.0,5.0,2.0,0.0,0.0,0.0,2.0,2.0,190.0,162.0,286.0,27.0,19.0,0.0,83.0,61.0,540.0,Kolo Touré,3,2006,2014,6,0.0,1.0,0.16666666666666666,0.3333333333333333,0.3333333333333333,0.5,0.3333333333333333,0.0,0.0,0.3333333333333333,0.3333333333333333,31.666666666666668,27.0,13.833333333333334,10.166666666666666,47.666666666666664
536,0.0,1,0.0,0.0,2.0,2.0,6.0,8.0,1.0,0.0,0.0,0.0,0.0,0.0,237.0,215.0,332.0,30.0,23.0,0.0,66.0,54.0,566.0,Johan Djourou,3,2006,2018,8,0.0,0.15901060070671377,0.0,0.31802120141342755,0.31802120141342755,0.9540636042402827,0.15901060070671377,0.0,0.0,0.0,0.0,37.685512367491164,34.187279151943464,10.49469964664311,8.586572438162545,52.791519434628974
542,0.0,7,1.0,5.0,3.0,1.0,7.0,6.0,3.0,0.0,0.0,0.0,8.0,3.0,289.0,203.0,454.0,67.0,45.0,1.0,148.0,80.0,734.0,Olof Mellberg,2,2002,2006,8,0.0,0.8583106267029973,0.1226158038147139,0.36784741144414174,0.1226158038147139,0.8583106267029973,0.36784741144414174,0.0,0.0,0.9809264305177112,0.36784741144414174,35.43596730245232,24.891008174386922,18.147138964577657,9.809264305177113,55.66757493188011
543,0.0,1,0.0,0.0,1.0,0.0,10.0,6.0,3.0,0.0,0.0,0.0,0.0,0.0,152.0,129.0,230.0,34.0,22.0,0.0,52.0,35.0,360.0,Martin Laursen,1,2002,2002,4,0.0,0.25,0.0,0.25,0.0,2.5,0.75,0.0,0.0,0.0,0.0,38.0,32.25,13.0,8.75,57.5
553,0.0,3,1.0,1.0,38.0,17.0,9.0,12.0,5.0,1.0,1.0,0.0,37.0,6.0,434.0,362.0,691.0,49.0,63.0,0.0,202.0,156.0,630.0,Ulises de la Cruz,2,2002,2006,7,0.0,0.42857142857142855,0.14285714285714285,5.428571428571429,2.4285714285714284,1.2857142857142858,0.7142857142857143,0.14285714285714285,0.14285714285714285,5.285714285714286,0.8571428571428571,62.0,51.714285714285715,28.857142857142858,22.285714285714285,98.71428571428571
579,1.0,13,5.0,7.0,9.0,4.0,11.0,11.0,3.0,1.0,1.0,3.0,13.0,1.0,168.0,110.0,277.0,71.0,58.0,0.0,137.0,81.0,549.0,Emile Heskey,2,2002,2010,9,0.1639344262295082,2.1311475409836067,0.819672131147541,1.4754098360655739,0.6557377049180328,1.8032786885245902,0.49180327868852464,0.1639344262295082,0.1639344262295082,2.1311475409836067,0.1639344262295082,27.54098360655738,18.0327868852459,22.459016393442624,13.278688524590164,45.40983606557377
598,0.0,3,0.0,3.0,3.0,3.0,6.0,10.0,5.0,0.0,0.0,0.0,4.0,3.0,370.0,314.0,490.0,35.0,28.0,0.0,159.0,112.0,630.0,Lucas Neill,2,2006,2010,7,0.0,0.42857142857142855,0.0,0.42857142857142855,0.42857142857142855,0.8571428571428571,0.7142857142857143,0.0,0.0,0.5714285714285714,0.42857142857142855,52.857142857142854,44.857142857142854,22.714285714285715,16.0,70.0
601,0.0,7,0.0,4.0,10.0,5.0,2.0,20.0,5.0,0.0,0.0,0.0,17.0,3.0,209.0,176.0,325.0,21.0,44.0,0.0,135.0,111.0,521.0,Brett Emerton,2,2006,2010,6,0.0,1.2092130518234165,0.0,1.727447216890595,0.8637236084452975,0.345489443378119,0.8637236084452975,0.0,0.0,2.9366602687140118,0.5182341650671786,36.103646833013435,30.403071017274474,23.320537428023034,19.174664107485604,56.14203454894434
607,0.0,1,1.0,0.0,0.0,0.0,4.0,7.0,0.0,0.0,0.0,0.0,0.0,0.0,180.0,130.0,265.0,19.0,24.0,0.0,72.0,34.0,540.0,Teboho Aaron Mokoena,2,2002,2010,6,0.0,0.16666666666666666,0.16666666666666666,0.0,0.0,0.6666666666666666,0.0,0.0,0.0,0.0,0.0,30.0,21.666666666666668,12.0,5.666666666666667,44.166666666666664
619,0.0,0,0.0,0.0,1.0,1.0,3.0,2.0,0.0,0.0,0.0,0.0,0.0,0.0,97.0,76.0,131.0,9.0,9.0,0.0,41.0,21.0,270.0,Ryan William Nelsen,1,2010,2010,3,0.0,0.0,0.0,0.3333333333333333,0.3333333333333333,1.0,0.0,0.0,0.0,0.0,0.0,32.333333333333336,25.333333333333332,13.666666666666666,7.0,43.666666666666664
663,0.0,6,0.0,4.0,3.0,2.0,4.0,6.0,6.0,0.0,0.0,1.0,7.0,2.0,206.0,156.0,345.0,36.0,21.0,0.0,103.0,64.0,570.0,Carlos Bocanegra,2,2006,2010,6,0.0,0.9473684210526316,0.0,0.4736842105263158,0.31578947368421056,0.6315789473684211,0.9473684210526316,0.0,0.0,1.105263157894737,0.31578947368421056,32.526315789473685,24.63157894736842,16.263157894736842,10.105263157894738,54.473684210526315
668,3.0,15,9.0,4.0,9.0,1.0,23.0,9.0,17.0,0.0,0.0,1.0,10.0,2.0,272.0,156.0,419.0,100.0,114.0,1.0,219.0,112.0,812.0,Brian McBride,3,1998,2006,10,0.33251231527093594,1.6625615763546797,0.9975369458128079,0.9975369458128079,0.11083743842364532,2.5492610837438425,1.8842364532019704,0.0,0.0,1.1083743842364533,0.22167487684729065,30.147783251231527,17.29064039408867,24.273399014778324,12.413793103448276,46.44088669950739
674,3.0,12,6.0,4.0,6.0,2.0,8.0,11.0,3.0,0.0,0.0,0.0,1.0,1.0,154.0,114.0,247.0,42.0,37.0,0.0,107.0,70.0,468.0,Papa Bouba Diop,1,2002,2002,5,0.5769230769230769,2.3076923076923075,1.1538461538461537,1.1538461538461537,0.3846153846153846,1.5384615384615383,0.5769230769230769,0.0,0.0,0.1923076923076923,0.1923076923076923,29.615384615384613,21.923076923076923,20.576923076923077,13.461538461538462,47.5
697,0.0,0,0.0,0.0,0.0,0.0,4.0,6.0,2.0,0.0,0.0,0.0,11.0,3.0,190.0,147.0,280.0,18.0,19.0,0.0,102.0,65.0,345.0,Steve Finnan,1,2002,2002,4,0.0,0.0,0.0,0.0,0.0,1.0434782608695652,0.5217391304347826,0.0,0.0,2.869565217391304,0.7826086956521738,49.565217391304344,38.34782608695652,26.60869565217391,16.956521739130434,73.04347826086956
701,3.0,21,8.0,12.0,11.0,6.0,8.0,7.0,18.0,1.0,4.0,1.0,53.0,15.0,539.0,430.0,759.0,41.0,38.0,0.0,369.0,277.0,967.0,Steven Gerrard,3,2006,2014,12,0.27921406411582217,1.954498448810755,0.7445708376421925,1.0237849017580145,0.5584281282316443,0.7445708376421925,1.675284384694933,0.09307135470527406,0.3722854188210962,4.932781799379525,1.3960703205791107,50.16546018614272,40.020682523267844,34.343329886246124,25.78076525336091,70.641158221303
708,2.0,21,5.0,11.0,5.0,4.0,15.0,23.0,16.0,0.0,0.0,2.0,13.0,2.0,885.0,768.0,1063.0,55.0,51.0,1.0,564.0,469.0,1019.0,Xabi Alonso,3,2006,2014,13,0.17664376840039253,1.8547595682041216,0.44160942100098133,0.44160942100098133,0.35328753680078506,1.324828263002944,1.4131501472031402,0.0,0.0,1.1481844946025515,0.17664376840039253,78.16486751717369,67.83120706575073,49.813542688910694,41.42296368989205,93.88616290480863
710,0.0,19,3.0,7.0,19.0,10.0,20.0,30.0,7.0,0.0,0.0,1.0,19.0,4.0,458.0,380.0,687.0,93.0,78.0,1.0,244.0,186.0,839.0,Dietmar Hamann,2,1998,2002,11,0.0,2.038140643623361,0.3218116805721096,2.038140643623361,1.072705601907032,2.145411203814064,0.7508939213349225,0.0,0.0,2.038140643623361,0.4290822407628128,49.12991656734207,40.76281287246722,26.174016686531584,19.952324195470798,73.69487485101311
714,5.0,19,13.0,5.0,10.0,4.0,9.0,8.0,4.0,0.0,0.0,6.0,2.0,0.0,153.0,106.0,243.0,52.0,45.0,3.0,101.0,64.0,464.0,Fernando Morientes,2,1998,2002,7,0.9698275862068965,3.685344827586207,2.521551724137931,1.939655172413793,0.7758620689655172,1.7456896551724137,0.7758620689655172,0.0,0.0,0.3879310344827586,0.0,29.676724137931032,20.560344827586206,19.59051724137931,12.413793103448276,47.13362068965517
723,0.0,1,1.0,0.0,2.0,0.0,2.0,5.0,3.0,0.0,0.0,0.0,3.0,0.0,144.0,124.0,209.0,13.0,18.0,0.0,52.0,37.0,297.0,Jamie Carragher,2,2006,2010,6,0.0,0.30303030303030304,0.30303030303030304,0.6060606060606061,0.0,0.6060606060606061,0.9090909090909092,0.0,0.0,0.9090909090909092,0.0,43.63636363636364,37.57575757575758,15.757575757575758,11.212121212121213,63.333333333333336
743,0.0,11,3.0,7.0,45.0,28.0,23.0,8.0,9.0,1.0,1.0,1.0,13.0,3.0,147.0,104.0,322.0,64.0,63.0,0.0,120.0,80.0,468.0,El-Hadji Diouf,1,2002,2002,5,0.0,2.1153846153846154,0.5769230769230769,8.653846153846153,5.384615384615384,4.423076923076923,1.7307692307692306,0.1923076923076923,0.1923076923076923,2.5,0.5769230769230769,28.269230769230766,20.0,23.076923076923077,15.384615384615383,61.92307692307692
745,0.0,0,0.0,0.0,3.0,1.0,7.0,7.0,1.0,0.0,0.0,0.0,6.0,0.0,172.0,128.0,298.0,18.0,18.0,0.0,97.0,60.0,510.0,Gary Neville,2,1998,2006,5,0.0,0.0,0.0,0.5294117647058824,0.1764705882352941,1.2352941176470587,0.1764705882352941,0.0,0.0,1.0588235294117647,0.0,30.352941176470587,22.588235294117645,17.11764705882353,10.588235294117647,52.588235294117645
748,1.0,3,1.0,1.0,0.0,0.0,5.0,9.0,1.0,0.0,0.0,0.0,0.0,0.0,368.0,302.0,501.0,32.0,26.0,0.0,124.0,70.0,896.0,Rio Ferdinand,2,2002,2006,10,0.10044642857142858,0.3013392857142857,0.10044642857142858,0.0,0.0,0.5022321428571428,0.10044642857142858,0.0,0.0,0.0,0.0,36.964285714285715,30.334821428571427,12.455357142857142,7.03125,50.323660714285715
750,11.0,121,46.0,42.0,84.0,37.0,65.0,17.0,28.0,2.0,5.0,12.0,41.0,4.0,679.0,566.0,1181.0,138.0,137.0,5.0,509.0,412.0,2206.0,Cristiano Ronaldo,6,2006,2026,27,0.44877606527651853,4.936536718041704,1.8766999093381684,3.42701722574796,1.5095194922937443,2.6518585675430644,1.1423390752493199,0.08159564823209428,0.20398912058023572,1.6727107887579329,0.16319129646418856,27.70172257479601,23.091568449682683,20.766092475067996,16.80870353581142,48.18223028105167
751,1.0,32,10.0,13.0,31.0,13.0,12.0,10.0,19.0,1.0,2.0,5.0,16.0,4.0,249.0,181.0,427.0,42.0,75.0,2.0,186.0,126.0,789.0,Wayne Rooney,3,2006,2014,11,0.11406844106463877,3.6501901140684407,1.1406844106463878,3.536121673003802,1.482889733840304,1.3688212927756653,2.1673003802281365,0.11406844106463877,0.22813688212927755,1.8250950570342204,0.4562737642585551,28.403041825095055,20.646387832699617,21.216730038022813,14.372623574144486,48.70722433460075
761,1.0,17,8.0,5.0,28.0,18.0,12.0,11.0,12.0,1.0,1.0,3.0,4.0,1.0,354.0,311.0,498.0,47.0,50.0,1.0,212.0,181.0,742.0,Paul Scholes,2,1998,2002,9,0.12129380053908358,2.0619946091644206,0.9703504043126686,3.39622641509434,2.183288409703504,1.4555256064690028,1.4555256064690028,0.12129380053908358,0.12129380053908358,0.4851752021563343,0.12129380053908358,42.938005390835585,37.72237196765499,25.714285714285715,21.954177897574127,60.40431266846362
767,1.0,6,1.0,2.0,19.0,12.0,18.0,15.0,15.0,1.0,4.0,0.0,21.0,9.0,234.0,181.0,372.0,42.0,42.0,1.0,149.0,105.0,504.0,Quinton Fortune,2,1998,2002,6,0.17857142857142858,1.0714285714285714,0.17857142857142858,3.3928571428571432,2.142857142857143,3.2142857142857144,2.678571428571429,0.17857142857142858,0.7142857142857143,3.7500000000000004,1.6071428571428572,41.78571428571429,32.32142857142858,26.607142857142858,18.75,66.42857142857143
770,0.0,13,5.0,4.0,8.0,6.0,5.0,10.0,5.0,1.0,1.0,3.0,0.0,0.0,861.0,777.0,1031.0,77.0,34.0,0.0,389.0,333.0,1140.0,Gerard Piqué,3,2010,2018,12,0.0,1.0263157894736843,0.39473684210526316,0.6315789473684211,0.4736842105263158,0.39473684210526316,0.39473684210526316,0.07894736842105264,0.07894736842105264,0.0,0.0,67.97368421052632,61.3421052631579,30.710526315789476,26.289473684210527,81.39473684210526
800,0.0,1,0.0,0.0,5.0,4.0,2.0,9.0,4.0,0.0,0.0,0.0,8.0,1.0,229.0,191.0,342.0,24.0,18.0,0.0,129.0,96.0,426.0,Celestine Babayaro,2,1998,2002,5,0.0,0.2112676056338028,0.0,1.056338028169014,0.8450704225352113,0.4225352112676056,0.8450704225352113,0.0,0.0,1.6901408450704225,0.2112676056338028,48.38028169014085,40.352112676056336,27.253521126760564,20.281690140845072,72.25352112676056
804,0.0,0,0.0,0.0,5.0,3.0,4.0,7.0,2.0,0.0,0.0,0.0,2.0,0.0,160.0,137.0,233.0,22.0,11.0,0.0,93.0,74.0,327.0,Michael Reiziger,1,1998,1998,4,0.0,0.0,0.0,1.3761467889908257,0.8256880733944955,1.1009174311926606,0.5504587155963303,0.0,0.0,0.5504587155963303,0.0,44.03669724770642,37.706422018348626,25.59633027522936,20.36697247706422,64.12844036697248
833,0.0,14,6.0,4.0,7.0,1.0,3.0,14.0,5.0,0.0,1.0,2.0,3.0,0.0,86.0,55.0,163.0,22.0,46.0,0.0,69.0,39.0,360.0,Mark Viduka,1,2006,2006,4,0.0,3.5,1.5,1.75,0.25,0.75,1.25,0.0,0.25,0.75,0.0,21.5,13.75,17.25,9.75,40.75
854,1.0,2,1.0,0.0,12.0,7.0,13.0,18.0,5.0,0.0,1.0,0.0,7.0,1.0,292.0,233.0,457.0,53.0,51.0,0.0,154.0,111.0,724.0,Thomas Helveg,2,1998,2002,9,0.12430939226519337,0.24861878453038674,0.12430939226519337,1.4917127071823204,0.8701657458563536,1.6160220994475138,0.6215469613259669,0.0,0.12430939226519337,0.8701657458563536,0.12430939226519337,36.29834254143646,28.964088397790057,19.14364640883978,13.798342541436464,56.809392265193374
867,0.0,4,0.0,2.0,4.0,1.0,4.0,16.0,3.0,0.0,0.0,0.0,0.0,0.0,124.0,105.0,187.0,22.0,35.0,0.0,60.0,45.0,378.0,Aliou Cisse,1,2002,2002,4,0.0,0.9523809523809523,0.0,0.9523809523809523,0.23809523809523808,0.9523809523809523,0.7142857142857143,0.0,0.0,0.0,0.0,29.523809523809522,25.0,14.285714285714285,10.714285714285714,44.52380952380952
895,0.0,1,0.0,1.0,1.0,1.0,1.0,4.0,0.0,0.0,0.0,0.0,0.0,0.0,109.0,81.0,192.0,28.0,16.0,0.0,35.0,18.0,374.0,Andreas Jakobsson,1,2002,2002,4,0.0,0.24064171122994651,0.0,0.24064171122994651,0.24064171122994651,0.24064171122994651,0.0,0.0,0.0,0.0,0.0,26.229946524064168,19.49197860962567,8.422459893048128,4.331550802139037,46.203208556149725
896,0.0,3,0.0,3.0,13.0,8.0,3.0,3.0,6.0,1.0,2.0,0.0,24.0,5.0,135.0,103.0,260.0,24.0,17.0,0.0,79.0,56.0,341.0,Graeme Le Saux,1,1998,1998,4,0.0,0.7917888563049854,0.0,3.43108504398827,2.1114369501466275,0.7917888563049854,1.5835777126099708,0.26392961876832843,0.5278592375366569,6.334310850439883,1.3196480938416422,35.63049853372434,27.184750733137832,20.85043988269795,14.780058651026394,68.6217008797654
910,2.0,8,4.0,3.0,22.0,9.0,5.0,4.0,7.0,2.0,2.0,2.0,19.0,2.0,87.0,71.0,187.0,27.0,37.0,0.0,64.0,50.0,310.0,Henri Camara,1,2002,2002,4,0.5806451612903225,2.32258064516129,1.161290322580645,6.387096774193548,2.6129032258064515,1.4516129032258063,2.032258064516129,0.5806451612903225,0.5806451612903225,5.516129032258064,0.5806451612903225,25.258064516129032,20.612903225806452,18.58064516129032,14.516129032258064,54.29032258064516
917,1.0,15,4.0,10.0,11.0,8.0,5.0,13.0,5.0,0.0,1.0,2.0,1.0,0.0,133.0,100.0,208.0,52.0,44.0,0.0,107.0,76.0,338.0,Peter Crouch,2,2006,2010,6,0.26627218934911245,3.9940828402366866,1.0650887573964498,2.9289940828402368,2.1301775147928996,1.331360946745562,1.331360946745562,0.0,0.26627218934911245,0.26627218934911245,0.0,35.414201183431956,26.627218934911244,28.49112426035503,20.236686390532544,55.38461538461539
936,0.0,1,1.0,0.0,2.0,1.0,0.0,4.0,2.0,0.0,0.0,0.0,9.0,3.0,69.0,59.0,148.0,14.0,20.0,0.0,29.0,22.0,270.0,Reto Ziegler,1,2010,2010,3,0.0,0.3333333333333333,0.3333333333333333,0.6666666666666666,0.3333333333333333,0.0,0.6666666666666666,0.0,0.0,3.0,1.0,23.0,19.666666666666668,9.666666666666666,7.333333333333333,49.333333333333336
943,3.0,19,6.0,10.0,22.0,9.0,6.0,8.0,2.0,0.0,0.0,4.0,3.0,1.0,108.0,96.0,188.0,15.0,37.0,1.0,78.0,67.0,390.0,Robbie Keane,1,2002,2002,4,0.6923076923076924,4.384615384615385,1.3846153846153848,5.0769230769230775,2.076923076923077,1.3846153846153848,0.46153846153846156,0.0,0.0,0.6923076923076924,0.23076923076923078,24.923076923076923,22.153846153846157,18.0,15.461538461538463,43.38461538461539
989,0.0,4,2.0,1.0,10.0,4.0,7.0,11.0,2.0,0.0,1.0,1.0,18.0,3.0,89.0,70.0,166.0,18.0,33.0,0.0,56.0,43.0,270.0,Sibusiso Zuma,1,2002,2002,3,0.0,1.3333333333333333,0.6666666666666666,3.3333333333333335,1.3333333333333333,2.3333333333333335,0.6666666666666666,0.0,0.3333333333333333,6.0,1.0,29.666666666666668,23.333333333333332,18.666666666666668,14.333333333333334,55.333333333333336
1006,0.0,1,0.0,1.0,13.0,9.0,7.0,15.0,4.0,0.0,0.0,0.0,2.0,1.0,107.0,91.0,162.0,23.0,28.0,0.0,72.0,59.0,270.0,Abou Diaby,1,2010,2010,3,0.0,0.3333333333333333,0.0,4.333333333333333,3.0,2.3333333333333335,1.3333333333333333,0.0,0.0,0.6666666666666666,0.3333333333333333,35.666666666666664,30.333333333333332,24.0,19.666666666666668,54.0
1047,0.0,9,4.0,3.0,11.0,6.0,11.0,6.0,6.0,0.0,0.0,1.0,4.0,0.0,136.0,110.0,202.0,27.0,22.0,0.0,106.0,85.0,308.0,Nwankwo Kanu,3,1998,2010,6,0.0,2.62987012987013,1.168831168831169,3.2142857142857144,1.7532467532467533,3.2142857142857144,1.7532467532467533,0.0,0.0,1.168831168831169,0.0,39.740259740259745,32.142857142857146,30.974025974025974,24.837662337662337,59.02597402597403
1053,0.0,0,0.0,0.0,2.0,1.0,4.0,3.0,8.0,0.0,1.0,0.0,18.0,7.0,175.0,141.0,296.0,27.0,13.0,0.0,106.0,82.0,360.0,Bacary Sagna,2,2010,2014,4,0.0,0.0,0.0,0.5,0.25,1.0,2.0,0.0,0.25,4.5,1.75,43.75,35.25,26.5,20.5,74.0
1057,2.0,7,2.0,5.0,13.0,6.0,6.0,14.0,2.0,0.0,0.0,0.0,2.0,0.0,155.0,117.0,251.0,35.0,45.0,0.0,100.0,67.0,403.0,Junichi Inamoto,3,2002,2010,8,0.4466501240694789,1.563275434243176,0.4466501240694789,2.903225806451613,1.3399503722084367,1.3399503722084367,0.4466501240694789,0.0,0.0,0.4466501240694789,0.0,34.61538461538461,26.129032258064516,22.332506203473944,14.962779156327542,56.054590570719604
1068,0.0,9,2.0,6.0,7.0,6.0,2.0,10.0,4.0,0.0,0.0,0.0,3.0,0.0,139.0,123.0,198.0,22.0,14.0,0.0,64.0,50.0,288.0,Hassan Yebda,2,2010,2014,4,0.0,2.8125,0.625,2.1875,1.875,0.625,1.25,0.0,0.0,0.9375,0.0,43.4375,38.4375,20.0,15.625,61.875
1087,0.0,5,1.0,2.0,8.0,4.0,9.0,8.0,5.0,0.0,0.0,0.0,17.0,7.0,146.0,93.0,302.0,37.0,22.0,0.0,92.0,50.0,450.0,Danny Mills,1,2002,2002,5,0.0,1.0,0.2,1.6,0.8,1.8,1.0,0.0,0.0,3.4,1.4,29.2,18.6,18.4,10.0,60.4
1093,0.0,20,5.0,8.0,15.0,7.0,22.0,20.0,17.0,0.0,2.0,0.0,48.0,12.0,589.0,477.0,854.0,68.0,64.0,1.0,408.0,307.0,850.0,Claudio Reyna,3,1998,2006,10,0.0,2.1176470588235294,0.5294117647058824,1.588235294117647,0.7411764705882353,2.3294117647058825,1.8,0.0,0.21176470588235294,5.08235294117647,1.2705882352941176,62.364705882352936,50.50588235294118,43.199999999999996,32.50588235294118,90.4235294117647
1111,0.0,5,1.0,2.0,9.0,4.0,8.0,4.0,1.0,0.0,0.0,1.0,6.0,0.0,119.0,95.0,176.0,21.0,19.0,0.0,78.0,59.0,307.0,Trevor Sinclair,1,2002,2002,4,0.0,1.4657980456026058,0.2931596091205212,2.638436482084691,1.1726384364820848,2.3452768729641695,0.2931596091205212,0.0,0.0,1.7589576547231272,0.0,34.88599348534202,27.850162866449512,22.866449511400653,17.29641693811075,51.59609120521173
1143,0.0,4,0.0,4.0,6.0,5.0,3.0,7.0,3.0,1.0,1.0,0.0,6.0,2.0,264.0,214.0,425.0,43.0,22.0,1.0,88.0,53.0,826.0,Joseph Yobo,3,2002,2014,10,0.0,0.43583535108958843,0.0,0.6537530266343826,0.5447941888619855,0.3268765133171913,0.3268765133171913,0.10895883777239711,0.10895883777239711,0.6537530266343826,0.21791767554479421,28.765133171912836,23.31719128329298,9.588377723970945,5.774818401937046,46.30750605326877
1156,0.0,5,2.0,3.0,12.0,6.0,10.0,8.0,4.0,1.0,2.0,2.0,21.0,3.0,167.0,135.0,284.0,34.0,42.0,0.0,98.0,68.0,390.0,Kevin Kilbane,1,2002,2002,4,0.0,1.153846153846154,0.46153846153846156,2.7692307692307696,1.3846153846153848,2.307692307692308,0.9230769230769231,0.23076923076923078,0.46153846153846156,4.846153846153847,0.6923076923076924,38.53846153846154,31.153846153846157,22.615384615384617,15.692307692307693,65.53846153846155
1158,5.0,24,8.0,12.0,8.0,1.0,12.0,29.0,9.0,1.0,1.0,1.0,9.0,0.0,191.0,149.0,305.0,50.0,71.0,0.0,139.0,101.0,614.0,Tim Cahill,4,2006,2018,9,0.7328990228013029,3.5179153094462543,1.1726384364820848,1.1726384364820848,0.1465798045602606,1.7589576547231272,1.3192182410423454,0.1465798045602606,0.1465798045602606,1.3192182410423454,0.0,27.996742671009773,21.84039087947883,20.37459283387622,14.80456026058632,44.70684039087948
1196,0.0,5,0.0,5.0,3.0,2.0,5.0,11.0,2.0,0.0,1.0,1.0,1.0,0.0,385.0,334.0,538.0,45.0,38.0,1.0,122.0,86.0,930.0,Ricardo Carvalho,2,2006,2010,10,0.0,0.48387096774193544,0.0,0.29032258064516125,0.1935483870967742,0.48387096774193544,0.1935483870967742,0.0,0.0967741935483871,0.0967741935483871,0.0,37.25806451612903,32.32258064516129,11.806451612903226,8.32258064516129,52.064516129032256
1204,0.0,5,2.0,3.0,12.0,5.0,7.0,12.0,8.0,1.0,1.0,0.0,20.0,2.0,288.0,233.0,473.0,38.0,35.0,0.0,173.0,132.0,537.0,Glen Johnson,2,2010,2014,6,0.0,0.8379888268156425,0.33519553072625696,2.011173184357542,0.8379888268156425,1.1731843575418994,1.3407821229050279,0.16759776536312848,0.16759776536312848,3.35195530726257,0.33519553072625696,48.26815642458101,39.05027932960894,28.994413407821227,22.122905027932962,79.27374301675978
1205,0.0,6,1.0,2.0,1.0,0.0,16.0,12.0,5.0,0.0,0.0,0.0,0.0,0.0,437.0,380.0,581.0,60.0,34.0,0.0,152.0,111.0,840.0,John Terry,2,2006,2010,9,0.0,0.6428571428571428,0.10714285714285714,0.10714285714285714,0.0,1.7142857142857142,0.5357142857142857,0.0,0.0,0.0,0.0,46.82142857142857,40.71428571428571,16.285714285714285,11.892857142857142,62.24999999999999
1208,1.0,14,3.0,5.0,16.0,11.0,20.0,11.0,10.0,1.0,2.0,0.0,19.0,5.0,198.0,164.0,312.0,44.0,27.0,0.0,147.0,119.0,450.0,Joe Cole,3,2002,2010,8,0.2,2.8,0.6,3.2,2.2,4.0,2.0,0.2,0.4,3.8,1.0,39.6,32.8,29.4,23.8,62.4
1212,0.0,5,2.0,2.0,13.0,6.0,8.0,6.0,14.0,1.0,4.0,1.0,67.0,17.0,290.0,252.0,477.0,29.0,34.0,0.0,179.0,145.0,465.0,Geremi,2,2002,2010,6,0.0,0.9677419354838709,0.3870967741935484,2.5161290322580645,1.161290322580645,1.5483870967741935,2.7096774193548385,0.1935483870967742,0.7741935483870968,12.96774193548387,3.290322580645161,56.12903225806451,48.774193548387096,34.64516129032258,28.064516129032256,92.32258064516128
1216,0.0,41,17.0,18.0,19.0,9.0,16.0,9.0,14.0,0.0,1.0,2.0,17.0,7.0,577.0,471.0,756.0,60.0,47.0,2.0,325.0,236.0,930.0,Frank Lampard,3,2006,2014,10,0.0,3.9677419354838706,1.6451612903225805,1.8387096774193548,0.8709677419354839,1.5483870967741935,1.3548387096774193,0.0,0.0967741935483871,1.6451612903225805,0.6774193548387096,55.83870967741935,45.58064516129032,31.451612903225804,22.838709677419352,73.16129032258064
1217,0.0,3,0.0,2.0,12.0,7.0,11.0,19.0,6.0,0.0,0.0,0.0,3.0,1.0,470.0,411.0,585.0,39.0,43.0,0.0,273.0,231.0,750.0,Claude Makélélé,2,2002,2006,8,0.0,0.36,0.0,1.44,0.84,1.3199999999999998,0.72,0.0,0.0,0.36,0.12,56.4,49.31999999999999,32.76,27.72,70.19999999999999
1221,2.0,14,6.0,6.0,7.0,3.0,17.0,13.0,6.0,1.0,2.0,1.0,6.0,1.0,301.0,252.0,416.0,56.0,43.0,0.0,169.0,131.0,561.0,Tiago Mendes,2,2006,2010,9,0.32085561497326204,2.2459893048128343,0.9625668449197861,1.1229946524064172,0.48128342245989303,2.727272727272727,0.9625668449197861,0.16042780748663102,0.32085561497326204,0.9625668449197861,0.16042780748663102,48.288770053475936,40.42780748663102,27.112299465240643,21.016042780748663,66.7379679144385
1222,2.0,22,4.0,11.0,12.0,5.0,16.0,16.0,8.0,0.0,1.0,4.0,6.0,3.0,114.0,68.0,235.0,48.0,53.0,1.0,95.0,50.0,520.0,Didier Drogba,3,2006,2014,8,0.34615384615384615,3.807692307692308,0.6923076923076923,2.076923076923077,0.8653846153846154,2.769230769230769,1.3846153846153846,0.0,0.17307692307692307,1.0384615384615385,0.5192307692307693,19.73076923076923,11.76923076923077,16.442307692307693,8.653846153846153,40.67307692307693
1240,0.0,33,7.0,22.0,68.0,39.0,16.0,7.0,14.0,0.0,2.0,1.0,25.0,11.0,437.0,348.0,687.0,73.0,74.0,1.0,304.0,227.0,684.0,Jay Jay Okocha,3,1994,2002,9,0.0,4.342105263157895,0.9210526315789475,8.947368421052632,5.131578947368421,2.1052631578947367,1.842105263157895,0.0,0.2631578947368421,3.2894736842105265,1.4473684210526316,57.5,45.78947368421053,40.0,29.86842105263158,90.39473684210527
1242,0.0,4,0.0,3.0,22.0,12.0,4.0,4.0,4.0,1.0,1.0,0.0,5.0,2.0,134.0,115.0,214.0,22.0,23.0,0.0,54.0,40.0,270.0,Ricardo Wayne Gardner,1,1998,1998,3,0.0,1.3333333333333333,0.0,7.333333333333333,4.0,1.3333333333333333,1.3333333333333333,0.3333333333333333,0.3333333333333333,1.6666666666666667,0.6666666666666666,44.666666666666664,38.333333333333336,18.0,13.333333333333334,71.33333333333333
1246,1.0,1,1.0,0.0,3.0,0.0,6.0,12.0,2.0,0.0,0.0,0.0,1.0,1.0,185.0,149.0,308.0,53.0,35.0,0.0,63.0,40.0,540.0,Radhi Jaidi,2,2002,2006,6,0.16666666666666666,0.16666666666666666,0.16666666666666666,0.5,0.0,1.0,0.3333333333333333,0.0,0.0,0.16666666666666666,0.16666666666666666,30.833333333333332,24.833333333333332,10.5,6.666666666666667,51.333333333333336
1264,1.0,8,3.0,4.0,19.0,13.0,14.0,5.0,11.0,1.0,2.0,0.0,32.0,7.0,129.0,89.0,261.0,37.0,22.0,1.0,84.0,52.0,364.0,Khalilou Fadiga,1,2002,2002,4,0.24725274725274726,1.978021978021978,0.7417582417582418,4.697802197802198,3.2142857142857144,3.4615384615384617,2.71978021978022,0.24725274725274726,0.4945054945054945,7.912087912087912,1.7307692307692308,31.895604395604398,22.005494505494507,20.76923076923077,12.857142857142858,64.53296703296704
1274,0.0,1,1.0,0.0,2.0,1.0,0.0,2.0,0.0,0.0,0.0,0.0,2.0,1.0,148.0,123.0,222.0,10.0,7.0,0.0,63.0,48.0,270.0,Mark Fish,1,1998,1998,3,0.0,0.3333333333333333,0.3333333333333333,0.6666666666666666,0.3333333333333333,0.0,0.0,0.0,0.0,0.6666666666666666,0.3333333333333333,49.333333333333336,41.0,21.0,16.0,74.0
1275,0.0,0,0.0,0.0,8.0,1.0,1.0,10.0,1.0,0.0,0.0,0.0,0.0,0.0,136.0,108.0,195.0,9.0,24.0,0.0,66.0,51.0,270.0,Radostin Kishishev,1,1998,1998,3,0.0,0.0,0.0,2.6666666666666665,0.3333333333333333,0.3333333333333333,0.3333333333333333,0.0,0.0,0.0,0.0,45.333333333333336,36.0,22.0,17.0,65.0
1367,5.0,53,15.0,26.0,19.0,8.0,28.0,16.0,19.0,2.0,4.0,6.0,20.0,2.0,411.0,322.0,670.0,68.0,76.0,0.0,325.0,246.0,1220.0,Lukas Podolski,3,2006,2014,15,0.36885245901639346,3.9098360655737707,1.1065573770491803,1.4016393442622952,0.5901639344262295,2.0655737704918034,1.4016393442622952,0.14754098360655737,0.29508196721311475,1.4754098360655739,0.14754098360655737,30.31967213114754,23.75409836065574,23.975409836065573,18.147540983606557,49.42622950819672
1476,0.0,9,2.0,4.0,6.0,3.0,2.0,5.0,3.0,0.0,1.0,0.0,28.0,5.0,139.0,86.0,264.0,17.0,25.0,0.0,90.0,52.0,420.0,Du-Ri Cha,2,2002,2010,7,0.0,1.9285714285714284,0.42857142857142855,1.2857142857142856,0.6428571428571428,0.42857142857142855,0.6428571428571428,0.0,0.21428571428571427,6.0,1.0714285714285714,29.785714285714285,18.428571428571427,19.285714285714285,11.142857142857142,56.57142857142857
1477,1.0,11,3.0,4.0,8.0,4.0,11.0,8.0,5.0,1.0,2.0,0.0,4.0,1.0,149.0,104.0,238.0,42.0,32.0,0.0,104.0,75.0,390.0,Jermaine Jones,1,2014,2014,4,0.23076923076923078,2.5384615384615388,0.6923076923076924,1.8461538461538463,0.9230769230769231,2.5384615384615388,1.153846153846154,0.23076923076923078,0.46153846153846156,0.9230769230769231,0.23076923076923078,34.38461538461539,24.0,24.0,17.30769230769231,54.92307692307693
1602,0.0,1,0.0,0.0,5.0,4.0,2.0,6.0,2.0,0.0,0.0,0.0,3.0,1.0,161.0,117.0,238.0,20.0,12.0,0.0,87.0,60.0,270.0,Bradley Carnell,1,2002,2002,3,0.0,0.3333333333333333,0.0,1.6666666666666667,1.3333333333333333,0.6666666666666666,0.6666666666666666,0.0,0.0,1.0,0.3333333333333333,53.666666666666664,39.0,29.0,20.0,79.33333333333333
1748,0.0,6,2.0,4.0,57.0,29.0,18.0,9.0,6.0,2.0,2.0,0.0,15.0,5.0,194.0,160.0,368.0,56.0,65.0,1.0,166.0,135.0,375.0,Denílson,2,1998,2002,12,0.0,1.44,0.48,13.68,6.959999999999999,4.319999999999999,1.44,0.48,0.48,3.5999999999999996,1.2,46.559999999999995,38.4,39.839999999999996,32.4,88.32
1749,0.0,12,4.0,5.0,25.0,12.0,12.0,6.0,11.0,1.0,6.0,0.0,22.0,5.0,170.0,137.0,286.0,32.0,41.0,0.0,123.0,96.0,370.0,Joaquín,2,2002,2006,5,0.0,2.9189189189189193,0.972972972972973,6.081081081081082,2.9189189189189193,2.9189189189189193,2.675675675675676,0.24324324324324326,1.4594594594594597,5.351351351351352,1.2162162162162162,41.351351351351354,33.32432432432433,29.918918918918923,23.351351351351354,69.56756756756758
1753,0.0,16,6.0,5.0,57.0,25.0,16.0,45.0,20.0,4.0,6.0,2.0,81.0,19.0,876.0,717.0,1437.0,113.0,130.0,0.0,478.0,360.0,1637.0,Cafú,4,1994,2006,20,0.0,0.8796579108124618,0.3298717165546732,3.133781307269395,1.3744654856444716,0.8796579108124618,1.0995723885155773,0.21991447770311545,0.3298717165546732,4.4532681734880875,1.0445937690897984,48.16127061698228,39.41967012828344,26.279780085522294,19.79230299328039,79.00427611484422
1754,0.0,0,0.0,0.0,1.0,1.0,9.0,12.0,2.0,0.0,0.0,0.0,1.0,0.0,595.0,513.0,787.0,53.0,35.0,0.0,212.0,151.0,1050.0,Alessandro Costacurta,2,1994,1998,11,0.0,0.0,0.0,0.08571428571428572,0.08571428571428572,0.7714285714285715,0.17142857142857143,0.0,0.0,0.08571428571428572,0.0,51.0,43.971428571428575,18.17142857142857,12.942857142857143,67.45714285714286
1756,0.0,12,0.0,11.0,38.0,18.0,43.0,37.0,11.0,0.0,0.0,1.0,38.0,8.0,910.0,717.0,1520.0,200.0,116.0,0.0,460.0,325.0,2216.0,Paolo Maldini,4,1990,2002,23,0.0,0.48736462093862815,0.0,1.5433212996389891,0.7310469314079422,1.7463898916967509,0.4467509025270758,0.0,0.0,1.5433212996389891,0.3249097472924188,36.958483754512635,29.12003610108303,18.68231046931408,13.199458483754512,61.73285198555956
1757,0.0,1,0.0,1.0,2.0,2.0,7.0,8.0,3.0,0.0,0.0,0.0,2.0,1.0,230.0,175.0,360.0,57.0,28.0,0.0,82.0,51.0,585.0,Alessandro Nesta,3,1998,2006,9,0.0,0.15384615384615385,0.0,0.3076923076923077,0.3076923076923077,1.0769230769230769,0.46153846153846156,0.0,0.0,0.3076923076923077,0.15384615384615385,35.38461538461539,26.923076923076923,12.615384615384615,7.846153846153846,55.38461538461539
1759,0.0,0,0.0,0.0,6.0,4.0,5.0,21.0,2.0,0.0,0.0,0.0,2.0,0.0,260.0,202.0,397.0,46.0,47.0,0.0,123.0,83.0,851.0,Dario Šimić,3,1998,2006,11,0.0,0.0,0.0,0.6345475910693302,0.42303172737955347,0.5287896592244419,0.21151586368977673,0.0,0.0,0.21151586368977673,0.0,27.497062279670974,21.36310223266745,13.008225616921269,8.777908343125734,41.98589894242068
1760,0.0,5,1.0,4.0,3.0,2.0,4.0,15.0,1.0,0.0,0.0,0.0,0.0,0.0,375.0,342.0,489.0,60.0,32.0,0.0,153.0,127.0,660.0,Jaap Stam,1,1998,1998,7,0.0,0.6818181818181819,0.13636363636363638,0.4090909090909091,0.27272727272727276,0.5454545454545455,0.13636363636363638,0.0,0.0,0.0,0.0,51.13636363636364,46.63636363636364,20.863636363636363,17.31818181818182,66.68181818181819
1764,0.0,5,1.0,3.0,12.0,7.0,23.0,17.0,3.0,0.0,0.0,1.0,1.0,0.0,413.0,358.0,600.0,93.0,60.0,0.0,199.0,164.0,673.0,Gennaro Gattuso,3,2002,2010,9,0.0,0.6686478454680534,0.1337295690936107,1.6047548291233285,0.9361069836552749,3.0757800891530462,0.4011887072808321,0.0,0.0,0.1337295690936107,0.0,55.23031203566122,47.87518573551263,26.61218424962853,21.931649331352155,80.23774145616642
1765,1.0,13,5.0,6.0,16.0,8.0,25.0,9.0,28.0,3.0,3.0,0.0,40.0,10.0,851.0,742.0,1052.0,58.0,39.0,2.0,438.0,352.0,972.0,Andrea Pirlo,3,2006,2014,11,0.09259259259259259,1.2037037037037037,0.4629629629629629,1.4814814814814814,0.7407407407407407,2.314814814814815,2.5925925925925926,0.27777777777777773,0.27777777777777773,3.7037037037037033,0.9259259259259258,78.79629629629629,68.7037037037037,40.55555555555555,32.59259259259259,97.4074074074074
1768,4.0,11,6.0,4.0,3.0,3.0,4.0,8.0,5.0,1.0,2.0,2.0,4.0,0.0,80.0,57.0,133.0,11.0,23.0,0.0,59.0,41.0,430.0,Hernán Crespo,3,1998,2006,8,0.8372093023255814,2.302325581395349,1.255813953488372,0.627906976744186,0.627906976744186,0.8372093023255814,1.0465116279069768,0.20930232558139536,0.4186046511627907,0.8372093023255814,0.0,16.74418604651163,11.930232558139535,12.348837209302326,8.58139534883721,27.837209302325583
1770,1.0,19,5.0,9.0,33.0,17.0,30.0,14.0,21.0,4.0,4.0,1.0,11.0,0.0,363.0,301.0,564.0,68.0,69.0,1.0,292.0,240.0,768.0,Kaká,3,2002,2010,10,0.1171875,2.2265625,0.5859375,3.8671875,1.9921875,3.515625,2.4609375,0.46875,0.46875,1.2890625,0.0,42.5390625,35.2734375,34.21875,28.125,66.09375
1773,5.0,15,11.0,3.0,0.0,0.0,7.0,7.0,7.0,0.0,1.0,4.0,1.0,0.0,155.0,132.0,212.0,10.0,28.0,0.0,107.0,86.0,536.0,Jon Dahl Tomasson,2,2002,2010,6,0.8395522388059701,2.5186567164179103,1.8470149253731343,0.0,0.0,1.1753731343283582,1.1753731343283582,0.0,0.16791044776119401,0.16791044776119401,0.0,26.026119402985074,22.16417910447761,17.96641791044776,14.440298507462686,35.59701492537313
1775,1.0,33,12.0,9.0,17.0,6.0,34.0,17.0,29.0,6.0,10.0,2.0,60.0,14.0,402.0,287.0,633.0,47.0,60.0,1.0,287.0,187.0,799.0,Francesco Totti,2,2002,2006,11,0.11264080100125155,3.7171464330413015,1.3516896120150188,1.9148936170212765,0.6758448060075094,3.829787234042553,3.266583229036295,0.6758448060075094,1.1264080100125156,6.758448060075094,1.5769712140175218,45.28160200250313,32.3279098873592,32.3279098873592,21.06382978723404,71.30162703379224
1780,1.0,6,2.0,2.0,6.0,6.0,6.0,6.0,9.0,1.0,1.0,0.0,4.0,0.0,522.0,448.0,624.0,28.0,18.0,0.0,274.0,213.0,627.0,Daniele De Rossi,3,2006,2014,8,0.14354066985645933,0.8612440191387559,0.28708133971291866,0.8612440191387559,0.8612440191387559,0.8612440191387559,1.291866028708134,0.14354066985645933,0.14354066985645933,0.5741626794258373,0.0,74.92822966507177,64.30622009569377,39.33014354066986,30.574162679425836,89.56937799043062
1782,0.0,3,2.0,0.0,8.0,3.0,5.0,11.0,5.0,0.0,1.0,1.0,2.0,1.0,131.0,98.0,220.0,32.0,41.0,0.0,72.0,46.0,386.0,Damiano Tommasi,1,2002,2002,4,0.0,0.6994818652849741,0.46632124352331605,1.8652849740932642,0.6994818652849741,1.1658031088082903,1.1658031088082903,0.0,0.23316062176165803,0.46632124352331605,0.23316062176165803,30.544041450777204,22.849740932642487,16.787564766839377,10.72538860103627,51.29533678756477
1783,0.0,11,3.0,4.0,13.0,6.0,3.0,4.0,9.0,1.0,3.0,2.0,16.0,3.0,179.0,128.0,303.0,20.0,24.0,0.0,112.0,79.0,615.0,Simone Perrotta,1,2006,2006,7,0.0,1.6097560975609757,0.43902439024390244,1.902439024390244,0.8780487804878049,0.43902439024390244,1.3170731707317074,0.14634146341463417,0.43902439024390244,2.3414634146341466,0.43902439024390244,26.195121951219512,18.731707317073173,16.390243902439025,11.560975609756099,44.34146341463415
1786,0.0,1,0.0,1.0,7.0,3.0,7.0,3.0,6.0,0.0,0.0,0.0,22.0,3.0,115.0,74.0,246.0,25.0,19.0,0.0,73.0,38.0,359.0,Christian Panucci,1,2002,2002,4,0.0,0.25069637883008355,0.0,1.7548746518105849,0.7520891364902507,1.7548746518105849,1.5041782729805013,0.0,0.0,5.515320334261839,0.7520891364902507,28.83008356545961,18.551532033426184,18.3008356545961,9.526462395543176,61.67130919220055
1879,0.0,4,2.0,1.0,3.0,2.0,19.0,15.0,1.0,0.0,0.0,1.0,0.0,0.0,424.0,362.0,558.0,58.0,26.0,0.0,193.0,146.0,887.0,Nigel de Jong,2,2010,2014,11,0.0,0.4058624577226606,0.2029312288613303,0.30439684329199546,0.2029312288613303,1.927846674182638,0.10146561443066515,0.0,0.0,0.0,0.0,43.02142051860203,36.73055242390079,19.582863585118375,14.813979706877113,56.61781285231116
1889,0.0,2,1.0,0.0,10.0,8.0,3.0,1.0,1.0,0.0,0.0,0.0,2.0,1.0,97.0,80.0,176.0,25.0,13.0,0.0,36.0,25.0,321.0,Gilberto Martínez,2,2002,2006,4,0.0,0.5607476635514018,0.2803738317757009,2.803738317757009,2.2429906542056073,0.8411214953271028,0.2803738317757009,0.0,0.0,0.5607476635514018,0.2803738317757009,27.19626168224299,22.429906542056074,10.093457943925234,7.009345794392523,49.34579439252336
1890,0.0,1,0.0,1.0,0.0,0.0,9.0,15.0,2.0,0.0,0.0,0.0,1.0,0.0,355.0,304.0,486.0,44.0,39.0,0.0,118.0,80.0,807.0,Johnny Heitinga,2,2006,2010,10,0.0,0.11152416356877323,0.0,0.0,0.0,1.003717472118959,0.22304832713754646,0.0,0.0,0.11152416356877323,0.0,39.5910780669145,33.90334572490706,13.159851301115241,8.921933085501859,54.20074349442379
1901,0.0,12,4.0,5.0,9.0,7.0,1.0,9.0,11.0,0.0,1.0,0.0,37.0,10.0,246.0,186.0,438.0,34.0,29.0,0.0,156.0,110.0,534.0,Pierre Womé,2,1998,2002,6,0.0,2.0224719101123596,0.6741573033707865,1.5168539325842696,1.1797752808988764,0.16853932584269662,1.8539325842696628,0.0,0.16853932584269662,6.235955056179775,1.6853932584269662,41.460674157303366,31.34831460674157,26.29213483146067,18.539325842696627,73.82022471910112
1902,1.0,8,1.0,3.0,9.0,4.0,3.0,16.0,4.0,1.0,2.0,0.0,1.0,0.0,299.0,222.0,402.0,25.0,42.0,0.0,180.0,110.0,492.0,Luigi Di Biagio,2,1998,2002,6,0.18292682926829268,1.4634146341463414,0.18292682926829268,1.646341463414634,0.7317073170731707,0.5487804878048781,0.7317073170731707,0.18292682926829268,0.36585365853658536,0.18292682926829268,0.0,54.69512195121951,40.609756097560975,32.926829268292686,20.121951219512194,73.53658536585365
1934,6.0,55,18.0,21.0,21.0,10.0,19.0,25.0,26.0,2.0,8.0,3.0,63.0,12.0,791.0,640.0,1090.0,47.0,73.0,3.0,533.0,407.0,1553.0,Wesley Sneijder,3,2006,2014,17,0.3477141017385705,3.187379265936896,1.0431423052157114,1.2169993560849968,0.5795235028976174,1.1010946555054733,1.5067611075338054,0.1159047005795235,0.463618802318094,3.65099806825499,0.695428203477141,45.840309079201546,37.08950418544752,30.888602704443013,23.586606567933032,63.1680618158403
1948,0.0,2,1.0,1.0,25.0,17.0,11.0,14.0,3.0,0.0,0.0,0.0,13.0,0.0,236.0,192.0,480.0,50.0,42.0,0.0,127.0,94.0,619.0,Hatem Trabelsi,3,1998,2006,7,0.0,0.29079159935379645,0.14539579967689822,3.6348949919224554,2.47172859450727,1.5993537964458804,0.43618739903069464,0.0,0.0,1.8901453957996768,0.0,34.313408723747976,27.915993537964457,18.46526655896607,13.667205169628431,69.78998384491115
1951,0.0,17,8.0,5.0,10.0,6.0,14.0,10.0,6.0,1.0,2.0,0.0,18.0,4.0,178.0,150.0,287.0,36.0,37.0,0.0,127.0,103.0,442.0,Rafael van der Vaart,2,2006,2010,8,0.0,3.4615384615384612,1.6289592760180995,2.0361990950226243,1.2217194570135745,2.850678733031674,1.2217194570135745,0.20361990950226244,0.4072398190045249,3.665158371040724,0.8144796380090498,36.244343891402714,30.542986425339365,25.859728506787327,20.97285067873303,58.438914027149316
1967,0.0,2,1.0,1.0,3.0,2.0,11.0,12.0,2.0,0.0,0.0,1.0,0.0,0.0,216.0,179.0,366.0,48.0,34.0,0.0,71.0,41.0,780.0,John Mensah,2,2006,2010,8,0.0,0.23076923076923078,0.11538461538461539,0.3461538461538462,0.23076923076923078,1.2692307692307694,0.23076923076923078,0.0,0.0,0.0,0.0,24.923076923076923,20.653846153846157,8.192307692307693,4.730769230769231,42.23076923076923
2009,0.0,4,1.0,3.0,4.0,0.0,16.0,8.0,1.0,0.0,0.0,0.0,1.0,0.0,346.0,292.0,477.0,65.0,34.0,0.0,146.0,105.0,540.0,Giorgio Chiellini,2,2010,2014,6,0.0,0.6666666666666666,0.16666666666666666,0.6666666666666666,0.0,2.6666666666666665,0.16666666666666666,0.0,0.0,0.16666666666666666,0.0,57.666666666666664,48.666666666666664,24.333333333333332,17.5,79.5
2025,1.0,9,3.0,2.0,27.0,14.0,14.0,10.0,12.0,2.0,2.0,1.0,36.0,7.0,306.0,233.0,501.0,52.0,53.0,1.0,199.0,144.0,673.0,Martin Jørgensen,3,1998,2010,11,0.1337295690936107,1.2035661218424962,0.4011887072808321,3.610698365527489,1.8722139673105498,1.8722139673105498,1.6047548291233285,0.2674591381872214,0.2674591381872214,4.814264487369985,0.9361069836552749,40.92124814264487,31.158989598811292,26.61218424962853,19.25705794947994,66.99851411589896
2027,1.0,22,6.0,12.0,19.0,10.0,30.0,11.0,16.0,0.0,2.0,0.0,49.0,5.0,463.0,349.0,708.0,68.0,69.0,1.0,318.0,222.0,894.0,Hidetoshi Nakata,3,1998,2006,10,0.10067114093959731,2.214765100671141,0.6040268456375839,1.912751677852349,1.006711409395973,3.0201342281879193,1.610738255033557,0.0,0.20134228187919462,4.932885906040268,0.5033557046979865,46.61073825503355,35.13422818791946,32.013422818791945,22.348993288590602,71.2751677852349
2040,0.0,1,0.0,1.0,1.0,0.0,6.0,6.0,2.0,1.0,2.0,0.0,3.0,0.0,261.0,230.0,330.0,23.0,15.0,0.0,75.0,59.0,545.0,Nicolás Burdisso,2,2006,2010,8,0.0,0.1651376146788991,0.0,0.1651376146788991,0.0,0.9908256880733946,0.3302752293577982,0.1651376146788991,0.3302752293577982,0.4954128440366973,0.0,43.10091743119266,37.98165137614679,12.385321100917432,9.743119266055047,54.4954128440367
2045,0.0,6,0.0,5.0,3.0,1.0,11.0,9.0,0.0,0.0,0.0,0.0,0.0,0.0,322.0,244.0,564.0,87.0,55.0,0.0,121.0,67.0,1014.0,Carlos Alberto Gamarra Pavón,3,1998,2006,11,0.0,0.5325443786982248,0.0,0.2662721893491124,0.08875739644970414,0.9763313609467454,0.0,0.0,0.0,0.0,0.0,28.57988165680473,21.65680473372781,10.7396449704142,5.946745562130177,50.05917159763313
2047,2.0,3,2.0,1.0,2.0,0.0,7.0,5.0,0.0,0.0,0.0,0.0,0.0,0.0,189.0,150.0,296.0,43.0,26.0,0.0,68.0,37.0,429.0,Marco Materazzi,2,2002,2006,5,0.4195804195804196,0.6293706293706294,0.4195804195804196,0.4195804195804196,0.0,1.4685314685314685,0.0,0.0,0.0,0.0,0.0,39.65034965034965,31.46853146853147,14.265734265734267,7.7622377622377625,62.0979020979021
2048,1.0,11,6.0,3.0,5.0,3.0,6.0,6.0,5.0,0.0,1.0,0.0,14.0,3.0,158.0,110.0,264.0,29.0,15.0,0.0,90.0,54.0,349.0,Siniša Mihajlović,1,1998,1998,4,0.25787965616045844,2.836676217765043,1.5472779369627507,1.2893982808022924,0.7736389684813754,1.5472779369627507,1.2893982808022924,0.0,0.25787965616045844,3.6103151862464182,0.7736389684813754,40.74498567335244,28.36676217765043,23.20916905444126,13.925501432664756,68.08022922636103
2049,1.0,9,3.0,6.0,26.0,15.0,9.0,7.0,11.0,0.0,0.0,0.0,29.0,6.0,325.0,286.0,537.0,40.0,50.0,0.0,225.0,190.0,728.0,Javier Zanetti,2,1998,2002,8,0.12362637362637363,1.1126373626373627,0.3708791208791209,3.2142857142857144,1.8543956043956045,1.1126373626373627,1.35989010989011,0.0,0.0,3.5851648351648353,0.7417582417582418,40.17857142857143,35.35714285714286,27.815934065934066,23.48901098901099,66.38736263736264
2052,1.0,2,1.0,1.0,1.0,0.0,3.0,5.0,5.0,0.0,1.0,0.0,0.0,0.0,207.0,178.0,264.0,14.0,23.0,0.0,125.0,102.0,377.0,Esteban Cambiasso,1,2006,2006,5,0.23872679045092837,0.47745358090185674,0.23872679045092837,0.23872679045092837,0.0,0.7161803713527851,1.1936339522546418,0.0,0.23872679045092837,0.0,0.0,49.41644562334217,42.49336870026525,29.840848806366047,24.350132625994693,63.02387267904509
2054,1.0,8,2.0,3.0,26.0,17.0,12.0,9.0,6.0,0.0,2.0,0.0,23.0,6.0,278.0,234.0,442.0,65.0,45.0,0.0,164.0,127.0,463.0,Emre Belözoğlu,1,2002,2002,6,0.19438444924406045,1.5550755939524836,0.3887688984881209,5.053995680345572,3.3045356371490278,2.3326133909287257,1.1663066954643628,0.0,0.3887688984881209,4.47084233261339,1.1663066954643628,54.03887688984881,45.48596112311015,31.879049676025915,24.68682505399568,85.91792656587472
2056,0.0,12,3.0,6.0,5.0,1.0,18.0,9.0,13.0,0.0,1.0,0.0,45.0,13.0,229.0,199.0,350.0,38.0,25.0,1.0,130.0,106.0,439.0,Georgios Karagounis,2,2010,2014,7,0.0,2.460136674259681,0.6150341685649202,1.0250569476082003,0.20501138952164008,3.6902050113895215,2.665148063781321,0.0,0.20501138952164008,9.225512528473804,2.665148063781321,46.947608200455576,40.797266514806374,26.651480637813208,21.73120728929385,71.75398633257403
2059,0.0,12,3.0,7.0,9.0,3.0,11.0,17.0,8.0,1.0,1.0,1.0,16.0,3.0,292.0,233.0,416.0,36.0,51.0,0.0,181.0,132.0,701.0,Dejan Stanković,3,1998,2010,9,0.0,1.5406562054208275,0.38516405135520687,1.1554921540656207,0.38516405135520687,1.412268188302425,1.0271041369472182,0.12838801711840228,0.12838801711840228,2.0542082738944365,0.38516405135520687,37.48930099857347,29.914407988587733,23.238231098430813,16.9472182596291,53.40941512125535
2061,0.0,21,8.0,8.0,17.0,12.0,19.0,13.0,36.0,5.0,8.0,0.0,48.0,17.0,807.0,649.0,1035.0,61.0,41.0,0.0,606.0,469.0,815.0,Juan Sebastián Verón,3,1998,2010,11,0.0,2.3190184049079754,0.8834355828220859,1.8773006134969326,1.325153374233129,2.098159509202454,3.9754601226993866,0.5521472392638037,0.8834355828220859,5.300613496932516,1.8773006134969326,89.11656441717791,71.66871165644172,66.920245398773,51.79141104294479,114.29447852760737
2062,0.0,3,0.0,1.0,2.0,2.0,6.0,11.0,1.0,0.0,1.0,0.0,2.0,0.0,132.0,105.0,188.0,23.0,24.0,0.0,79.0,57.0,296.0,Cristiano Zanetti,1,2002,2002,3,0.0,0.9121621621621622,0.0,0.6081081081081081,0.6081081081081081,1.8243243243243243,0.30405405405405406,0.0,0.30405405405405406,0.6081081081081081,0.0,40.13513513513514,31.925675675675677,24.02027027027027,17.33108108108108,57.16216216216216
2068,9.0,41,20.0,17.0,20.0,6.0,24.0,18.0,8.0,0.0,1.0,7.0,9.0,0.0,214.0,145.0,403.0,61.0,122.0,0.0,168.0,102.0,818.0,Christian Vieri,2,1998,2002,9,0.9902200488997556,4.511002444987775,2.2004889975550124,2.2004889975550124,0.6601466992665037,2.640586797066015,0.880195599022005,0.0,0.11002444987775062,0.9902200488997556,0.0,23.545232273838632,15.95354523227384,18.484107579462105,11.222493887530563,44.339853300733495
2073,0.0,7,0.0,5.0,6.0,4.0,29.0,25.0,2.0,0.0,0.0,1.0,2.0,0.0,570.0,461.0,962.0,149.0,79.0,0.0,168.0,87.0,1710.0,Fabio Cannavaro,4,1998,2010,18,0.0,0.3684210526315789,0.0,0.3157894736842105,0.21052631578947367,1.5263157894736843,0.10526315789473684,0.0,0.0,0.10526315789473684,0.0,30.0,24.263157894736842,8.842105263157896,4.578947368421052,50.63157894736842
2077,2.0,8,4.0,3.0,27.0,13.0,23.0,17.0,11.0,0.0,3.0,0.0,27.0,10.0,635.0,522.0,995.0,113.0,53.0,0.0,314.0,221.0,1524.0,Lilian Thuram,3,1998,2006,16,0.11811023622047244,0.47244094488188976,0.23622047244094488,1.594488188976378,0.7677165354330708,1.358267716535433,0.6496062992125984,0.0,0.17716535433070865,1.594488188976378,0.5905511811023622,37.5,30.826771653543307,18.543307086614174,13.051181102362204,58.75984251968504
2078,1.0,17,5.0,8.0,49.0,29.0,24.0,24.0,8.0,1.0,2.0,1.0,30.0,11.0,446.0,356.0,849.0,95.0,81.0,1.0,226.0,168.0,1212.0,Gianluca Zambrotta,3,2002,2010,13,0.07425742574257425,1.2623762376237624,0.3712871287128713,3.6386138613861387,2.1534653465346536,1.7821782178217822,0.594059405940594,0.07425742574257425,0.1485148514851485,2.227722772277228,0.8168316831683168,33.118811881188115,26.435643564356436,16.782178217821784,12.475247524752476,63.04455445544554
2080,1.0,16,2.0,5.0,14.0,7.0,4.0,9.0,19.0,1.0,1.0,2.0,20.0,5.0,328.0,269.0,445.0,19.0,30.0,0.0,249.0,196.0,465.0,Stephen Appiah,2,2006,2010,7,0.1935483870967742,3.096774193548387,0.3870967741935484,2.7096774193548385,1.3548387096774193,0.7741935483870968,3.6774193548387095,0.1935483870967742,0.1935483870967742,3.8709677419354835,0.9677419354838709,63.48387096774193,52.064516129032256,48.19354838709677,37.93548387096774,86.12903225806451
2082,0.0,6,1.0,4.0,18.0,10.0,13.0,11.0,8.0,0.0,0.0,1.0,20.0,3.0,175.0,130.0,304.0,37.0,38.0,0.0,119.0,84.0,428.0,Mauro Camoranesi,2,2006,2010,7,0.0,1.2616822429906542,0.2102803738317757,3.7850467289719627,2.102803738317757,2.7336448598130842,1.6822429906542056,0.0,0.0,4.205607476635514,0.6308411214953271,36.79906542056075,27.33644859813084,25.023364485981308,17.66355140186916,63.925233644859816
2085,0.0,8,5.0,1.0,8.0,4.0,7.0,11.0,7.0,1.0,2.0,0.0,12.0,1.0,137.0,119.0,213.0,20.0,21.0,0.0,90.0,76.0,270.0,Pavel Nedvěd,1,2006,2006,3,0.0,2.6666666666666665,1.6666666666666667,2.6666666666666665,1.3333333333333333,2.3333333333333335,2.3333333333333335,0.3333333333333333,0.6666666666666666,4.0,0.3333333333333333,45.666666666666664,39.666666666666664,30.0,25.333333333333332,71.0
2088,2.0,17,9.0,4.0,26.0,11.0,17.0,16.0,9.0,1.0,2.0,2.0,23.0,5.0,163.0,117.0,309.0,34.0,50.0,0.0,109.0,72.0,500.0,Alessandro Del Piero,3,1998,2006,12,0.36,3.06,1.62,4.680000000000001,1.98,3.06,1.62,0.18,0.36,4.140000000000001,0.9,29.34,21.060000000000002,19.62,12.96,55.620000000000005
2091,1.0,36,13.0,17.0,11.0,6.0,7.0,5.0,8.0,1.0,1.0,8.0,3.0,1.0,132.0,108.0,236.0,33.0,39.0,2.0,109.0,86.0,716.0,David Trezeguet,3,1998,2006,12,0.12569832402234637,4.5251396648044695,1.6340782122905027,1.3826815642458101,0.7541899441340782,0.8798882681564245,1.005586592178771,0.12569832402234637,0.12569832402234637,0.3770949720670391,0.12569832402234637,16.59217877094972,13.575418994413408,13.701117318435754,10.810055865921788,29.664804469273744
2221,1.0,23,12.0,9.0,32.0,15.0,9.0,21.0,17.0,3.0,4.0,4.0,43.0,8.0,640.0,476.0,944.0,85.0,107.0,0.0,413.0,280.0,1297.0,Dirk Kuyt,3,2006,2014,15,0.06939090208172706,1.5959907478797224,0.8326908249807248,2.220508866615266,1.040863531225906,0.6245181187355435,1.1796453353893601,0.2081727062451812,0.27756360832690824,2.9838087895142635,0.5551272166538165,44.41017733230532,33.03006939090208,28.658442559753276,19.429452582883577,65.50501156515034
2227,0.0,6,2.0,3.0,12.0,3.0,5.0,11.0,7.0,1.0,1.0,0.0,19.0,2.0,164.0,128.0,282.0,22.0,37.0,0.0,103.0,71.0,341.0,Shinji Ono,3,1998,2006,6,0.0,1.5835777126099708,0.5278592375366569,3.1671554252199416,0.7917888563049854,1.3196480938416422,1.8475073313782993,0.26392961876832843,0.26392961876832843,5.0146627565982405,0.5278592375366569,43.28445747800587,33.78299120234604,27.184750733137832,18.73900293255132,74.42815249266863
2420,0.0,0,0.0,0.0,1.0,0.0,4.0,2.0,1.0,0.0,0.0,0.0,0.0,0.0,127.0,115.0,164.0,18.0,6.0,0.0,29.0,20.0,270.0,Pablo Ibañez,1,2006,2006,3,0.0,0.0,0.0,0.3333333333333333,0.0,1.3333333333333333,0.3333333333333333,0.0,0.0,0.0,0.0,42.333333333333336,38.333333333333336,9.666666666666666,6.666666666666667,54.666666666666664
2425,0.0,5,0.0,4.0,18.0,4.0,8.0,8.0,4.0,2.0,2.0,0.0,25.0,8.0,107.0,85.0,226.0,32.0,36.0,0.0,62.0,46.0,356.0,Jesper Grønkjær,2,2002,2010,6,0.0,1.2640449438202246,0.0,4.550561797752809,1.0112359550561798,2.0224719101123596,1.0112359550561798,0.5056179775280899,0.5056179775280899,6.320224719101123,2.0224719101123596,27.05056179775281,21.48876404494382,15.674157303370785,11.629213483146067,57.13483146067416
2436,4.0,29,7.0,14.0,42.0,14.0,17.0,10.0,6.0,0.0,1.0,4.0,10.0,1.0,164.0,107.0,344.0,65.0,67.0,0.0,137.0,87.0,726.0,Fernando Torres,3,2006,2014,14,0.49586776859504134,3.59504132231405,0.8677685950413223,5.206611570247934,1.7355371900826446,2.1074380165289255,0.7438016528925621,0.0,0.12396694214876033,1.2396694214876034,0.12396694214876033,20.330578512396695,13.264462809917356,16.983471074380166,10.78512396694215,42.64462809917355
2491,0.0,1,0.0,1.0,1.0,1.0,0.0,6.0,2.0,0.0,1.0,0.0,0.0,0.0,216.0,192.0,274.0,19.0,17.0,0.0,73.0,56.0,450.0,Andre Ooijer,2,2006,2010,5,0.0,0.2,0.0,0.2,0.2,0.0,0.4,0.0,0.2,0.0,0.0,43.2,38.4,14.6,11.2,54.8
2492,0.0,10,4.0,2.0,33.0,18.0,18.0,15.0,8.0,2.0,2.0,0.0,38.0,11.0,529.0,435.0,887.0,77.0,62.0,0.0,289.0,224.0,1109.0,Young Pyo Lee,3,2002,2010,12,0.0,0.8115419296663661,0.3246167718665464,2.678088367899008,1.460775473399459,1.460775473399459,0.6492335437330928,0.1623083859332732,0.1623083859332732,3.083859332732191,0.8926961226330027,42.93056807935076,35.30207394048692,23.45356176735798,18.1785392245266,71.98376916140667
2495,0.0,7,2.0,3.0,11.0,7.0,28.0,27.0,13.0,0.0,0.0,0.0,4.0,1.0,435.0,358.0,612.0,76.0,62.0,0.0,254.0,188.0,877.0,Mark van Bommel,2,2006,2010,10,0.0,0.7183580387685291,0.20524515393386547,1.12884834663626,0.7183580387685291,2.8734321550741164,1.3340935005701255,0.0,0.0,0.41049030786773094,0.10262257696693274,44.640820980615736,36.73888255416192,26.066134549600914,19.293044469783354,62.805017103762836
2496,3.0,22,13.0,7.0,48.0,22.0,43.0,15.0,20.0,0.0,3.0,1.0,22.0,10.0,468.0,369.0,796.0,113.0,102.0,0.0,331.0,247.0,1264.0,Ji-Sung Park,3,2002,2010,14,0.21360759493670886,1.5664556962025316,0.9256329113924051,3.4177215189873418,1.5664556962025316,3.0617088607594938,1.4240506329113924,0.0,0.21360759493670886,1.5664556962025316,0.7120253164556962,33.322784810126585,26.27373417721519,23.568037974683545,17.587025316455698,56.677215189873415
2497,2.0,26,5.0,18.0,14.0,7.0,14.0,15.0,13.0,1.0,0.0,3.0,22.0,4.0,447.0,377.0,648.0,65.0,53.0,2.0,289.0,231.0,969.0,Phillip Cocu,2,1998,2006,11,0.18575851393188852,2.414860681114551,0.46439628482972134,1.3003095975232197,0.6501547987616099,1.3003095975232197,1.2074303405572755,0.09287925696594426,0.0,2.043343653250774,0.37151702786377705,41.51702786377709,35.01547987616099,26.842105263157894,21.455108359133124,60.18575851393189
2501,0.0,4,1.0,2.0,26.0,10.0,25.0,11.0,3.0,1.0,1.0,0.0,19.0,3.0,323.0,277.0,589.0,64.0,54.0,0.0,174.0,142.0,827.0,DaMarcus Beasley,4,2002,2014,11,0.0,0.43530834340991537,0.10882708585247884,2.82950423216445,1.0882708585247884,2.720677146311971,0.32648125755743657,0.10882708585247884,0.10882708585247884,2.067714631197098,0.32648125755743657,35.15114873035067,30.14510278113664,18.93591293833132,15.453446191051997,64.09915356711004
2618,1.0,16,5.0,9.0,26.0,12.0,23.0,13.0,8.0,1.0,1.0,2.0,10.0,0.0,140.0,105.0,302.0,65.0,53.0,0.0,102.0,72.0,592.0,Georgios Samaras,2,2010,2014,7,0.15202702702702703,2.4324324324324325,0.7601351351351352,3.952702702702703,1.8243243243243243,3.496621621621622,1.2162162162162162,0.15202702702702703,0.15202702702702703,1.5202702702702704,0.0,21.283783783783786,15.962837837837839,15.506756756756758,10.945945945945946,45.91216216216216
2672,0.0,1,0.0,1.0,0.0,0.0,1.0,6.0,0.0,0.0,0.0,0.0,0.0,0.0,117.0,97.0,175.0,25.0,22.0,0.0,38.0,22.0,270.0,Fernando Couto,1,2002,2002,3,0.0,0.3333333333333333,0.0,0.0,0.0,0.3333333333333333,0.0,0.0,0.0,0.0,0.0,39.0,32.333333333333336,12.666666666666666,7.333333333333333,58.333333333333336
2776,0.0,2,1.0,0.0,0.0,0.0,3.0,3.0,0.0,0.0,0.0,1.0,0.0,0.0,86.0,68.0,126.0,11.0,10.0,0.0,26.0,13.0,270.0,Rahman Rezaei,1,2006,2006,3,0.0,0.6666666666666666,0.3333333333333333,0.0,0.0,1.0,0.0,0.0,0.0,0.0,0.0,28.666666666666668,22.666666666666668,8.666666666666666,4.333333333333333,42.0
2794,0.0,7,2.0,5.0,13.0,6.0,15.0,11.0,8.0,2.0,2.0,2.0,3.0,1.0,82.0,65.0,161.0,31.0,45.0,0.0,67.0,50.0,365.0,Atsushi Yanagisawa,2,2002,2006,5,0.0,1.726027397260274,0.4931506849315069,3.205479452054795,1.4794520547945207,3.6986301369863015,1.9726027397260275,0.4931506849315069,0.4931506849315069,0.7397260273972603,0.24657534246575344,20.21917808219178,16.027397260273972,16.52054794520548,12.328767123287673,39.6986301369863
2860,0.0,1,0.0,1.0,1.0,1.0,5.0,4.0,1.0,0.0,0.0,0.0,0.0,0.0,212.0,196.0,271.0,28.0,9.0,0.0,54.0,45.0,394.0,Andrea Barzagli,2,2006,2014,5,0.0,0.22842639593908629,0.0,0.22842639593908629,0.22842639593908629,1.1421319796954315,0.22842639593908629,0.0,0.0,0.0,0.0,48.42639593908629,44.77157360406091,12.33502538071066,10.279187817258883,61.90355329949238
2866,1.0,3,2.0,0.0,5.0,3.0,8.0,6.0,3.0,0.0,0.0,1.0,16.0,1.0,167.0,130.0,341.0,25.0,25.0,0.0,74.0,46.0,600.0,Fabio Grosso,1,2006,2006,6,0.15,0.44999999999999996,0.3,0.75,0.44999999999999996,1.2,0.44999999999999996,0.0,0.0,2.4,0.15,25.049999999999997,19.5,11.1,6.8999999999999995,51.15
2874,2.0,21,7.0,9.0,11.0,2.0,27.0,13.0,4.0,0.0,1.0,3.0,2.0,0.0,103.0,65.0,220.0,57.0,61.0,2.0,81.0,46.0,483.0,Luca Toni,1,2006,2006,6,0.3726708074534162,3.91304347826087,1.3043478260869565,2.049689440993789,0.3726708074534162,5.031055900621118,0.7453416149068324,0.0,0.1863354037267081,0.3726708074534162,0.0,19.192546583850934,12.111801242236027,15.093167701863354,8.571428571428573,40.99378881987578
2890,1.0,6,1.0,2.0,8.0,5.0,8.0,3.0,9.0,0.0,0.0,0.0,15.0,5.0,176.0,152.0,245.0,20.0,14.0,0.0,115.0,94.0,296.0,Shunsuke Nakamura,2,2006,2010,4,0.30405405405405406,1.8243243243243243,0.30405405405405406,2.4324324324324325,1.5202702702702704,2.4324324324324325,2.7364864864864864,0.0,0.0,4.560810810810811,1.5202702702702704,53.513513513513516,46.21621621621622,34.96621621621622,28.58108108108108,74.49324324324324
2891,0.0,11,3.0,7.0,11.0,6.0,10.0,19.0,8.0,1.0,0.0,1.0,1.0,0.0,305.0,219.0,459.0,55.0,60.0,0.0,169.0,109.0,682.0,Carlos Paredes,3,1998,2006,9,0.0,1.4516129032258065,0.3958944281524927,1.4516129032258065,0.7917888563049854,1.3196480938416422,1.0557184750733137,0.13196480938416422,0.0,0.13196480938416422,0.0,40.24926686217009,28.900293255131967,22.302052785923756,14.3841642228739,60.571847507331384
2945,1.0,8,4.0,3.0,22.0,5.0,10.0,11.0,3.0,0.0,1.0,0.0,14.0,3.0,107.0,77.0,206.0,30.0,57.0,0.0,88.0,60.0,360.0,Tore Andre Flo,1,1998,1998,4,0.25,2.0,1.0,5.5,1.25,2.5,0.75,0.0,0.25,3.5,0.75,26.75,19.25,22.0,15.0,51.5
2955,0.0,4,3.0,0.0,10.0,3.0,15.0,9.0,2.0,0.0,0.0,1.0,2.0,0.0,259.0,228.0,412.0,42.0,30.0,0.0,103.0,79.0,589.0,Roberto Nestor Sensini,3,1990,1998,8,0.0,0.6112054329371817,0.45840407470288624,1.5280135823429541,0.45840407470288624,2.2920203735144313,0.30560271646859083,0.0,0.0,0.30560271646859083,0.0,39.57555178268252,34.83870967741935,15.738539898132428,12.071307300509337,62.95415959252971
2961,0.0,4,0.0,3.0,1.0,1.0,2.0,4.0,2.0,0.0,0.0,0.0,12.0,2.0,135.0,93.0,224.0,23.0,12.0,0.0,71.0,42.0,270.0,Marek Jankulovski,1,2006,2006,3,0.0,1.3333333333333333,0.0,0.3333333333333333,0.3333333333333333,0.6666666666666666,0.6666666666666666,0.0,0.0,4.0,0.6666666666666666,45.0,31.0,23.666666666666668,14.0,74.66666666666667
2966,2.0,23,4.0,15.0,12.0,5.0,11.0,22.0,15.0,1.0,4.0,1.0,35.0,12.0,333.0,253.0,497.0,45.0,55.0,0.0,209.0,145.0,584.0,Sulley Muntari,3,2006,2014,9,0.3082191780821918,3.5445205479452055,0.6164383561643836,1.8493150684931507,0.7705479452054794,1.6952054794520548,2.3116438356164384,0.1541095890410959,0.6164383561643836,5.3938356164383565,1.8493150684931507,51.31849315068493,38.98972602739726,32.20890410958904,22.345890410958905,76.59246575342466
2971,2.0,10,3.0,5.0,12.0,8.0,4.0,9.0,4.0,0.0,1.0,1.0,17.0,2.0,96.0,61.0,184.0,33.0,35.0,0.0,72.0,41.0,459.0,Vincenzo Iaquinta,2,2006,2010,8,0.3921568627450981,1.9607843137254903,0.5882352941176471,2.3529411764705883,1.5686274509803924,0.7843137254901962,0.7843137254901962,0.0,0.19607843137254904,3.3333333333333335,0.3921568627450981,18.823529411764707,11.96078431372549,14.11764705882353,8.03921568627451,36.07843137254902
2987,0.0,17,8.0,7.0,14.0,7.0,13.0,14.0,13.0,0.0,1.0,0.0,26.0,9.0,206.0,173.0,339.0,24.0,41.0,0.0,133.0,105.0,491.0,Mark Bresciano,3,2006,2014,9,0.0,3.116089613034623,1.4663951120162932,2.566191446028513,1.2830957230142566,2.3828920570264764,2.3828920570264764,0.0,0.18329938900203666,4.765784114052953,1.64969450101833,37.75967413441955,31.71079429735234,24.378818737270876,19.24643584521385,62.138492871690424
2988,0.0,1,0.0,1.0,0.0,0.0,3.0,7.0,4.0,0.0,0.0,0.0,1.0,1.0,242.0,206.0,283.0,15.0,14.0,0.0,150.0,119.0,378.0,Vincenzo Grella,2,2006,2010,5,0.0,0.23809523809523808,0.0,0.0,0.0,0.7142857142857143,0.9523809523809523,0.0,0.0,0.23809523809523808,0.23809523809523808,57.61904761904761,49.047619047619044,35.714285714285715,28.333333333333332,67.38095238095238
2995,1.0,10,3.0,5.0,9.0,4.0,14.0,5.0,5.0,1.0,2.0,2.0,0.0,0.0,94.0,69.0,166.0,36.0,38.0,1.0,69.0,48.0,423.0,Alberto Gilardino,2,2006,2010,7,0.2127659574468085,2.127659574468085,0.6382978723404255,1.9148936170212765,0.851063829787234,2.978723404255319,1.0638297872340425,0.2127659574468085,0.425531914893617,0.0,0.0,20.0,14.680851063829786,14.680851063829786,10.212765957446807,35.31914893617021
3023,1.0,4,2.0,2.0,1.0,1.0,15.0,14.0,1.0,0.0,0.0,0.0,0.0,0.0,373.0,314.0,527.0,59.0,33.0,1.0,117.0,76.0,990.0,Roberto Fabián Ayala,2,1998,2006,10,0.09090909090909091,0.36363636363636365,0.18181818181818182,0.09090909090909091,0.09090909090909091,1.3636363636363635,0.09090909090909091,0.0,0.0,0.0,0.0,33.90909090909091,28.545454545454547,10.636363636363637,6.909090909090909,47.90909090909091
3029,0.0,6,1.0,2.0,25.0,12.0,5.0,8.0,8.0,0.0,0.0,1.0,15.0,1.0,301.0,251.0,496.0,35.0,40.0,0.0,179.0,142.0,604.0,Miguel Brito,2,2006,2010,7,0.0,0.8940397350993378,0.14900662251655628,3.725165562913907,1.7880794701986755,0.7450331125827815,1.1920529801324502,0.0,0.0,2.2350993377483444,0.14900662251655628,44.85099337748344,37.400662251655625,26.672185430463575,21.158940397350992,73.90728476821192
3034,0.0,7,1.0,6.0,9.0,5.0,6.0,6.0,1.0,0.0,0.0,0.0,3.0,0.0,319.0,253.0,402.0,27.0,24.0,0.0,186.0,141.0,420.0,Rubén Baraja,1,2002,2002,4,0.0,1.5,0.21428571428571427,1.9285714285714284,1.0714285714285714,1.2857142857142856,0.21428571428571427,0.0,0.0,0.6428571428571428,0.0,68.35714285714285,54.21428571428571,39.857142857142854,30.21428571428571,86.14285714285714
3063,0.0,2,0.0,1.0,9.0,7.0,9.0,9.0,10.0,1.0,2.0,2.0,15.0,6.0,234.0,187.0,395.0,41.0,28.0,0.0,156.0,121.0,540.0,Patrice Evra,2,2010,2014,6,0.0,0.3333333333333333,0.0,1.5,1.1666666666666667,1.5,1.6666666666666667,0.16666666666666666,0.3333333333333333,2.5,1.0,39.0,31.166666666666668,26.0,20.166666666666668,65.83333333333333
3088,0.0,2,0.0,1.0,9.0,4.0,16.0,19.0,5.0,1.0,0.0,0.0,2.0,0.0,298.0,216.0,439.0,65.0,58.0,0.0,188.0,126.0,644.0,Diego Pérez,1,2010,2010,7,0.0,0.2795031055900621,0.0,1.2577639751552794,0.5590062111801242,2.2360248447204967,0.6987577639751552,0.13975155279503104,0.0,0.2795031055900621,0.0,41.64596273291925,30.186335403726705,26.273291925465838,17.608695652173914,61.35093167701863
3138,0.0,0,0.0,0.0,2.0,1.0,8.0,10.0,1.0,0.0,0.0,0.0,1.0,0.0,247.0,200.0,395.0,55.0,42.0,0.0,84.0,51.0,707.0,Julio Cáceres,3,2002,2010,8,0.0,0.0,0.0,0.2545968882602546,0.1272984441301273,1.0183875530410185,0.1272984441301273,0.0,0.0,0.1272984441301273,0.0,31.442715700141445,25.45968882602546,10.693069306930694,6.492220650636493,50.28288543140029
3170,0.0,1,0.0,1.0,3.0,2.0,12.0,14.0,3.0,0.0,0.0,0.0,8.0,2.0,187.0,121.0,338.0,52.0,35.0,0.0,96.0,52.0,468.0,Omar Daf,1,2002,2002,5,0.0,0.1923076923076923,0.0,0.5769230769230769,0.3846153846153846,2.3076923076923075,0.5769230769230769,0.0,0.0,1.5384615384615383,0.3846153846153846,35.96153846153846,23.26923076923077,18.46153846153846,10.0,65.0
3208,0.0,8,0.0,6.0,10.0,7.0,7.0,15.0,3.0,0.0,0.0,0.0,9.0,3.0,253.0,224.0,381.0,31.0,36.0,1.0,131.0,110.0,540.0,Stephane M'Bia,2,2010,2014,6,0.0,1.3333333333333333,0.0,1.6666666666666667,1.1666666666666667,1.1666666666666667,0.5,0.0,0.0,1.5,0.5,42.166666666666664,37.333333333333336,21.833333333333332,18.333333333333332,63.5
3289,0.0,2,0.0,2.0,6.0,3.0,8.0,18.0,1.0,0.0,0.0,0.0,12.0,0.0,339.0,296.0,555.0,41.0,34.0,0.0,162.0,130.0,750.0,Éric Abidal,2,2006,2010,8,0.0,0.24,0.0,0.72,0.36,0.96,0.12,0.0,0.0,1.44,0.0,40.68,35.519999999999996,19.439999999999998,15.6,66.6
3293,0.0,2,0.0,2.0,2.0,1.0,4.0,4.0,1.0,0.0,0.0,0.0,0.0,0.0,89.0,63.0,167.0,29.0,21.0,0.0,32.0,14.0,468.0,Lamine Diatta,1,2002,2002,5,0.0,0.3846153846153846,0.0,0.3846153846153846,0.1923076923076923,0.7692307692307692,0.1923076923076923,0.0,0.0,0.0,0.0,17.115384615384613,12.115384615384615,6.153846153846153,2.692307692307692,32.11538461538461
3300,0.0,15,4.0,8.0,5.0,3.0,5.0,6.0,8.0,0.0,0.0,0.0,4.0,1.0,184.0,158.0,248.0,15.0,21.0,0.0,125.0,103.0,289.0,Michael Essien,2,2006,2014,4,0.0,4.671280276816609,1.245674740484429,1.5570934256055362,0.9342560553633218,1.5570934256055362,2.491349480968858,0.0,0.0,1.245674740484429,0.31141868512110726,57.30103806228374,49.20415224913494,38.92733564013841,32.07612456747405,77.2318339100346
3304,1.0,18,6.0,10.0,23.0,11.0,22.0,7.0,12.0,0.0,1.0,0.0,41.0,7.0,266.0,225.0,482.0,63.0,51.0,0.0,203.0,169.0,657.0,Florent Malouda,2,2006,2010,9,0.136986301369863,2.4657534246575343,0.8219178082191781,3.1506849315068495,1.5068493150684932,3.0136986301369864,1.6438356164383563,0.0,0.136986301369863,5.616438356164384,0.9589041095890412,36.43835616438356,30.82191780821918,27.808219178082194,23.15068493150685,66.02739726027397
3306,3.0,31,15.0,7.0,16.0,6.0,3.0,2.0,13.0,2.0,0.0,6.0,4.0,2.0,128.0,104.0,215.0,17.0,30.0,1.0,114.0,91.0,450.0,Karim Benzema,1,2014,2014,5,0.6,6.2,3.0,3.2,1.2,0.6,2.6,0.4,0.0,0.8,0.4,25.6,20.8,22.8,18.2,43.0
3344,0.0,2,0.0,1.0,2.0,2.0,2.0,2.0,0.0,0.0,0.0,0.0,0.0,0.0,92.0,80.0,155.0,30.0,11.0,0.0,25.0,16.0,360.0,Mario Yepes,1,2014,2014,4,0.0,0.5,0.0,0.5,0.5,0.5,0.0,0.0,0.0,0.0,0.0,23.0,20.0,6.25,4.0,38.75
3357,0.0,6,1.0,4.0,17.0,11.0,6.0,3.0,7.0,0.0,0.0,0.0,17.0,3.0,118.0,85.0,197.0,19.0,20.0,0.0,92.0,61.0,270.0,Selim Benachour,1,2002,2002,3,0.0,2.0,0.3333333333333333,5.666666666666667,3.6666666666666665,2.0,2.3333333333333335,0.0,0.0,5.666666666666667,1.0,39.333333333333336,28.333333333333332,30.666666666666668,20.333333333333332,65.66666666666667
3377,0.0,3,1.0,2.0,0.0,0.0,3.0,8.0,0.0,0.0,0.0,1.0,1.0,0.0,134.0,111.0,185.0,25.0,15.0,0.0,67.0,50.0,270.0,Mauricio Pochettino,1,2002,2002,3,0.0,1.0,0.3333333333333333,0.0,0.0,1.0,0.0,0.0,0.0,0.3333333333333333,0.0,44.666666666666664,37.0,22.333333333333332,16.666666666666668,61.666666666666664
3401,3.0,19,6.0,7.0,16.0,8.0,21.0,8.0,11.0,0.0,2.0,0.0,19.0,3.0,491.0,441.0,694.0,58.0,49.0,0.0,307.0,265.0,905.0,Maxi Rodríguez,3,2006,2014,12,0.2983425414364641,1.8895027624309393,0.5966850828729282,1.591160220994475,0.7955801104972375,2.088397790055249,1.0939226519337018,0.0,0.19889502762430938,1.8895027624309393,0.2983425414364641,48.828729281767956,43.85635359116022,30.530386740331494,26.353591160220994,69.01657458563535
3413,0.0,4,0.0,1.0,5.0,4.0,9.0,5.0,10.0,0.0,2.0,0.0,26.0,8.0,173.0,130.0,328.0,22.0,15.0,0.0,102.0,65.0,450.0,Benoît Assou-Ekotto,2,2010,2014,5,0.0,0.8,0.0,1.0,0.8,1.8,2.0,0.0,0.4,5.2,1.6,34.6,26.0,20.4,13.0,65.6
3476,0.0,4,1.0,2.0,3.0,1.0,7.0,6.0,3.0,0.0,0.0,0.0,8.0,3.0,239.0,191.0,330.0,29.0,24.0,0.0,118.0,80.0,394.0,Koji Nakata,2,2002,2006,5,0.0,0.9137055837563451,0.22842639593908629,0.6852791878172588,0.22842639593908629,1.5989847715736039,0.6852791878172588,0.0,0.0,1.8274111675126903,0.6852791878172588,54.59390862944162,43.62944162436548,26.95431472081218,18.274111675126903,75.38071065989847
3486,0.0,13,3.0,5.0,7.0,4.0,13.0,12.0,16.0,3.0,4.0,0.0,44.0,12.0,277.0,239.0,474.0,37.0,27.0,0.0,165.0,133.0,615.0,Arthur Boka,3,2006,2014,7,0.0,1.902439024390244,0.43902439024390244,1.024390243902439,0.5853658536585367,1.902439024390244,2.3414634146341466,0.43902439024390244,0.5853658536585367,6.439024390243903,1.7560975609756098,40.53658536585366,34.97560975609756,24.146341463414636,19.463414634146343,69.3658536585366
3525,0.0,2,1.0,1.0,3.0,2.0,13.0,11.0,12.0,1.0,0.0,0.0,8.0,1.0,355.0,320.0,459.0,38.0,30.0,1.0,144.0,116.0,720.0,Didier Zokora,3,2006,2014,8,0.0,0.25,0.125,0.375,0.25,1.625,1.5,0.125,0.0,1.0,0.125,44.375,40.0,18.0,14.5,57.375
3549,0.0,6,1.0,2.0,23.0,15.0,7.0,11.0,6.0,0.0,0.0,1.0,9.0,2.0,158.0,119.0,261.0,31.0,32.0,0.0,98.0,68.0,383.0,Rene-Salomon Olembe,2,1998,2002,6,0.0,1.4099216710182767,0.2349869451697128,5.404699738903394,3.524804177545692,1.6449086161879896,1.4099216710182767,0.0,0.0,2.1148825065274153,0.4699738903394256,37.12793733681462,27.963446475195823,23.028720626631856,15.97911227154047,61.33159268929504
3563,3.0,17,5.0,8.0,8.0,5.0,32.0,25.0,11.0,2.0,3.0,2.0,6.0,0.0,1057.0,874.0,1363.0,127.0,79.0,1.0,530.0,385.0,1551.0,Rafael Márquez,5,2002,2018,19,0.17408123791102514,0.9864603481624757,0.2901353965183752,0.46421663442940037,0.2901353965183752,1.8568665377176015,0.6382978723404255,0.11605415860735009,0.17408123791102514,0.3481624758220503,0.0,61.334622823984525,50.71566731141199,30.754352030947775,22.340425531914892,79.0909090909091
3565,1.0,7,1.0,6.0,6.0,2.0,17.0,15.0,8.0,2.0,1.0,1.0,8.0,3.0,550.0,492.0,837.0,83.0,61.0,0.0,126.0,88.0,1344.0,Carles Puyol,3,2002,2010,14,0.06696428571428571,0.46875,0.06696428571428571,0.4017857142857143,0.13392857142857142,1.1383928571428572,0.5357142857142857,0.13392857142857142,0.06696428571428571,0.5357142857142857,0.20089285714285715,36.83035714285714,32.94642857142857,8.4375,5.892857142857142,56.04910714285714
3574,0.0,5,0.0,5.0,4.0,2.0,3.0,9.0,4.0,0.0,2.0,1.0,3.0,2.0,211.0,187.0,264.0,17.0,16.0,2.0,94.0,78.0,318.0,Yohan Cabaye,1,2014,2014,4,0.0,1.4150943396226416,0.0,1.1320754716981132,0.5660377358490566,0.8490566037735849,1.1320754716981132,0.0,0.5660377358490566,0.8490566037735849,0.5660377358490566,59.716981132075475,52.924528301886795,26.60377358490566,22.07547169811321,74.71698113207547
3575,0.0,10,0.0,7.0,22.0,15.0,21.0,7.0,44.0,2.0,6.0,1.0,71.0,26.0,1093.0,997.0,1313.0,54.0,39.0,0.0,684.0,603.0,1124.0,Xavi,4,2002,2014,15,0.0,0.800711743772242,0.0,1.7615658362989324,1.201067615658363,1.6814946619217082,3.5231316725978647,0.1601423487544484,0.4804270462633452,5.685053380782918,2.0818505338078293,87.51779359430606,79.83096085409252,54.76868327402135,48.28291814946619,105.13345195729538
3579,0.0,4,0.0,3.0,6.0,4.0,4.0,8.0,0.0,0.0,0.0,0.0,13.0,1.0,138.0,107.0,269.0,32.0,20.0,0.0,84.0,57.0,360.0,Mathieu Debuchy,1,2014,2014,4,0.0,1.0,0.0,1.5,1.0,1.0,0.0,0.0,0.0,3.25,0.25,34.5,26.75,21.0,14.25,67.25
3581,2.0,15,6.0,5.0,41.0,22.0,16.0,14.0,33.0,4.0,6.0,1.0,31.0,12.0,433.0,354.0,628.0,49.0,64.0,0.0,360.0,282.0,766.0,Ronaldinho,2,2002,2006,10,0.2349869451697128,1.762402088772846,0.7049608355091384,4.8172323759791125,2.5848563968668405,1.8798955613577024,3.877284595300261,0.4699738903394256,0.7049608355091384,3.642297650130548,1.4099216710182767,50.87467362924282,41.592689295039165,42.297650130548305,33.133159268929504,73.78590078328982
3595,2.0,23,7.0,11.0,49.0,22.0,38.0,13.0,27.0,2.0,10.0,0.0,14.0,5.0,900.0,771.0,1162.0,84.0,80.0,0.0,686.0,568.0,1201.0,Andrés Iniesta,4,2006,2018,14,0.14987510407993337,1.7235636969192338,0.5245628642797668,3.671940049958368,1.6486261448792672,2.8476269775187344,2.0233139050791005,0.14987510407993337,0.7493755203996669,1.0491257285595337,0.37468776019983346,67.44379683597002,57.77685262281432,51.40716069941715,42.56452955870108,87.0774354704413
3596,1.0,7,2.0,3.0,11.0,7.0,6.0,9.0,5.0,0.0,1.0,0.0,19.0,3.0,141.0,122.0,222.0,26.0,35.0,0.0,85.0,72.0,356.0,Peter Odemwingie,2,2010,2014,6,0.25280898876404495,1.7696629213483146,0.5056179775280899,2.7808988764044944,1.7696629213483146,1.5168539325842696,1.2640449438202246,0.0,0.25280898876404495,4.803370786516854,0.7584269662921348,35.646067415730336,30.84269662921348,21.48876404494382,18.202247191011235,56.12359550561798
3739,0.0,0,0.0,0.0,12.0,2.0,6.0,8.0,4.0,0.0,0.0,0.0,9.0,1.0,181.0,153.0,314.0,27.0,32.0,0.0,100.0,81.0,390.0,Philipp Degen,1,2006,2006,4,0.0,0.0,0.0,2.7692307692307696,0.46153846153846156,1.3846153846153848,0.9230769230769231,0.0,0.0,2.076923076923077,0.23076923076923078,41.769230769230774,35.30769230769231,23.07692307692308,18.692307692307693,72.46153846153847
3752,0.0,7,3.0,2.0,5.0,0.0,10.0,10.0,5.0,0.0,1.0,0.0,17.0,4.0,208.0,171.0,319.0,34.0,32.0,0.0,98.0,71.0,483.0,Scott Kenneth Chipperfield,2,2006,2010,7,0.0,1.3043478260869565,0.5590062111801243,0.9316770186335405,0.0,1.863354037267081,0.9316770186335405,0.0,0.1863354037267081,3.1677018633540377,0.7453416149068324,38.757763975155285,31.863354037267083,18.260869565217394,13.229813664596275,59.44099378881988
4252,0.0,11,2.0,6.0,19.0,13.0,14.0,15.0,14.0,1.0,1.0,0.0,5.0,2.0,366.0,295.0,502.0,52.0,55.0,0.0,235.0,180.0,660.0,Gökhan Inler,2,2010,2014,7,0.0,1.5,0.27272727272727276,2.590909090909091,1.7727272727272727,1.9090909090909092,1.9090909090909092,0.13636363636363638,0.13636363636363638,0.6818181818181819,0.27272727272727276,49.909090909090914,40.22727272727273,32.04545454545455,24.545454545454547,68.45454545454545
4370,2.0,12,4.0,7.0,6.0,3.0,5.0,12.0,5.0,0.0,0.0,3.0,0.0,0.0,133.0,109.0,206.0,21.0,33.0,1.0,92.0,71.0,381.0,Blerim Džemaili,2,2014,2018,7,0.47244094488188976,2.8346456692913384,0.9448818897637795,1.4173228346456692,0.7086614173228346,1.1811023622047243,1.1811023622047243,0.0,0.0,0.0,0.0,31.41732283464567,25.748031496062993,21.73228346456693,16.771653543307085,48.661417322834644
4384,1.0,7,4.0,2.0,27.0,16.0,17.0,7.0,11.0,0.0,2.0,0.0,24.0,8.0,251.0,211.0,390.0,37.0,39.0,0.0,187.0,154.0,400.0,Deco,2,2006,2010,5,0.22499999999999998,1.575,0.8999999999999999,6.074999999999999,3.5999999999999996,3.8249999999999997,2.475,0.0,0.44999999999999996,5.3999999999999995,1.7999999999999998,56.474999999999994,47.475,42.074999999999996,34.65,87.75
4385,1.0,1,1.0,0.0,12.0,8.0,10.0,4.0,2.0,1.0,1.0,0.0,3.0,1.0,230.0,186.0,343.0,38.0,24.0,0.0,113.0,82.0,540.0,Edmílson,1,2002,2002,6,0.16666666666666666,0.16666666666666666,0.16666666666666666,2.0,1.3333333333333333,1.6666666666666667,0.3333333333333333,0.16666666666666666,0.16666666666666666,0.5,0.16666666666666666,38.333333333333336,31.0,18.833333333333332,13.666666666666666,57.166666666666664
4392,0.0,7,1.0,3.0,17.0,1.0,20.0,12.0,4.0,1.0,1.0,0.0,28.0,6.0,348.0,280.0,666.0,56.0,50.0,0.0,195.0,145.0,927.0,Stephan Lichtsteiner,3,2010,2018,10,0.0,0.6796116504854368,0.0970873786407767,1.6504854368932038,0.0970873786407767,1.9417475728155338,0.3883495145631068,0.0970873786407767,0.0970873786407767,2.7184466019417473,0.5825242718446602,33.78640776699029,27.184466019417474,18.932038834951456,14.07766990291262,64.66019417475728
4419,0.0,19,5.0,11.0,18.0,11.0,21.0,17.0,19.0,0.0,0.0,0.0,45.0,13.0,513.0,428.0,797.0,68.0,54.0,0.0,339.0,274.0,817.0,Dani Alves,3,2010,2022,11,0.0,2.0930232558139537,0.5507955936352509,1.9828641370869033,1.211750305997552,2.313341493268054,2.0930232558139537,0.0,0.0,4.957160342717258,1.4320685434516525,56.51162790697675,47.14810281517748,37.34394124847001,30.18359853121175,87.796817625459
4436,0.0,0,0.0,0.0,1.0,1.0,2.0,2.0,0.0,0.0,0.0,0.0,0.0,0.0,115.0,98.0,167.0,17.0,10.0,0.0,43.0,32.0,333.0,Steve von Bergen,2,2010,2014,5,0.0,0.0,0.0,0.27027027027027023,0.27027027027027023,0.5405405405405405,0.0,0.0,0.0,0.0,0.0,31.08108108108108,26.486486486486484,11.621621621621621,8.648648648648647,45.13513513513513
4615,0.0,10,4.0,5.0,5.0,4.0,7.0,11.0,1.0,0.0,0.0,1.0,3.0,0.0,90.0,61.0,144.0,28.0,28.0,0.0,69.0,41.0,287.0,Savo Milošević,2,1998,2006,5,0.0,3.1358885017421603,1.254355400696864,1.5679442508710801,1.254355400696864,2.195121951219512,0.313588850174216,0.0,0.0,0.940766550522648,0.0,28.22299651567944,19.128919860627175,21.637630662020904,12.857142857142856,45.15679442508711
4634,0.0,2,0.0,1.0,7.0,3.0,4.0,1.0,3.0,0.0,1.0,0.0,4.0,1.0,82.0,63.0,160.0,10.0,12.0,0.0,59.0,43.0,302.0,Fabian Johnson,1,2014,2014,4,0.0,0.5960264900662251,0.0,2.086092715231788,0.8940397350993378,1.1920529801324502,0.8940397350993378,0.0,0.29801324503311255,1.1920529801324502,0.29801324503311255,24.43708609271523,18.774834437086092,17.582781456953644,12.814569536423841,47.682119205298015
4701,0.0,2,0.0,2.0,2.0,2.0,6.0,11.0,1.0,0.0,0.0,0.0,0.0,0.0,142.0,116.0,220.0,33.0,29.0,0.0,59.0,40.0,364.0,Iván Helguera,1,2002,2002,5,0.0,0.4945054945054945,0.0,0.4945054945054945,0.4945054945054945,1.4835164835164836,0.24725274725274726,0.0,0.0,0.0,0.0,35.10989010989011,28.681318681318682,14.587912087912088,9.89010989010989,54.395604395604394
4715,0.0,3,0.0,2.0,0.0,0.0,1.0,5.0,1.0,0.0,0.0,0.0,2.0,0.0,173.0,146.0,236.0,21.0,13.0,0.0,75.0,57.0,384.0,Walter Samuel,2,2002,2010,5,0.0,0.703125,0.0,0.0,0.0,0.234375,0.234375,0.0,0.0,0.46875,0.0,40.546875,34.21875,17.578125,13.359375,55.3125
4726,2.0,15,4.0,7.0,11.0,5.0,11.0,15.0,12.0,1.0,3.0,3.0,3.0,1.0,654.0,564.0,803.0,57.0,51.0,1.0,378.0,309.0,1103.0,Sami Khedira,3,2010,2018,14,0.16319129646418856,1.2239347234814142,0.3263825929283771,0.8975521305530371,0.40797824116047143,0.8975521305530371,0.9791477787851314,0.08159564823209428,0.24478694469628284,0.24478694469628284,0.08159564823209428,53.36355394378966,46.019945602901174,30.843155031731637,25.213055303717134,65.5213055303717
4735,5.0,37,10.0,17.0,47.0,31.0,27.0,22.0,35.0,2.0,7.0,2.0,65.0,13.0,687.0,565.0,1014.0,83.0,85.0,1.0,529.0,420.0,1109.0,Zinedine Zidane,3,1998,2006,12,0.40577096483318303,3.0027051397655544,0.8115419296663661,3.8142470694319206,2.5157799819657347,2.1911632100991882,2.840396753832281,0.1623083859332732,0.5680793507664562,5.27502254283138,1.0550045085662758,55.75293056807935,45.85211902614968,42.93056807935076,34.08476104598738,82.29035166816952
4736,0.0,14,4.0,7.0,49.0,18.0,35.0,14.0,37.0,4.0,4.0,1.0,73.0,16.0,394.0,323.0,695.0,78.0,88.0,1.0,275.0,220.0,801.0,Luís Figo,2,2002,2006,10,0.0,1.5730337078651684,0.449438202247191,5.50561797752809,2.0224719101123596,3.932584269662921,4.157303370786517,0.449438202247191,0.449438202247191,8.202247191011235,1.797752808988764,44.26966292134831,36.29213483146067,30.89887640449438,24.719101123595504,78.08988764044943
4747,3.0,29,8.0,13.0,11.0,3.0,19.0,5.0,35.0,6.0,8.0,1.0,109.0,35.0,462.0,353.0,761.0,52.0,48.0,0.0,332.0,234.0,1028.0,David Beckham,3,1998,2006,13,0.26264591439688717,2.5389105058365757,0.7003891050583657,0.9630350194552529,0.26264591439688717,1.6634241245136185,3.06420233463035,0.5252918287937743,0.7003891050583657,9.542801556420233,3.06420233463035,40.447470817120625,30.904669260700388,29.06614785992218,20.486381322957197,66.62451361867704
4761,15.0,75,37.0,24.0,69.0,28.0,40.0,15.0,24.0,4.0,4.0,13.0,13.0,2.0,354.0,271.0,683.0,83.0,120.0,3.0,277.0,200.0,1623.0,Ronaldo Nazário,3,1998,2006,19,0.831792975970425,4.1589648798521255,2.051756007393715,3.826247689463955,1.5526802218114601,2.2181146025878,1.3308687615526802,0.22181146025878,0.22181146025878,0.720887245841035,0.11090573012939,19.63031423290203,15.027726432532345,15.360443622920517,11.090573012939,37.87430683918669
4811,0.0,4,1.0,2.0,3.0,2.0,4.0,6.0,5.0,1.0,1.0,0.0,0.0,0.0,247.0,231.0,286.0,20.0,19.0,0.0,126.0,116.0,291.0,Felipe Melo,1,2010,2010,4,0.0,1.2371134020618557,0.30927835051546393,0.9278350515463918,0.6185567010309279,1.2371134020618557,1.5463917525773196,0.30927835051546393,0.30927835051546393,0.0,0.0,76.39175257731958,71.44329896907216,38.96907216494845,35.876288659793815,88.45360824742268
4818,0.0,16,4.0,10.0,13.0,7.0,19.0,13.0,7.0,0.0,1.0,2.0,3.0,0.0,112.0,88.0,217.0,37.0,33.0,0.0,88.0,67.0,555.0,Yoshito Okubo,2,2010,2014,7,0.0,2.5945945945945943,0.6486486486486486,2.108108108108108,1.135135135135135,3.081081081081081,1.135135135135135,0.0,0.16216216216216214,0.48648648648648646,0.0,18.16216216216216,14.27027027027027,14.27027027027027,10.864864864864865,35.189189189189186
5099,0.0,8,3.0,5.0,6.0,3.0,3.0,10.0,5.0,0.0,1.0,0.0,3.0,0.0,68.0,56.0,114.0,9.0,32.0,0.0,54.0,44.0,288.0,Matthew Amoah,2,2006,2010,6,0.0,2.5,0.9375,1.875,0.9375,0.9375,1.5625,0.0,0.3125,0.9375,0.0,21.25,17.5,16.875,13.75,35.625
5121,9.0,45,21.0,16.0,45.0,21.0,21.0,10.0,19.0,1.0,1.0,10.0,12.0,1.0,262.0,190.0,496.0,55.0,69.0,1.0,210.0,150.0,901.0,David Villa,3,2006,2014,12,0.8990011098779135,4.4950055493895675,2.097669256381798,4.4950055493895675,2.097669256381798,2.097669256381798,1.8978912319644838,0.09988901220865705,0.09988901220865705,1.1986681465038846,0.09988901220865705,26.170921198668147,18.978912319644838,20.97669256381798,14.983351831298558,49.5449500554939
5154,2.0,5,2.0,1.0,10.0,7.0,9.0,4.0,8.0,0.0,0.0,0.0,21.0,4.0,121.0,85.0,213.0,28.0,16.0,0.0,94.0,71.0,427.0,Jean Beausejour,2,2010,2014,6,0.4215456674473068,1.053864168618267,0.4215456674473068,2.107728337236534,1.4754098360655739,1.8969555035128804,1.6861826697892273,0.0,0.0,4.426229508196721,0.8430913348946136,25.50351288056206,17.915690866510538,19.81264637002342,14.964871194379391,44.894613583138174
5216,1.0,6,2.0,2.0,18.0,9.0,11.0,7.0,11.0,0.0,2.0,2.0,30.0,8.0,267.0,204.0,413.0,33.0,39.0,0.0,201.0,145.0,491.0,Valeriy Karpin,2,1994,2002,6,0.18329938900203666,1.0997963340122199,0.3665987780040733,3.29938900203666,1.64969450101833,2.016293279022403,2.016293279022403,0.0,0.3665987780040733,5.4989816700611,1.4663951120162932,48.94093686354379,37.39307535641548,36.84317718940937,26.578411405295316,75.70264765784114
5424,0.0,9,1.0,3.0,9.0,4.0,10.0,3.0,14.0,4.0,4.0,0.0,40.0,9.0,373.0,320.0,485.0,18.0,25.0,0.0,257.0,210.0,451.0,Juan Román Riquelme,1,2006,2006,5,0.0,1.796008869179601,0.19955654101995565,1.796008869179601,0.7982261640798226,1.9955654101995566,2.7937915742793793,0.7982261640798226,0.7982261640798226,7.982261640798226,1.796008869179601,74.43458980044346,63.85809312638581,51.286031042128606,41.90687361419069,96.78492239467849
5448,6.0,39,15.0,15.0,19.0,9.0,4.0,2.0,20.0,1.0,6.0,3.0,61.0,14.0,310.0,218.0,486.0,25.0,38.0,1.0,236.0,152.0,812.0,Diego Forlán,3,2002,2014,10,0.6650246305418719,4.322660098522167,1.6625615763546797,2.105911330049261,0.9975369458128079,0.4433497536945813,2.2167487684729066,0.11083743842364532,0.6650246305418719,6.761083743842365,1.5517241379310345,34.35960591133005,24.16256157635468,26.157635467980295,16.84729064039409,53.86699507389162
5535,0.0,1,0.0,1.0,3.0,1.0,5.0,8.0,2.0,0.0,0.0,0.0,1.0,1.0,110.0,78.0,195.0,28.0,20.0,0.0,61.0,37.0,353.0,Stjepan Tomas,2,2002,2006,4,0.0,0.254957507082153,0.0,0.764872521246459,0.254957507082153,1.274787535410765,0.509915014164306,0.0,0.0,0.254957507082153,0.254957507082153,28.04532577903683,19.886685552407933,15.552407932011333,9.43342776203966,49.716713881019835
5712,1.0,23,6.0,10.0,48.0,25.0,28.0,11.0,23.0,2.0,5.0,4.0,42.0,7.0,315.0,258.0,590.0,70.0,73.0,0.0,228.0,175.0,786.0,Franck Ribéry,2,2006,2010,10,0.11450381679389314,2.6335877862595423,0.6870229007633588,5.4961832061068705,2.8625954198473287,3.206106870229008,2.6335877862595423,0.22900763358778628,0.5725190839694657,4.809160305343512,0.801526717557252,36.06870229007634,29.54198473282443,26.106870229007637,20.0381679389313,67.55725190839695
5718,0.0,3,0.0,3.0,26.0,13.0,4.0,7.0,2.0,1.0,1.0,0.0,27.0,4.0,225.0,182.0,397.0,51.0,47.0,0.0,129.0,98.0,454.0,Ergun Penbe,1,2002,2002,5,0.0,0.5947136563876653,0.0,5.154185022026432,2.577092511013216,0.7929515418502203,0.39647577092511016,0.19823788546255508,0.19823788546255508,5.352422907488987,0.7929515418502203,44.60352422907489,36.079295154185026,25.572687224669604,19.427312775330396,78.70044052863436
5732,0.0,3,1.0,1.0,4.0,2.0,7.0,17.0,3.0,0.0,1.0,0.0,3.0,2.0,222.0,155.0,328.0,29.0,41.0,1.0,123.0,71.0,642.0,Riadh Bouazizi,3,1998,2006,8,0.0,0.4205607476635514,0.14018691588785046,0.5607476635514018,0.2803738317757009,0.9813084112149533,0.4205607476635514,0.0,0.14018691588785046,0.4205607476635514,0.2803738317757009,31.121495327102803,21.72897196261682,17.242990654205606,9.953271028037383,45.981308411214954
5846,1.0,13,6.0,5.0,11.0,8.0,15.0,20.0,9.0,0.0,0.0,1.0,17.0,1.0,347.0,296.0,491.0,57.0,55.0,1.0,227.0,191.0,763.0,Blaise Matuidi,2,2014,2018,10,0.11795543905635648,1.5334207077326343,0.7077326343381389,1.2975098296199215,0.9436435124508519,1.7693315858453473,1.0615989515072084,0.0,0.0,2.0052424639580604,0.11795543905635648,40.9305373525557,34.91480996068152,26.775884665792923,22.52948885976409,57.916120576671034
5883,0.0,2,0.0,0.0,0.0,0.0,3.0,7.0,2.0,0.0,0.0,0.0,3.0,0.0,130.0,121.0,201.0,21.0,13.0,0.0,29.0,22.0,404.0,Ricardo Costa,3,2006,2014,5,0.0,0.44554455445544555,0.0,0.0,0.0,0.6683168316831684,0.44554455445544555,0.0,0.0,0.6683168316831684,0.0,28.96039603960396,26.955445544554454,6.46039603960396,4.900990099009901,44.777227722772274
5884,2.0,7,2.0,5.0,4.0,4.0,15.0,14.0,0.0,0.0,0.0,2.0,2.0,0.0,541.0,450.0,698.0,64.0,38.0,0.0,224.0,156.0,983.0,Pepe,4,2010,2022,12,0.18311291963377416,0.6408952187182095,0.18311291963377416,0.3662258392675483,0.3662258392675483,1.3733468972533063,0.0,0.0,0.0,0.18311291963377416,0.0,49.53204476093591,41.20040691759918,20.508646998982705,14.282807731434383,63.90640895218718
5885,0.0,2,0.0,0.0,2.0,1.0,3.0,11.0,5.0,0.0,0.0,0.0,14.0,3.0,273.0,224.0,468.0,35.0,27.0,0.0,158.0,118.0,549.0,Nuno Valente,1,2006,2006,6,0.0,0.3278688524590164,0.0,0.3278688524590164,0.1639344262295082,0.49180327868852464,0.819672131147541,0.0,0.0,2.295081967213115,0.49180327868852464,44.75409836065574,36.72131147540984,25.901639344262296,19.34426229508197,76.72131147540983
6000,0.0,4,1.0,1.0,4.0,3.0,6.0,10.0,4.0,0.0,0.0,0.0,2.0,0.0,166.0,123.0,231.0,33.0,25.0,0.0,109.0,76.0,360.0,Yves Vanderhaeghe,1,2002,2002,4,0.0,1.0,0.25,1.0,0.75,1.5,1.0,0.0,0.0,0.5,0.0,41.5,30.75,27.25,19.0,57.75
6019,0.0,6,2.0,3.0,2.0,2.0,2.0,11.0,5.0,0.0,1.0,1.0,0.0,0.0,485.0,443.0,596.0,28.0,28.0,0.0,167.0,134.0,766.0,Vincent Kompany,2,2014,2018,9,0.0,0.7049608355091384,0.2349869451697128,0.2349869451697128,0.2349869451697128,0.2349869451697128,0.587467362924282,0.0,0.1174934725848564,0.0,0.0,56.98433420365535,52.04960835509139,19.621409921671017,15.744125326370757,70.0261096605744
6066,0.0,4,2.0,1.0,12.0,5.0,5.0,11.0,6.0,1.0,1.0,1.0,10.0,1.0,97.0,76.0,178.0,12.0,35.0,1.0,62.0,47.0,272.0,Daisuke Matsui,1,2010,2010,4,0.0,1.3235294117647058,0.6617647058823529,3.9705882352941178,1.6544117647058825,1.6544117647058825,1.9852941176470589,0.33088235294117646,0.33088235294117646,3.308823529411765,0.33088235294117646,32.095588235294116,25.147058823529413,20.514705882352942,15.551470588235295,58.89705882352941
6183,1.0,9,4.0,4.0,16.0,9.0,7.0,10.0,11.0,2.0,3.0,0.0,24.0,6.0,219.0,172.0,378.0,38.0,35.0,0.0,137.0,103.0,445.0,Eul-Yong Lee,2,2002,2006,6,0.20224719101123595,1.8202247191011236,0.8089887640449438,3.235955056179775,1.8202247191011236,1.4157303370786516,2.2247191011235956,0.4044943820224719,0.6067415730337078,4.853932584269662,1.2134831460674156,44.29213483146067,34.78651685393258,27.707865168539325,20.831460674157302,76.4494382022472
6235,0.0,0,0.0,0.0,2.0,0.0,9.0,4.0,3.0,0.0,0.0,0.0,10.0,3.0,123.0,108.0,173.0,17.0,14.0,0.0,56.0,46.0,270.0,Mbark Boussoufa,1,2018,2018,3,0.0,0.0,0.0,0.6666666666666666,0.0,3.0,1.0,0.0,0.0,3.3333333333333335,1.0,41.0,36.0,18.666666666666668,15.333333333333334,57.666666666666664
6252,1.0,9,3.0,5.0,3.0,1.0,0.0,10.0,10.0,1.0,2.0,2.0,19.0,3.0,240.0,192.0,333.0,12.0,27.0,0.0,126.0,89.0,488.0,Raúl Meireles,2,2010,2014,6,0.1844262295081967,1.6598360655737705,0.5532786885245902,0.5532786885245902,0.1844262295081967,0.0,1.8442622950819672,0.1844262295081967,0.3688524590163934,3.5040983606557377,0.5532786885245902,44.26229508196721,35.40983606557377,23.237704918032787,16.413934426229506,61.4139344262295
6265,2.0,17,7.0,6.0,13.0,2.0,7.0,17.0,2.0,0.0,1.0,2.0,4.0,1.0,100.0,77.0,202.0,27.0,55.0,1.0,80.0,59.0,472.0,Benni McCarthy,2,1998,2002,6,0.3813559322033898,3.2415254237288136,1.3347457627118644,2.4788135593220337,0.3813559322033898,1.3347457627118644,0.3813559322033898,0.0,0.1906779661016949,0.7627118644067796,0.1906779661016949,19.06779661016949,14.682203389830509,15.254237288135593,11.25,38.516949152542374
6320,0.0,0,0.0,0.0,3.0,2.0,4.0,7.0,1.0,0.0,0.0,0.0,13.0,2.0,117.0,90.0,230.0,35.0,19.0,0.0,84.0,62.0,338.0,Eric Deflandre,2,1998,2002,4,0.0,0.0,0.0,0.7988165680473372,0.5325443786982249,1.0650887573964498,0.26627218934911245,0.0,0.0,3.4615384615384617,0.5325443786982249,31.153846153846153,23.964497041420117,22.366863905325445,16.50887573964497,61.24260355029586
6324,0.0,2,0.0,2.0,0.0,0.0,10.0,15.0,1.0,0.0,0.0,0.0,0.0,0.0,172.0,132.0,272.0,41.0,29.0,0.0,66.0,31.0,440.0,Oguchi Onyewu,2,2006,2010,5,0.0,0.40909090909090906,0.0,0.0,0.0,2.0454545454545454,0.20454545454545453,0.0,0.0,0.0,0.0,35.18181818181818,26.999999999999996,13.499999999999998,6.340909090909091,55.63636363636363
6368,0.0,1,0.0,1.0,1.0,1.0,4.0,3.0,0.0,0.0,0.0,0.0,0.0,0.0,70.0,54.0,119.0,26.0,10.0,0.0,26.0,17.0,360.0,Ronny Johnsen,1,1998,1998,4,0.0,0.25,0.0,0.25,0.25,1.0,0.0,0.0,0.0,0.0,0.0,17.5,13.5,6.5,4.25,29.75
6562,0.0,2,0.0,2.0,6.0,4.0,10.0,14.0,14.0,1.0,2.0,0.0,13.0,6.0,291.0,250.0,367.0,34.0,31.0,0.0,185.0,154.0,455.0,João Moutinho,2,2014,2018,6,0.0,0.39560439560439564,0.0,1.1868131868131868,0.7912087912087913,1.978021978021978,2.769230769230769,0.19780219780219782,0.39560439560439564,2.5714285714285716,1.1868131868131868,57.56043956043956,49.45054945054945,36.59340659340659,30.461538461538463,72.5934065934066
7057,0.0,15,8.0,4.0,2.0,0.0,11.0,15.0,3.0,0.0,2.0,6.0,1.0,1.0,84.0,60.0,155.0,31.0,46.0,0.0,52.0,32.0,426.0,Marcus Berg,1,2018,2018,5,0.0,3.169014084507042,1.6901408450704225,0.4225352112676056,0.0,2.323943661971831,0.6338028169014085,0.0,0.4225352112676056,0.2112676056338028,0.2112676056338028,17.746478873239436,12.676056338028168,10.985915492957746,6.76056338028169,32.74647887323944
7112,0.0,4,2.0,2.0,1.0,1.0,2.0,6.0,2.0,0.0,0.0,1.0,7.0,3.0,230.0,171.0,361.0,30.0,31.0,0.0,102.0,62.0,679.0,Teddy Lučić,2,2002,2006,8,0.0,0.5301914580265096,0.2650957290132548,0.1325478645066274,0.1325478645066274,0.2650957290132548,0.2650957290132548,0.0,0.0,0.9278350515463918,0.3976435935198822,30.486008836524302,22.665684830633285,13.519882179675994,8.2179675994109,47.84977908689249
7287,1.0,4,1.0,1.0,4.0,3.0,1.0,0.0,2.0,0.0,0.0,0.0,2.0,0.0,159.0,129.0,208.0,7.0,7.0,0.0,97.0,72.0,270.0,Robert Koren,1,2010,2010,3,0.3333333333333333,1.3333333333333333,0.3333333333333333,1.3333333333333333,1.0,0.3333333333333333,0.6666666666666666,0.0,0.0,0.6666666666666666,0.0,53.0,43.0,32.333333333333336,24.0,69.33333333333333
7311,0.0,3,1.0,1.0,18.0,11.0,8.0,16.0,10.0,0.0,0.0,0.0,7.0,2.0,390.0,324.0,501.0,48.0,47.0,0.0,255.0,200.0,628.0,John Obi Mikel,2,2014,2018,7,0.0,0.4299363057324841,0.14331210191082802,2.5796178343949046,1.5764331210191083,1.1464968152866242,1.4331210191082802,0.0,0.0,1.003184713375796,0.28662420382165604,55.89171974522293,46.43312101910828,36.544585987261144,28.662420382165603,71.79936305732484
7635,1.0,17,5.0,10.0,15.0,7.0,20.0,13.0,14.0,1.0,2.0,1.0,24.0,10.0,581.0,490.0,765.0,60.0,50.0,1.0,316.0,247.0,908.0,Ivan Rakitić,2,2014,2018,10,0.09911894273127754,1.6850220264317182,0.4955947136563877,1.4867841409691631,0.6938325991189428,1.9823788546255507,1.3876651982378856,0.09911894273127754,0.19823788546255508,2.378854625550661,0.9911894273127754,57.58810572687225,48.568281938325995,31.3215859030837,24.48237885462555,75.82599118942731
7714,2.0,6,3.0,1.0,1.0,1.0,7.0,9.0,4.0,0.0,1.0,0.0,0.0,0.0,175.0,143.0,257.0,21.0,15.0,0.0,83.0,58.0,450.0,Andreas Granqvist,1,2018,2018,5,0.4,1.2,0.6,0.2,0.2,1.4,0.8,0.0,0.2,0.0,0.0,35.0,28.6,16.6,11.6,51.4
7938,1.0,5,3.0,1.0,2.0,0.0,10.0,4.0,5.0,1.0,2.0,0.0,4.0,0.0,89.0,55.0,153.0,32.0,34.0,0.0,61.0,36.0,400.0,Ola Toivonen,1,2018,2018,5,0.22499999999999998,1.125,0.6749999999999999,0.44999999999999996,0.0,2.25,1.125,0.22499999999999998,0.44999999999999996,0.8999999999999999,0.0,20.025,12.375,13.725,8.1,34.425
8508,0.0,0,0.0,0.0,2.0,1.0,1.0,2.0,2.0,0.0,1.0,0.0,10.0,1.0,97.0,73.0,165.0,4.0,5.0,0.0,56.0,36.0,270.0,Lars Jacobsen,1,2010,2010,3,0.0,0.0,0.0,0.6666666666666666,0.3333333333333333,0.3333333333333333,0.6666666666666666,0.0,0.3333333333333333,3.3333333333333335,0.3333333333333333,32.333333333333336,24.333333333333332,18.666666666666668,12.0,55.0
8510,0.0,6,2.0,0.0,2.0,1.0,6.0,5.0,2.0,0.0,0.0,0.0,2.0,1.0,121.0,96.0,207.0,23.0,15.0,0.0,46.0,28.0,270.0,Daniel Agger,1,2010,2010,3,0.0,2.0,0.6666666666666666,0.6666666666666666,0.3333333333333333,2.0,0.6666666666666666,0.0,0.0,0.6666666666666666,0.3333333333333333,40.333333333333336,32.0,15.333333333333334,9.333333333333334,69.0
8511,0.0,2,1.0,1.0,5.0,1.0,5.0,13.0,8.0,1.0,1.0,0.0,21.0,7.0,344.0,256.0,458.0,37.0,50.0,0.0,198.0,127.0,721.0,Tobias Linderoth,2,2002,2006,8,0.0,0.24965325936199723,0.12482662968099861,0.6241331484049931,0.12482662968099861,0.6241331484049931,0.9986130374479889,0.12482662968099861,0.12482662968099861,2.621359223300971,0.8737864077669903,42.940360610263525,31.955617198335645,24.715672676837727,15.852981969486825,57.17059639389736
8541,0.0,2,0.0,1.0,4.0,2.0,2.0,4.0,2.0,0.0,0.0,0.0,9.0,1.0,101.0,81.0,185.0,15.0,9.0,0.0,49.0,38.0,270.0,Simon Poulsen,1,2010,2010,3,0.0,0.6666666666666666,0.0,1.3333333333333333,0.6666666666666666,0.6666666666666666,0.6666666666666666,0.0,0.0,3.0,0.3333333333333333,33.666666666666664,27.0,16.333333333333332,12.666666666666666,61.666666666666664
8713,1.0,21,2.0,13.0,13.0,6.0,7.0,14.0,20.0,0.0,0.0,1.0,13.0,0.0,245.0,197.0,372.0,28.0,53.0,0.0,169.0,127.0,547.0,Kevin-Prince Boateng,2,2010,2014,7,0.16453382084095064,3.4552102376599634,0.3290676416819013,2.1389396709323583,0.9872029250457038,1.1517367458866545,3.290676416819013,0.0,0.0,2.1389396709323583,0.0,40.31078610603291,32.413162705667276,27.80621572212066,20.89579524680073,61.20658135283364
8892,1.0,2,2.0,0.0,1.0,0.0,0.0,7.0,1.0,0.0,0.0,0.0,1.0,0.0,108.0,94.0,141.0,3.0,18.0,0.0,50.0,38.0,270.0,Jaouhar Mnari,1,2006,2006,3,0.3333333333333333,0.6666666666666666,0.6666666666666666,0.3333333333333333,0.0,0.0,0.3333333333333333,0.0,0.0,0.3333333333333333,0.0,36.0,31.333333333333332,16.666666666666668,12.666666666666666,47.0
8898,0.0,6,1.0,4.0,2.0,1.0,4.0,11.0,8.0,0.0,1.0,0.0,5.0,2.0,431.0,362.0,528.0,34.0,42.0,1.0,239.0,187.0,623.0,Tugay Kerimoğlu,1,2002,2002,7,0.0,0.8667736757624398,0.14446227929373998,0.28892455858747995,0.14446227929373998,0.5778491171749599,1.1556982343499198,0.0,0.14446227929373998,0.7223113964686998,0.28892455858747995,62.263242375601926,52.29534510433387,34.52648475120385,27.014446227929373,76.2760834670947
9023,1.0,10,2.0,3.0,21.0,11.0,14.0,13.0,5.0,1.0,1.0,0.0,6.0,1.0,59.0,47.0,181.0,37.0,44.0,0.0,35.0,24.0,484.0,Ziad Jaziri,2,2002,2006,6,0.1859504132231405,1.8595041322314048,0.371900826446281,3.90495867768595,2.0454545454545454,2.603305785123967,0.9297520661157024,0.1859504132231405,0.1859504132231405,1.1157024793388428,0.1859504132231405,10.97107438016529,8.739669421487603,6.508264462809917,4.462809917355371,33.65702479338843
9050,0.0,2,0.0,1.0,0.0,0.0,1.0,4.0,0.0,0.0,0.0,0.0,0.0,0.0,78.0,63.0,121.0,9.0,18.0,0.0,29.0,17.0,270.0,Anthar Yahia,1,2010,2010,3,0.0,0.6666666666666666,0.0,0.0,0.0,0.3333333333333333,0.0,0.0,0.0,0.0,0.0,26.0,21.0,9.666666666666666,5.666666666666667,40.333333333333336
9071,0.0,8,3.0,3.0,13.0,3.0,11.0,8.0,6.0,0.0,0.0,1.0,9.0,3.0,213.0,156.0,321.0,39.0,47.0,0.0,181.0,129.0,503.0,Cristian Rodríguez,2,2014,2018,9,0.0,1.4314115308151094,0.5367793240556661,2.326043737574553,0.5367793240556661,1.9681908548707754,1.0735586481113322,0.0,0.0,1.6103379721669981,0.5367793240556661,38.111332007952285,27.912524850894634,32.38568588469185,23.081510934393638,57.435387673956264
9340,0.0,3,2.0,1.0,12.0,4.0,9.0,5.0,1.0,0.0,0.0,0.0,2.0,0.0,94.0,59.0,161.0,32.0,34.0,0.0,65.0,36.0,270.0,Hamed Namouchi,1,2006,2006,3,0.0,1.0,0.6666666666666666,4.0,1.3333333333333333,3.0,0.3333333333333333,0.0,0.0,0.6666666666666666,0.0,31.333333333333332,19.666666666666668,21.666666666666668,12.0,53.666666666666664
9628,0.0,0,0.0,0.0,1.0,1.0,4.0,5.0,2.0,0.0,0.0,0.0,0.0,0.0,203.0,182.0,246.0,20.0,7.0,0.0,57.0,43.0,360.0,Gary Cahill,2,2014,2018,4,0.0,0.0,0.0,0.25,0.25,1.0,0.5,0.0,0.0,0.0,0.0,50.75,45.5,14.25,10.75,61.5
9690,1.0,8,4.0,3.0,22.0,12.0,10.0,24.0,4.0,0.0,1.0,0.0,3.0,2.0,334.0,288.0,468.0,68.0,56.0,0.0,205.0,168.0,570.0,Edgar Davids,1,1998,1998,6,0.15789473684210528,1.2631578947368423,0.6315789473684211,3.473684210526316,1.8947368421052633,1.5789473684210527,0.6315789473684211,0.0,0.15789473684210528,0.4736842105263158,0.31578947368421056,52.73684210526316,45.473684210526315,32.36842105263158,26.526315789473685,73.89473684210526
9700,1.0,4,2.0,2.0,0.0,0.0,4.0,6.0,0.0,0.0,0.0,0.0,0.0,0.0,141.0,115.0,197.0,23.0,26.0,0.0,34.0,12.0,390.0,Gary Breen,1,2002,2002,4,0.23076923076923078,0.9230769230769231,0.46153846153846156,0.0,0.0,0.9230769230769231,0.0,0.0,0.0,0.0,0.0,32.53846153846154,26.53846153846154,7.846153846153847,2.7692307692307696,45.46153846153847
9865,0.0,1,0.0,1.0,8.0,5.0,6.0,11.0,2.0,0.0,0.0,0.0,0.0,0.0,196.0,184.0,256.0,22.0,25.0,0.0,113.0,104.0,333.0,Mousa Dembélé,2,2014,2018,6,0.0,0.27027027027027023,0.0,2.162162162162162,1.3513513513513513,1.6216216216216215,0.5405405405405405,0.0,0.0,0.0,0.0,52.97297297297297,49.729729729729726,30.54054054054054,28.108108108108105,69.18918918918918
9883,0.0,0,0.0,0.0,5.0,4.0,4.0,3.0,0.0,0.0,0.0,0.0,2.0,0.0,152.0,117.0,227.0,27.0,12.0,0.0,58.0,31.0,270.0,Frank Sinclair,1,1998,1998,3,0.0,0.0,0.0,1.6666666666666667,1.3333333333333333,1.3333333333333333,0.0,0.0,0.0,0.6666666666666666,0.0,50.666666666666664,39.0,19.333333333333332,10.333333333333334,75.66666666666667
9965,0.0,4,1.0,3.0,0.0,0.0,2.0,5.0,0.0,0.0,0.0,1.0,0.0,0.0,300.0,267.0,421.0,38.0,17.0,0.0,89.0,64.0,690.0,Ron Vlaar,1,2014,2014,7,0.0,0.5217391304347826,0.13043478260869565,0.0,0.0,0.2608695652173913,0.0,0.0,0.0,0.0,0.0,39.130434782608695,34.826086956521735,11.608695652173912,8.347826086956522,54.91304347826087
10086,1.0,13,4.0,6.0,22.0,6.0,3.0,9.0,5.0,0.0,0.0,2.0,9.0,1.0,104.0,80.0,206.0,20.0,37.0,0.0,81.0,58.0,363.0,Salomon Kalou,2,2010,2014,6,0.24793388429752067,3.2231404958677685,0.9917355371900827,5.454545454545455,1.4876033057851241,0.7438016528925621,1.2396694214876034,0.0,0.0,2.231404958677686,0.24793388429752067,25.785123966942148,19.834710743801654,20.082644628099175,14.3801652892562,51.074380165289256
10205,0.0,3,2.0,1.0,3.0,1.0,4.0,10.0,4.0,1.0,2.0,0.0,26.0,6.0,122.0,77.0,215.0,12.0,20.0,0.0,79.0,48.0,359.0,Eddie Lewis,2,2002,2006,5,0.0,0.7520891364902507,0.5013927576601671,0.7520891364902507,0.25069637883008355,1.0027855153203342,1.0027855153203342,0.25069637883008355,0.5013927576601671,6.518105849582173,1.5041782729805013,30.584958217270195,19.303621169916433,19.805013927576603,12.03342618384401,53.899721448467965
10271,0.0,3,1.0,1.0,7.0,6.0,5.0,2.0,3.0,0.0,1.0,0.0,15.0,4.0,73.0,46.0,177.0,28.0,9.0,0.0,45.0,22.0,270.0,Carlos Edwards,1,2006,2006,3,0.0,1.0,0.3333333333333333,2.3333333333333335,2.0,1.6666666666666667,1.0,0.0,0.3333333333333333,5.0,1.3333333333333333,24.333333333333332,15.333333333333334,15.0,7.333333333333333,59.0
10438,0.0,6,1.0,4.0,9.0,5.0,8.0,16.0,5.0,0.0,0.0,0.0,9.0,1.0,326.0,292.0,436.0,36.0,42.0,0.0,165.0,137.0,511.0,Cheik Tiote,2,2010,2014,6,0.0,1.0567514677103718,0.1761252446183953,1.5851272015655578,0.8806262230919765,1.4090019569471623,0.8806262230919765,0.0,0.0,1.5851272015655578,0.1761252446183953,57.416829745596864,51.42857142857142,29.060665362035223,24.129158512720156,76.79060665362034
10581,0.0,2,0.0,2.0,0.0,0.0,2.0,8.0,0.0,0.0,0.0,0.0,0.0,0.0,122.0,107.0,192.0,25.0,25.0,0.0,23.0,14.0,390.0,Jay DeMerit,1,2010,2010,4,0.0,0.46153846153846156,0.0,0.0,0.0,0.46153846153846156,0.0,0.0,0.0,0.0,0.0,28.153846153846157,24.692307692307693,5.307692307692308,3.230769230769231,44.307692307692314
10589,0.0,1,0.0,1.0,2.0,2.0,3.0,4.0,5.0,1.0,1.0,0.0,20.0,5.0,179.0,153.0,295.0,10.0,19.0,0.0,97.0,73.0,462.0,Ashley Young,1,2018,2018,5,0.0,0.1948051948051948,0.0,0.3896103896103896,0.3896103896103896,0.5844155844155844,0.9740259740259739,0.1948051948051948,0.1948051948051948,3.8961038961038956,0.9740259740259739,34.870129870129865,29.8051948051948,18.896103896103895,14.22077922077922,57.467532467532465
10621,1.0,16,7.0,5.0,58.0,21.0,13.0,12.0,11.0,0.0,1.0,4.0,48.0,12.0,163.0,117.0,391.0,58.0,106.0,0.0,127.0,86.0,663.0,Ki Hyeon Seol,2,2002,2006,9,0.13574660633484165,2.1719457013574663,0.9502262443438915,7.873303167420815,2.8506787330316743,1.7647058823529413,1.493212669683258,0.0,0.13574660633484165,6.515837104072398,1.6289592760180995,22.126696832579185,15.882352941176471,17.23981900452489,11.674208144796381,53.07692307692308
10692,0.0,1,0.0,1.0,1.0,1.0,3.0,4.0,6.0,0.0,3.0,0.0,7.0,3.0,93.0,60.0,194.0,18.0,14.0,0.0,55.0,32.0,352.0,Mikael Lustig,1,2018,2018,4,0.0,0.2556818181818182,0.0,0.2556818181818182,0.2556818181818182,0.7670454545454546,1.5340909090909092,0.0,0.7670454545454546,1.7897727272727273,0.7670454545454546,23.77840909090909,15.340909090909092,14.0625,8.181818181818182,49.60227272727273
10710,0.0,29,6.0,20.0,29.0,13.0,28.0,31.0,11.0,0.0,3.0,3.0,37.0,6.0,1199.0,1098.0,1660.0,128.0,95.0,0.0,643.0,576.0,1577.0,Sergio Ramos,4,2006,2018,17,0.0,1.6550412175015854,0.34242232086239693,1.6550412175015854,0.7419150285351934,1.5979708306911857,0.6277742549143944,0.0,0.17121116043119847,2.1116043119847814,0.34242232086239693,68.427393785669,62.66328471781864,36.69625871908688,32.87254280279011,94.73684210526316
10722,5.0,30,15.0,11.0,25.0,10.0,15.0,4.0,12.0,1.0,4.0,6.0,14.0,4.0,305.0,252.0,466.0,51.0,64.0,1.0,208.0,161.0,715.0,Raúl,3,1998,2006,11,0.6293706293706294,3.7762237762237763,1.8881118881118881,3.1468531468531467,1.2587412587412588,1.8881118881118881,1.5104895104895104,0.12587412587412586,0.5034965034965034,1.7622377622377623,0.5034965034965034,38.39160839160839,31.72027972027972,26.18181818181818,20.265734265734267,58.65734265734265
10788,0.0,3,0.0,2.0,2.0,0.0,16.0,7.0,7.0,0.0,0.0,0.0,13.0,0.0,209.0,156.0,362.0,37.0,18.0,0.0,120.0,74.0,480.0,Andriy Nesmachnyi,1,2006,2006,5,0.0,0.5625,0.0,0.375,0.0,3.0,1.3125,0.0,0.0,2.4375,0.0,39.1875,29.25,22.5,13.875,67.875
10792,0.0,9,1.0,5.0,11.0,9.0,8.0,11.0,10.0,1.0,1.0,1.0,8.0,2.0,298.0,244.0,414.0,45.0,37.0,0.0,184.0,141.0,480.0,Anatoliy Tymoshchuk,1,2006,2006,5,0.0,1.6875,0.1875,2.0625,1.6875,1.5,1.875,0.1875,0.1875,1.5,0.375,55.875,45.75,34.5,26.4375,77.625
11023,0.0,6,1.0,3.0,4.0,4.0,3.0,3.0,7.0,0.0,1.0,1.0,18.0,5.0,182.0,131.0,278.0,14.0,10.0,0.0,117.0,70.0,278.0,Ian Harte,1,2002,2002,4,0.0,1.9424460431654675,0.3237410071942446,1.2949640287769784,1.2949640287769784,0.9712230215827338,2.2661870503597124,0.0,0.3237410071942446,5.827338129496403,1.618705035971223,58.92086330935251,42.41007194244604,37.877697841726615,22.66187050359712,90.0
11068,0.0,1,1.0,0.0,0.0,0.0,5.0,4.0,0.0,0.0,0.0,0.0,0.0,0.0,88.0,71.0,146.0,18.0,13.0,0.0,25.0,14.0,270.0,Boštjan Cesar,1,2010,2010,3,0.0,0.3333333333333333,0.3333333333333333,0.0,0.0,1.6666666666666667,0.0,0.0,0.0,0.0,0.0,29.333333333333332,23.666666666666668,8.333333333333334,4.666666666666667,48.666666666666664
11123,0.0,1,1.0,0.0,1.0,0.0,4.0,1.0,0.0,0.0,0.0,0.0,6.0,2.0,108.0,79.0,193.0,13.0,13.0,0.0,69.0,46.0,270.0,Marcin Baszczyński,1,2006,2006,3,0.0,0.3333333333333333,0.3333333333333333,0.3333333333333333,0.0,1.3333333333333333,0.0,0.0,0.0,2.0,0.6666666666666666,36.0,26.333333333333332,23.0,15.333333333333334,64.33333333333333
11179,0.0,0,0.0,0.0,1.0,0.0,3.0,3.0,1.0,0.0,0.0,0.0,0.0,0.0,163.0,139.0,220.0,16.0,15.0,0.0,52.0,37.0,270.0,Emir Spahić,1,2014,2014,3,0.0,0.0,0.0,0.3333333333333333,0.0,1.0,0.3333333333333333,0.0,0.0,0.0,0.0,54.333333333333336,46.333333333333336,17.333333333333332,12.333333333333334,73.33333333333333
11184,0.0,3,0.0,2.0,0.0,0.0,2.0,3.0,0.0,0.0,0.0,0.0,0.0,0.0,155.0,139.0,204.0,23.0,11.0,0.0,44.0,35.0,270.0,Nemanja Vidić,1,2010,2010,3,0.0,1.0,0.0,0.0,0.0,0.6666666666666666,0.0,0.0,0.0,0.0,0.0,51.666666666666664,46.333333333333336,14.666666666666666,11.666666666666666,68.0
11190,0.0,0,0.0,0.0,3.0,1.0,4.0,9.0,0.0,0.0,0.0,0.0,0.0,0.0,60.0,55.0,121.0,18.0,20.0,0.0,31.0,27.0,270.0,Igor Duljaj,1,2006,2006,3,0.0,0.0,0.0,1.0,0.3333333333333333,1.3333333333333333,0.0,0.0,0.0,0.0,0.0,20.0,18.333333333333332,10.333333333333334,9.0,40.333333333333336
11203,1.0,9,1.0,7.0,2.0,1.0,9.0,11.0,5.0,1.0,1.0,1.0,0.0,0.0,89.0,66.0,148.0,37.0,32.0,1.0,67.0,44.0,338.0,Nikola Žigić,2,2006,2010,5,0.26627218934911245,2.396449704142012,0.26627218934911245,0.5325443786982249,0.26627218934911245,2.396449704142012,1.331360946745562,0.26627218934911245,0.26627218934911245,0.0,0.0,23.698224852071007,17.57396449704142,17.840236686390533,11.715976331360947,39.40828402366864
11263,2.0,13,4.0,5.0,16.0,4.0,5.0,13.0,5.0,0.0,1.0,1.0,16.0,2.0,104.0,68.0,228.0,29.0,56.0,0.0,73.0,46.0,479.0,Ivica Olić,3,2002,2014,8,0.3757828810020877,2.44258872651357,0.7515657620041754,3.0062630480167014,0.7515657620041754,0.9394572025052192,0.9394572025052192,0.0,0.18789144050104384,3.0062630480167014,0.3757828810020877,19.54070981210856,12.776617954070982,13.716075156576201,8.643006263048017,42.839248434237994
11266,1.0,9,2.0,4.0,8.0,3.0,12.0,10.0,11.0,0.0,5.0,1.0,56.0,13.0,156.0,114.0,375.0,35.0,28.0,0.0,91.0,61.0,537.0,Darijo Srna,2,2006,2014,6,0.16759776536312848,1.5083798882681565,0.33519553072625696,1.3407821229050279,0.5027932960893855,2.011173184357542,1.8435754189944134,0.0,0.8379888268156425,9.385474860335195,2.17877094972067,26.145251396648042,19.106145251396647,15.251396648044693,10.223463687150838,62.849162011173185
11306,0.0,2,0.0,2.0,0.0,0.0,9.0,10.0,0.0,0.0,0.0,1.0,0.0,0.0,396.0,336.0,541.0,53.0,37.0,0.0,166.0,128.0,765.0,Francisco Rodríguez,3,2006,2014,9,0.0,0.23529411764705882,0.0,0.0,0.0,1.0588235294117647,0.0,0.0,0.0,0.0,0.0,46.588235294117645,39.529411764705884,19.529411764705884,15.058823529411764,63.64705882352941
11308,0.0,16,4.0,8.0,15.0,14.0,7.0,23.0,2.0,0.0,0.0,0.0,25.0,5.0,430.0,345.0,666.0,58.0,57.0,1.0,234.0,159.0,841.0,Carlos Salcido,3,2006,2014,10,0.0,1.7122473246135552,0.4280618311533888,1.605231866825208,1.4982164090368608,0.7491082045184304,0.2140309155766944,0.0,0.0,2.67538644470868,0.535077288941736,46.016646848989296,36.92033293697978,25.041617122473244,17.015457788347206,71.27229488703924
11311,0.0,1,0.0,1.0,15.0,8.0,14.0,5.0,1.0,0.0,0.0,0.0,11.0,2.0,384.0,333.0,550.0,51.0,27.0,0.0,148.0,110.0,750.0,Ricardo Osorio,2,2006,2010,8,0.0,0.12,0.0,1.7999999999999998,0.96,1.68,0.12,0.0,0.0,1.3199999999999998,0.24,46.08,39.959999999999994,17.759999999999998,13.2,66.0
11314,0.0,5,2.0,3.0,5.0,4.0,6.0,12.0,13.0,1.0,2.0,0.0,43.0,13.0,281.0,234.0,418.0,23.0,30.0,0.0,183.0,140.0,517.0,Pável Pardo Segura,2,1998,2006,7,0.0,0.8704061895551257,0.3481624758220503,0.8704061895551257,0.6963249516441006,1.0444874274661509,2.263056092843327,0.17408123791102514,0.3481624758220503,7.4854932301740815,2.263056092843327,48.91682785299807,40.73500967117988,31.8568665377176,24.37137330754352,72.76595744680851
11317,2.0,12,4.0,6.0,4.0,1.0,10.0,9.0,5.0,0.0,1.0,5.0,4.0,1.0,57.0,45.0,120.0,15.0,22.0,2.0,45.0,33.0,270.0,Omar Bravo,1,2006,2006,3,0.6666666666666666,4.0,1.3333333333333333,1.3333333333333333,0.3333333333333333,3.3333333333333335,1.6666666666666667,0.0,0.3333333333333333,1.3333333333333333,0.3333333333333333,19.0,15.0,15.0,11.0,40.0
11318,5.0,22,9.0,10.0,26.0,9.0,23.0,13.0,24.0,0.0,6.0,2.0,53.0,11.0,379.0,289.0,620.0,53.0,65.0,0.0,282.0,210.0,1095.0,Landon Donovan,3,2002,2010,12,0.4109589041095891,1.808219178082192,0.7397260273972603,2.136986301369863,0.7397260273972603,1.8904109589041096,1.9726027397260275,0.0,0.4931506849315069,4.356164383561644,0.904109589041096,31.150684931506852,23.753424657534246,23.178082191780824,17.26027397260274,50.95890410958904
11319,0.0,6,0.0,4.0,16.0,6.0,10.0,3.0,8.0,1.0,1.0,0.0,28.0,9.0,146.0,115.0,278.0,28.0,26.0,0.0,79.0,59.0,370.0,Ramón Morales,2,2002,2006,6,0.0,1.4594594594594597,0.0,3.891891891891892,1.4594594594594597,2.4324324324324325,1.945945945945946,0.24324324324324326,0.24324324324324326,6.810810810810811,2.1891891891891895,35.513513513513516,27.972972972972975,19.216216216216218,14.351351351351353,67.62162162162163
11321,0.0,0,0.0,0.0,7.0,4.0,3.0,7.0,2.0,0.0,1.0,0.0,14.0,4.0,102.0,80.0,171.0,23.0,19.0,0.0,63.0,47.0,290.0,Gonzalo Pineda,1,2006,2006,4,0.0,0.0,0.0,2.1724137931034484,1.2413793103448276,0.9310344827586207,0.6206896551724138,0.0,0.3103448275862069,4.344827586206897,1.2413793103448276,31.655172413793103,24.82758620689655,19.551724137931036,14.586206896551724,53.06896551724138
11323,0.0,3,0.0,3.0,1.0,0.0,7.0,19.0,0.0,0.0,0.0,1.0,0.0,0.0,301.0,262.0,426.0,46.0,55.0,0.0,114.0,89.0,757.0,Eddie Pope,3,1998,2006,9,0.0,0.35667107001321,0.0,0.11889035667107001,0.0,0.8322324966974901,0.0,0.0,0.0,0.0,0.0,35.78599735799207,31.14927344782034,13.553500660501982,10.581241743725231,50.64729194187582
11328,1.0,12,4.0,6.0,11.0,8.0,8.0,31.0,13.0,1.0,1.0,0.0,6.0,2.0,657.0,559.0,831.0,65.0,85.0,0.0,404.0,337.0,925.0,Gerardo Torrado,3,2002,2010,11,0.09729729729729729,1.1675675675675674,0.38918918918918916,1.0702702702702702,0.7783783783783783,0.7783783783783783,1.2648648648648648,0.09729729729729729,0.09729729729729729,0.5837837837837837,0.19459459459459458,63.92432432432432,54.38918918918918,39.30810810810811,32.78918918918919,80.85405405405405
11329,0.0,2,0.0,1.0,2.0,1.0,8.0,12.0,7.0,2.0,3.0,0.0,11.0,5.0,159.0,128.0,249.0,27.0,29.0,0.0,106.0,81.0,380.0,Mario Méndez,1,2006,2006,4,0.0,0.47368421052631576,0.0,0.47368421052631576,0.23684210526315788,1.894736842105263,1.6578947368421053,0.47368421052631576,0.7105263157894737,2.6052631578947367,1.1842105263157894,37.6578947368421,30.31578947368421,25.105263157894736,19.184210526315788,58.973684210526315
11330,0.0,7,3.0,4.0,12.0,4.0,19.0,10.0,2.0,0.0,0.0,1.0,13.0,2.0,205.0,162.0,388.0,66.0,43.0,1.0,117.0,93.0,534.0,Frankie Hejduk,2,1998,2002,7,0.0,1.1797752808988764,0.5056179775280899,2.0224719101123596,0.6741573033707865,3.202247191011236,0.33707865168539325,0.0,0.0,2.191011235955056,0.33707865168539325,34.550561797752806,27.303370786516854,19.719101123595504,15.674157303370785,65.39325842696628
11358,0.0,0,0.0,0.0,2.0,2.0,9.0,8.0,1.0,0.0,0.0,0.0,0.0,0.0,227.0,190.0,341.0,36.0,31.0,0.0,71.0,48.0,690.0,Michael Umaña,2,2006,2014,7,0.0,0.0,0.0,0.2608695652173913,0.2608695652173913,1.1739130434782608,0.13043478260869565,0.0,0.0,0.0,0.0,29.60869565217391,24.782608695652172,9.26086956521739,6.260869565217391,44.47826086956522
11364,0.0,12,1.0,8.0,8.0,4.0,8.0,6.0,15.0,2.0,3.0,1.0,18.0,5.0,356.0,286.0,462.0,29.0,29.0,1.0,248.0,190.0,510.0,Walter Centeno Corea,2,2002,2006,6,0.0,2.1176470588235294,0.1764705882352941,1.4117647058823528,0.7058823529411764,1.4117647058823528,2.6470588235294117,0.3529411764705882,0.5294117647058824,3.176470588235294,0.8823529411764706,62.8235294117647,50.470588235294116,43.76470588235294,33.529411764705884,81.52941176470588
11365,3.0,18,6.0,8.0,31.0,16.0,8.0,15.0,16.0,2.0,4.0,2.0,24.0,7.0,211.0,159.0,365.0,44.0,57.0,0.0,156.0,112.0,531.0,Rónald Gómez,2,2002,2006,6,0.5084745762711864,3.0508474576271185,1.0169491525423728,5.2542372881355925,2.711864406779661,1.3559322033898304,2.711864406779661,0.3389830508474576,0.6779661016949152,4.067796610169491,1.1864406779661016,35.762711864406775,26.94915254237288,26.440677966101692,18.983050847457626,61.86440677966101
11372,1.0,15,3.0,10.0,10.0,3.0,13.0,14.0,7.0,0.0,2.0,3.0,6.0,1.0,119.0,75.0,222.0,44.0,79.0,0.0,99.0,61.0,464.0,Jose Saturnino Cardozo Otazu,2,1998,2002,6,0.1939655172413793,2.9094827586206895,0.5818965517241379,1.939655172413793,0.5818965517241379,2.521551724137931,1.357758620689655,0.0,0.3879310344827586,1.1637931034482758,0.1939655172413793,23.081896551724135,14.547413793103447,19.20258620689655,11.831896551724137,43.060344827586206
11373,0.0,10,0.0,9.0,9.0,4.0,6.0,21.0,10.0,1.0,0.0,1.0,20.0,9.0,322.0,238.0,531.0,41.0,51.0,0.0,176.0,112.0,939.0,Denis Caniza,4,1998,2010,12,0.0,0.9584664536741214,0.0,0.8626198083067093,0.38338658146964855,0.5750798722044729,0.9584664536741214,0.09584664536741214,0.0,1.9169329073482428,0.8626198083067093,30.862619808306707,22.81150159744409,16.869009584664536,10.734824281150159,50.894568690095845
11378,0.0,8,3.0,3.0,12.0,9.0,32.0,48.0,17.0,0.0,1.0,0.0,3.0,0.0,1426.0,1265.0,1735.0,134.0,120.0,0.0,751.0,629.0,1950.0,Javier Mascherano,4,2006,2018,20,0.0,0.3692307692307692,0.13846153846153844,0.5538461538461538,0.41538461538461535,1.4769230769230768,0.7846153846153846,0.0,0.04615384615384615,0.13846153846153844,0.0,65.81538461538462,58.38461538461538,34.66153846153846,29.03076923076923,80.07692307692307
11381,0.0,9,3.0,2.0,17.0,6.0,6.0,14.0,13.0,2.0,5.0,0.0,31.0,7.0,181.0,137.0,317.0,22.0,59.0,0.0,109.0,76.0,569.0,Christian Bolaños,3,2006,2018,9,0.0,1.4235500878734624,0.47451669595782076,2.688927943760984,0.9490333919156415,0.9490333919156415,2.0562390158172232,0.3163444639718805,0.7908611599297013,4.9033391915641475,1.1072056239015817,28.629173989455186,21.669595782073813,17.240773286467487,12.02108963093146,50.14059753954306
11384,3.0,20,8.0,7.0,38.0,16.0,16.0,12.0,16.0,1.0,2.0,1.0,6.0,0.0,281.0,238.0,456.0,49.0,79.0,0.0,231.0,199.0,610.0,Carlos Tévez,2,2006,2010,8,0.4426229508196721,2.9508196721311477,1.180327868852459,5.606557377049181,2.360655737704918,2.360655737704918,2.360655737704918,0.14754098360655737,0.29508196721311475,0.8852459016393442,0.0,41.459016393442624,35.114754098360656,34.08196721311475,29.360655737704917,67.27868852459017
11410,0.0,2,0.0,0.0,2.0,2.0,2.0,2.0,0.0,0.0,0.0,0.0,0.0,0.0,244.0,194.0,335.0,26.0,14.0,0.0,91.0,48.0,519.0,Iván Jacinto Hurtado Angulo,2,2002,2006,6,0.0,0.3468208092485549,0.0,0.3468208092485549,0.3468208092485549,0.3468208092485549,0.0,0.0,0.0,0.0,0.0,42.3121387283237,33.641618497109825,15.780346820809248,8.323699421965317,58.092485549132945
11426,0.0,1,0.0,1.0,0.0,0.0,2.0,6.0,1.0,0.0,0.0,0.0,0.0,0.0,116.0,90.0,184.0,20.0,14.0,0.0,39.0,18.0,339.0,Giovanny Espinoza,1,2006,2006,4,0.0,0.26548672566371684,0.0,0.0,0.0,0.5309734513274337,0.26548672566371684,0.0,0.0,0.0,0.0,30.79646017699115,23.893805309734514,10.353982300884956,4.778761061946903,48.849557522123895
11432,1.0,5,1.0,3.0,12.0,5.0,14.0,13.0,4.0,0.0,1.0,1.0,6.0,1.0,151.0,100.0,221.0,28.0,31.0,0.0,133.0,82.0,315.0,Jorge Valdivia,2,2010,2014,7,0.2857142857142857,1.4285714285714286,0.2857142857142857,3.4285714285714284,1.4285714285714286,4.0,1.1428571428571428,0.0,0.2857142857142857,1.7142857142857142,0.2857142857142857,43.142857142857146,28.571428571428573,38.0,23.428571428571427,63.142857142857146
11433,1.0,24,8.0,10.0,22.0,9.0,8.0,14.0,12.0,2.0,2.0,0.0,47.0,9.0,431.0,353.0,615.0,39.0,51.0,0.0,269.0,206.0,638.0,Edison Méndez,3,2002,2014,8,0.14106583072100315,3.3855799373040756,1.1285266457680252,3.103448275862069,1.2695924764890283,1.1285266457680252,1.6927899686520378,0.2821316614420063,0.2821316614420063,6.630094043887148,1.2695924764890283,60.79937304075236,49.79623824451411,37.94670846394985,29.059561128526646,86.75548589341693
11451,0.0,5,1.0,1.0,1.0,1.0,11.0,7.0,1.0,0.0,0.0,0.0,0.0,0.0,218.0,190.0,281.0,26.0,21.0,0.0,97.0,85.0,433.0,Edwin Tenorio,2,2002,2006,6,0.0,1.0392609699769053,0.20785219399538107,0.20785219399538107,0.20785219399538107,2.2863741339491916,0.20785219399538107,0.0,0.0,0.0,0.0,45.311778290993075,39.491916859122405,20.161662817551964,17.66743648960739,58.40646651270208
11654,0.0,2,1.0,1.0,3.0,1.0,13.0,20.0,3.0,0.0,0.0,0.0,0.0,0.0,382.0,340.0,482.0,48.0,50.0,0.0,170.0,142.0,689.0,Valon Behrami,4,2006,2018,10,0.0,0.2612481857764877,0.13062409288824384,0.39187227866473145,0.13062409288824384,1.6981132075471697,0.39187227866473145,0.0,0.0,0.0,0.0,49.89840348330914,44.4121915820029,22.20609579100145,18.548621190130625,62.96081277213352
11688,3.0,18,5.0,6.0,25.0,12.0,11.0,12.0,12.0,1.0,3.0,1.0,2.0,0.0,202.0,149.0,329.0,31.0,55.0,2.0,175.0,125.0,654.0,Samuel Eto'o,4,1998,2014,8,0.41284403669724773,2.477064220183486,0.6880733944954128,3.4403669724770642,1.651376146788991,1.5137614678899083,1.651376146788991,0.13761467889908258,0.41284403669724773,0.27522935779816515,0.0,27.798165137614678,20.504587155963304,24.08256880733945,17.201834862385322,45.27522935779817
11691,5.0,36,14.0,13.0,31.0,10.0,20.0,19.0,14.0,0.0,2.0,5.0,17.0,5.0,276.0,200.0,515.0,69.0,145.0,2.0,219.0,151.0,924.0,Henrik Larsson,3,1994,2006,13,0.48701298701298695,3.506493506493506,1.3636363636363635,3.019480519480519,0.9740259740259739,1.9480519480519478,1.3636363636363635,0.0,0.1948051948051948,1.6558441558441557,0.48701298701298695,26.88311688311688,19.48051948051948,21.331168831168828,14.707792207792206,50.162337662337656
11781,0.0,15,4.0,5.0,8.0,3.0,5.0,4.0,14.0,0.0,1.0,1.0,13.0,2.0,364.0,307.0,462.0,21.0,24.0,0.0,285.0,236.0,568.0,David Silva,3,2010,2018,9,0.0,2.376760563380282,0.6338028169014085,1.267605633802817,0.47535211267605637,0.7922535211267606,2.2183098591549295,0.0,0.15845070422535212,2.0598591549295775,0.31690140845070425,57.67605633802817,48.6443661971831,45.15845070422535,37.3943661971831,73.20422535211267
11787,1.0,1,1.0,0.0,21.0,13.0,11.0,7.0,9.0,0.0,0.0,0.0,1.0,1.0,242.0,200.0,325.0,33.0,32.0,0.0,179.0,142.0,375.0,Juan Carlos Valerón,1,2002,2002,4,0.24,0.24,0.24,5.04,3.1199999999999997,2.6399999999999997,2.1599999999999997,0.0,0.0,0.24,0.24,58.08,48.0,42.959999999999994,34.08,78.0
11796,0.0,1,0.0,1.0,8.0,2.0,7.0,7.0,2.0,0.0,0.0,0.0,11.0,1.0,275.0,229.0,481.0,35.0,31.0,0.0,162.0,126.0,720.0,Pablo Zabaleta,1,2014,2014,7,0.0,0.125,0.0,1.0,0.25,0.875,0.25,0.0,0.0,1.375,0.125,34.375,28.625,20.25,15.75,60.125
11813,2.0,21,9.0,9.0,26.0,15.0,16.0,9.0,16.0,1.0,2.0,1.0,2.0,0.0,287.0,249.0,429.0,46.0,42.0,1.0,218.0,190.0,494.0,Robinho,2,2006,2010,8,0.3643724696356275,3.825910931174089,1.639676113360324,4.7368421052631575,2.7327935222672064,2.91497975708502,2.91497975708502,0.18218623481781376,0.3643724696356275,0.3643724696356275,0.0,52.28744939271255,45.364372469635626,39.716599190283404,34.61538461538461,78.15789473684211
11820,0.0,10,3.0,2.0,18.0,10.0,3.0,24.0,11.0,1.0,1.0,0.0,17.0,4.0,240.0,201.0,349.0,42.0,59.0,0.0,153.0,120.0,546.0,Antonio Valencia,2,2006,2014,7,0.0,1.6483516483516485,0.4945054945054945,2.967032967032967,1.6483516483516485,0.4945054945054945,1.8131868131868132,0.16483516483516483,0.16483516483516483,2.8021978021978025,0.6593406593406593,39.56043956043956,33.13186813186813,25.21978021978022,19.78021978021978,57.52747252747253
12394,0.0,0,0.0,0.0,4.0,2.0,4.0,9.0,1.0,0.0,0.0,0.0,0.0,0.0,197.0,164.0,250.0,21.0,24.0,0.0,68.0,43.0,360.0,Martin Škrtel,1,2010,2010,4,0.0,0.0,0.0,1.0,0.5,1.0,0.25,0.0,0.0,0.0,0.0,49.25,41.0,17.0,10.75,62.5
12397,0.0,0,0.0,0.0,7.0,4.0,7.0,7.0,2.0,0.0,0.0,0.0,19.0,4.0,207.0,144.0,390.0,44.0,36.0,0.0,120.0,69.0,634.0,Fatih Akyel,1,2002,2002,7,0.0,0.0,0.0,0.9936908517350158,0.5678233438485805,0.9936908517350158,0.28391167192429023,0.0,0.0,2.697160883280757,0.5678233438485805,29.384858044164037,20.441640378548897,17.034700315457414,9.794952681388013,55.36277602523659
12451,3.0,12,6.0,5.0,13.0,7.0,9.0,8.0,5.0,2.0,0.0,3.0,1.0,0.0,170.0,124.0,261.0,49.0,59.0,0.0,125.0,87.0,533.0,Agustín Javier Delgado Chalá,2,2002,2006,6,0.5065666041275797,2.026266416510319,1.0131332082551594,2.195121951219512,1.1819887429643527,1.5196998123827392,0.8442776735459662,0.33771106941838647,0.0,0.16885553470919323,0.0,28.705440900562852,20.93808630393996,21.106941838649156,14.690431519699812,44.071294559099435
12454,0.0,0,0.0,0.0,0.0,0.0,4.0,7.0,0.0,0.0,0.0,0.0,0.0,0.0,133.0,109.0,195.0,24.0,14.0,0.0,37.0,19.0,402.0,Jorge Guagua,2,2006,2014,6,0.0,0.0,0.0,0.0,0.0,0.8955223880597015,0.0,0.0,0.0,0.0,0.0,29.776119402985074,24.402985074626866,8.283582089552239,4.253731343283582,43.656716417910445
12458,0.0,2,1.0,1.0,5.0,4.0,2.0,5.0,1.0,0.0,0.0,0.0,0.0,0.0,122.0,106.0,159.0,19.0,7.0,0.0,57.0,47.0,270.0,Segundo Castillo,1,2006,2006,3,0.0,0.6666666666666666,0.3333333333333333,1.6666666666666667,1.3333333333333333,0.6666666666666666,0.3333333333333333,0.0,0.0,0.0,0.0,40.666666666666664,35.333333333333336,19.0,15.666666666666666,53.0
12471,2.0,24,8.0,9.0,2.0,2.0,4.0,6.0,8.0,0.0,0.0,0.0,2.0,0.0,428.0,383.0,489.0,13.0,17.0,0.0,285.0,253.0,565.0,Maniche,1,2006,2006,7,0.3185840707964602,3.8230088495575223,1.2743362831858407,0.3185840707964602,0.3185840707964602,0.6371681415929203,1.2743362831858407,0.0,0.0,0.3185840707964602,0.0,68.17699115044248,61.008849557522126,45.39823008849557,40.30088495575221,77.89380530973452
12497,0.0,0,0.0,0.0,2.0,2.0,1.0,3.0,1.0,0.0,0.0,0.0,0.0,0.0,186.0,151.0,250.0,28.0,9.0,0.0,53.0,26.0,360.0,Duilio Davino,1,1998,1998,4,0.0,0.0,0.0,0.5,0.5,0.25,0.25,0.0,0.0,0.0,0.0,46.5,37.75,13.25,6.5,62.5
12580,0.0,3,1.0,1.0,3.0,2.0,4.0,2.0,0.0,0.0,0.0,1.0,0.0,0.0,110.0,101.0,144.0,13.0,6.0,0.0,46.0,41.0,270.0,Waldo Ponce,1,2010,2010,3,0.0,1.0,0.3333333333333333,1.0,0.6666666666666666,1.3333333333333333,0.0,0.0,0.0,0.0,0.0,36.666666666666664,33.666666666666664,15.333333333333334,13.666666666666666,48.0
12650,0.0,2,0.0,2.0,0.0,0.0,3.0,6.0,4.0,2.0,1.0,0.0,0.0,0.0,138.0,114.0,166.0,16.0,18.0,0.0,85.0,68.0,270.0,Abel Aguilar,2,2014,2018,4,0.0,0.6666666666666666,0.0,0.0,0.0,1.0,1.3333333333333333,0.6666666666666666,0.3333333333333333,0.0,0.0,46.0,38.0,28.333333333333332,22.666666666666668,55.333333333333336
12673,0.0,1,0.0,1.0,3.0,2.0,4.0,3.0,0.0,0.0,0.0,0.0,0.0,0.0,119.0,98.0,163.0,18.0,7.0,0.0,37.0,23.0,364.0,Cristián Zapata,2,2014,2018,5,0.0,0.24725274725274726,0.0,0.7417582417582418,0.4945054945054945,0.989010989010989,0.0,0.0,0.0,0.0,0.0,29.423076923076923,24.23076923076923,9.148351648351648,5.686813186813187,40.3021978021978
12682,0.0,8,4.0,3.0,0.0,0.0,0.0,1.0,3.0,0.0,1.0,2.0,0.0,0.0,55.0,41.0,80.0,8.0,17.0,1.0,33.0,20.0,351.0,Theofanis Gekas,2,2010,2014,6,0.0,2.0512820512820515,1.0256410256410258,0.0,0.0,0.0,0.7692307692307693,0.0,0.25641025641025644,0.0,0.0,14.102564102564102,10.512820512820513,8.461538461538462,5.128205128205129,20.512820512820515
12743,4.0,33,17.0,10.0,18.0,9.0,22.0,12.0,9.0,0.0,1.0,5.0,11.0,1.0,291.0,222.0,468.0,57.0,70.0,1.0,190.0,134.0,929.0,Clint Dempsey,3,2006,2014,10,0.38751345532831,3.1969860064585576,1.6469321851453174,1.743810548977395,0.8719052744886975,2.131324004305705,0.8719052744886975,0.0,0.0968783638320775,1.0656620021528525,0.0968783638320775,28.19160387513455,21.506996770721205,18.406889128094726,12.981700753498384,45.339074273412265
12750,0.0,7,3.0,2.0,7.0,4.0,11.0,7.0,2.0,0.0,0.0,1.0,5.0,0.0,248.0,199.0,368.0,34.0,42.0,0.0,150.0,110.0,503.0,Mauricio Solís,2,2002,2006,6,0.0,1.2524850894632207,0.5367793240556661,1.2524850894632207,0.7157057654075547,1.9681908548707754,0.35785288270377735,0.0,0.0,0.8946322067594434,0.0,44.37375745526839,35.60636182902585,26.8389662027833,19.681908548707753,65.84493041749504
12764,2.0,13,6.0,3.0,2.0,0.0,8.0,6.0,4.0,0.0,0.0,3.0,1.0,0.0,101.0,69.0,159.0,21.0,28.0,0.0,71.0,43.0,474.0,Fred,2,2006,2014,7,0.379746835443038,2.4683544303797467,1.139240506329114,0.379746835443038,0.0,1.518987341772152,0.759493670886076,0.0,0.0,0.189873417721519,0.0,19.17721518987342,13.10126582278481,13.481012658227849,8.164556962025317,30.189873417721518
12800,1.0,3,2.0,0.0,8.0,6.0,4.0,18.0,5.0,0.0,1.0,0.0,15.0,2.0,447.0,362.0,683.0,55.0,45.0,0.0,236.0,168.0,914.0,Giovanni van Bronckhorst,2,2006,2010,10,0.09846827133479213,0.2954048140043764,0.19693654266958427,0.7877461706783371,0.5908096280087528,0.39387308533916854,0.4923413566739606,0.0,0.09846827133479213,1.477024070021882,0.19693654266958427,44.01531728665208,35.64551422319475,23.23851203501094,16.54266958424508,67.25382932166302
12869,0.0,1,0.0,0.0,8.0,4.0,14.0,4.0,1.0,0.0,0.0,0.0,4.0,0.0,150.0,124.0,231.0,27.0,13.0,0.0,54.0,35.0,360.0,Ján Ďurica,1,2010,2010,4,0.0,0.25,0.0,2.0,1.0,3.5,0.25,0.0,0.0,1.0,0.0,37.5,31.0,13.5,8.75,57.75
12926,8.0,51,19.0,20.0,71.0,32.0,40.0,18.0,27.0,3.0,4.0,4.0,32.0,9.0,575.0,465.0,943.0,137.0,128.0,1.0,439.0,335.0,1267.0,Rivaldo,2,1998,2002,14,0.5682715074980268,3.6227308602999213,1.3496448303078137,5.043409629044988,2.273086029992107,2.841357537490134,1.9179163378058406,0.21310181531176006,0.2841357537490134,2.273086029992107,0.6393054459352802,40.84451460142068,33.03078137332281,31.183898973954225,23.796369376479873,66.98500394632991
12974,0.0,4,2.0,0.0,3.0,2.0,2.0,2.0,3.0,0.0,0.0,0.0,3.0,0.0,154.0,131.0,207.0,19.0,13.0,0.0,100.0,83.0,270.0,Alexandros Tziolis,1,2010,2010,3,0.0,1.3333333333333333,0.6666666666666666,1.0,0.6666666666666666,0.6666666666666666,1.0,0.0,0.0,1.0,0.0,51.333333333333336,43.666666666666664,33.333333333333336,27.666666666666668,69.0
12994,21.0,140,64.0,46.0,227.0,140.0,94.0,29.0,101.0,12.0,24.0,12.0,126.0,38.0,1563.0,1301.0,2512.0,282.0,264.0,4.0,1288.0,1050.0,3054.0,Lionel Messi,6,2006,2026,34,0.6188605108055011,4.12573673870334,1.8860510805500985,6.68958742632613,4.12573673870334,2.770137524557957,2.976424361493124,0.35363457760314343,0.7072691552062869,3.7131630648330063,1.119842829076621,46.060903732809436,38.33988212180747,37.956777996070734,30.943025540275052,74.02750491159136
13000,0.0,0,0.0,0.0,14.0,9.0,4.0,9.0,1.0,0.0,0.0,0.0,8.0,3.0,154.0,110.0,304.0,43.0,32.0,0.0,94.0,61.0,441.0,Ferdinand Coly,1,2002,2002,5,0.0,0.0,0.0,2.8571428571428568,1.8367346938775508,0.8163265306122448,0.2040816326530612,0.0,0.0,1.6326530612244896,0.6122448979591836,31.428571428571427,22.448979591836732,19.183673469387752,12.448979591836734,62.04081632653061
13017,0.0,1,0.0,1.0,1.0,1.0,4.0,8.0,2.0,0.0,1.0,0.0,0.0,0.0,260.0,246.0,325.0,27.0,18.0,0.0,62.0,52.0,450.0,Miranda,1,2018,2018,5,0.0,0.2,0.0,0.2,0.2,0.8,0.4,0.0,0.2,0.0,0.0,52.0,49.2,12.4,10.4,65.0
13139,0.0,1,0.0,0.0,5.0,2.0,5.0,6.0,3.0,0.0,0.0,0.0,6.0,0.0,219.0,176.0,281.0,22.0,24.0,0.0,105.0,71.0,422.0,Mehdi Lacen,2,2010,2014,6,0.0,0.21327014218009477,0.0,1.066350710900474,0.42654028436018954,1.066350710900474,0.6398104265402843,0.0,0.0,1.2796208530805686,0.0,46.70616113744076,37.53554502369668,22.39336492890995,15.14218009478673,59.92890995260663
13204,0.0,2,0.0,2.0,0.0,0.0,2.0,10.0,2.0,0.0,0.0,0.0,5.0,0.0,306.0,262.0,390.0,27.0,18.0,0.0,108.0,75.0,630.0,Bruno Alves,2,2010,2014,7,0.0,0.2857142857142857,0.0,0.0,0.0,0.2857142857142857,0.2857142857142857,0.0,0.0,0.7142857142857143,0.0,43.714285714285715,37.42857142857143,15.428571428571429,10.714285714285714,55.714285714285715
13278,0.0,1,0.0,1.0,1.0,1.0,0.0,1.0,0.0,0.0,0.0,0.0,1.0,0.0,187.0,163.0,228.0,19.0,12.0,0.0,82.0,61.0,270.0,Vasily Berezutskiy,1,2014,2014,3,0.0,0.3333333333333333,0.0,0.3333333333333333,0.3333333333333333,0.0,0.0,0.0,0.0,0.3333333333333333,0.0,62.333333333333336,54.333333333333336,27.333333333333332,20.333333333333332,76.0
13303,0.0,5,3.0,2.0,0.0,0.0,7.0,4.0,0.0,0.0,0.0,0.0,0.0,0.0,323.0,253.0,458.0,52.0,29.0,0.0,142.0,88.0,780.0,Sergey Ignashevich,2,2014,2018,8,0.0,0.576923076923077,0.3461538461538462,0.0,0.0,0.8076923076923077,0.0,0.0,0.0,0.0,0.0,37.269230769230774,29.192307692307693,16.384615384615387,10.153846153846155,52.84615384615385
13309,0.0,3,0.0,1.0,2.0,0.0,1.0,3.0,0.0,0.0,0.0,0.0,12.0,0.0,90.0,67.0,163.0,15.0,14.0,0.0,62.0,46.0,292.0,Yury Zhirkov,2,2014,2018,4,0.0,0.9246575342465754,0.0,0.6164383561643836,0.0,0.3082191780821918,0.0,0.0,0.0,3.6986301369863015,0.0,27.73972602739726,20.65068493150685,19.10958904109589,14.178082191780822,50.23972602739726
13321,0.0,4,1.0,2.0,13.0,7.0,14.0,9.0,12.0,0.0,0.0,0.0,47.0,9.0,246.0,189.0,395.0,37.0,37.0,0.0,178.0,132.0,628.0,Aleksandr Samedov,2,2014,2018,8,0.0,0.5732484076433121,0.14331210191082802,1.8630573248407643,1.003184713375796,2.006369426751592,1.7197452229299364,0.0,0.0,6.735668789808917,1.2898089171974523,35.254777070063696,27.085987261146496,25.50955414012739,18.9171974522293,56.60828025477707
13436,0.0,0,0.0,0.0,2.0,0.0,2.0,3.0,2.0,0.0,0.0,0.0,10.0,2.0,91.0,74.0,160.0,13.0,12.0,0.0,46.0,33.0,270.0,Loukas Vyntra,1,2010,2010,3,0.0,0.0,0.0,0.6666666666666666,0.0,0.6666666666666666,0.6666666666666666,0.0,0.0,3.3333333333333335,0.6666666666666666,30.333333333333332,24.666666666666668,15.333333333333334,11.0,53.333333333333336
13447,0.0,2,2.0,0.0,1.0,1.0,6.0,8.0,0.0,0.0,0.0,0.0,0.0,0.0,139.0,105.0,233.0,28.0,22.0,0.0,53.0,25.0,578.0,Diego Lugano,2,2010,2014,7,0.0,0.31141868512110726,0.31141868512110726,0.15570934256055363,0.15570934256055363,0.9342560553633218,0.0,0.0,0.0,0.0,0.0,21.643598615916954,16.34948096885813,8.252595155709342,3.8927335640138407,36.280276816608996
13456,1.0,8,5.0,3.0,11.0,8.0,20.0,11.0,5.0,0.0,1.0,0.0,2.0,0.0,277.0,214.0,417.0,71.0,35.0,0.0,154.0,107.0,632.0,Cristian Riveros,2,2006,2010,7,0.14240506329113925,1.139240506329114,0.7120253164556962,1.5664556962025316,1.139240506329114,2.848101265822785,0.7120253164556962,0.0,0.14240506329113925,0.2848101265822785,0.0,39.44620253164557,30.474683544303797,21.930379746835442,15.237341772151899,59.38291139240506
13459,0.0,2,0.0,1.0,0.0,0.0,3.0,7.0,1.0,1.0,0.0,0.0,1.0,0.0,236.0,196.0,304.0,25.0,16.0,0.0,82.0,50.0,481.0,Paulo da Silva,2,2006,2010,6,0.0,0.37422037422037424,0.0,0.0,0.0,0.5613305613305614,0.18711018711018712,0.18711018711018712,0.0,0.18711018711018712,0.0,44.15800415800416,36.67359667359668,15.343035343035345,9.355509355509357,56.881496881496886
13630,1.0,6,1.0,4.0,6.0,4.0,9.0,18.0,6.0,0.0,1.0,0.0,3.0,0.0,267.0,237.0,352.0,38.0,36.0,0.0,146.0,125.0,452.0,Fernandinho,2,2014,2018,10,0.19911504424778761,1.1946902654867257,0.19911504424778761,1.1946902654867257,0.7964601769911505,1.7920353982300885,1.1946902654867257,0.0,0.19911504424778761,0.5973451327433629,0.0,53.163716814159294,47.190265486725664,29.070796460176993,24.88938053097345,70.08849557522124
13636,1.0,4,1.0,2.0,6.0,3.0,4.0,4.0,5.0,0.0,0.0,0.0,1.0,1.0,52.0,38.0,92.0,13.0,18.0,0.0,35.0,23.0,270.0,Julius Aghahowa,1,2002,2002,3,0.3333333333333333,1.3333333333333333,0.3333333333333333,2.0,1.0,1.3333333333333333,1.6666666666666667,0.0,0.0,0.3333333333333333,0.3333333333333333,17.333333333333332,12.666666666666666,11.666666666666666,7.666666666666667,30.666666666666668
14072,1.0,20,4.0,11.0,9.0,0.0,5.0,12.0,7.0,0.0,1.0,2.0,4.0,0.0,156.0,103.0,243.0,36.0,82.0,1.0,127.0,80.0,526.0,Chu-young Park,3,2006,2014,7,0.1711026615969582,3.422053231939164,0.6844106463878328,1.5399239543726237,0.0,0.855513307984791,1.1977186311787074,0.0,0.1711026615969582,0.6844106463878328,0.0,26.692015209125476,17.623574144486692,21.73003802281369,13.688212927756656,41.57794676806084
14112,0.0,0,0.0,0.0,2.0,0.0,1.0,5.0,2.0,0.0,0.0,0.0,0.0,0.0,107.0,86.0,149.0,6.0,16.0,0.0,62.0,48.0,270.0,Dickson Etuhu,1,2010,2010,3,0.0,0.0,0.0,0.6666666666666666,0.0,0.3333333333333333,0.6666666666666666,0.0,0.0,0.0,0.0,35.666666666666664,28.666666666666668,20.666666666666668,16.0,49.666666666666664
14120,1.0,3,1.0,2.0,1.0,0.0,5.0,5.0,1.0,0.0,0.0,0.0,2.0,0.0,83.0,53.0,142.0,21.0,14.0,0.0,35.0,11.0,270.0,Winston Reid,1,2010,2010,3,0.3333333333333333,1.0,0.3333333333333333,0.3333333333333333,0.0,1.6666666666666667,0.3333333333333333,0.0,0.0,0.6666666666666666,0.0,27.666666666666668,17.666666666666668,11.666666666666666,3.6666666666666665,47.333333333333336
14468,1.0,23,4.0,11.0,19.0,15.0,11.0,8.0,23.0,1.0,3.0,0.0,16.0,4.0,542.0,476.0,676.0,35.0,37.0,0.0,374.0,313.0,810.0,Yaya Touré,3,2006,2014,9,0.1111111111111111,2.5555555555555554,0.4444444444444444,2.111111111111111,1.6666666666666667,1.2222222222222223,2.5555555555555554,0.1111111111111111,0.3333333333333333,1.7777777777777777,0.4444444444444444,60.22222222222222,52.888888888888886,41.55555555555556,34.77777777777778,75.11111111111111
14480,0.0,0,0.0,0.0,0.0,0.0,2.0,6.0,0.0,0.0,0.0,0.0,0.0,0.0,56.0,37.0,107.0,15.0,14.0,0.0,26.0,14.0,270.0,Jamba,1,2006,2006,3,0.0,0.0,0.0,0.0,0.0,0.6666666666666666,0.0,0.0,0.0,0.0,0.0,18.666666666666668,12.333333333333334,8.666666666666666,4.666666666666667,35.666666666666664
14484,0.0,2,0.0,2.0,6.0,3.0,2.0,6.0,2.0,0.0,0.0,0.0,10.0,3.0,81.0,61.0,156.0,9.0,15.0,0.0,53.0,38.0,270.0,Loco,1,2006,2006,3,0.0,0.6666666666666666,0.0,2.0,1.0,0.6666666666666666,0.6666666666666666,0.0,0.0,3.3333333333333335,1.0,27.0,20.333333333333332,17.666666666666668,12.666666666666666,52.0
14506,0.0,2,1.0,1.0,0.0,0.0,1.0,2.0,0.0,0.0,0.0,0.0,0.0,0.0,85.0,68.0,125.0,14.0,6.0,0.0,25.0,15.0,270.0,Dare Nibombe,1,2006,2006,3,0.0,0.6666666666666666,0.3333333333333333,0.0,0.0,0.3333333333333333,0.0,0.0,0.0,0.0,0.0,28.333333333333332,22.666666666666668,8.333333333333334,5.0,41.666666666666664
14601,0.0,2,1.0,1.0,5.0,3.0,3.0,7.0,2.0,1.0,0.0,0.0,1.0,0.0,110.0,92.0,180.0,29.0,18.0,0.0,35.0,23.0,297.0,Pierre Issa,2,1998,2002,4,0.0,0.6060606060606061,0.30303030303030304,1.5151515151515151,0.9090909090909092,0.9090909090909092,0.6060606060606061,0.30303030303030304,0.0,0.30303030303030304,0.0,33.333333333333336,27.87878787878788,10.606060606060607,6.96969696969697,54.54545454545455
14607,1.0,9,3.0,6.0,3.0,1.0,1.0,2.0,6.0,1.0,2.0,1.0,21.0,5.0,137.0,108.0,203.0,10.0,14.0,0.0,91.0,64.0,270.0,Siphiwe Tshabalala,1,2010,2010,3,0.3333333333333333,3.0,1.0,1.0,0.3333333333333333,0.3333333333333333,2.0,0.3333333333333333,0.6666666666666666,7.0,1.6666666666666667,45.666666666666664,36.0,30.333333333333332,21.333333333333332,67.66666666666667
14650,0.0,8,1.0,6.0,9.0,6.0,4.0,13.0,7.0,0.0,0.0,0.0,40.0,5.0,425.0,322.0,723.0,37.0,30.0,0.0,297.0,210.0,870.0,John Paintsil,2,2006,2010,9,0.0,0.8275862068965518,0.10344827586206898,0.9310344827586208,0.6206896551724138,0.4137931034482759,0.7241379310344828,0.0,0.0,4.137931034482759,0.5172413793103449,43.96551724137931,33.310344827586206,30.724137931034484,21.724137931034484,74.79310344827587
14797,0.0,2,0.0,2.0,0.0,0.0,24.0,3.0,1.0,0.0,0.0,0.0,0.0,0.0,185.0,142.0,325.0,57.0,21.0,0.0,80.0,52.0,660.0,Yuji Nakazawa,2,2006,2010,7,0.0,0.27272727272727276,0.0,0.0,0.0,3.272727272727273,0.13636363636363638,0.0,0.0,0.0,0.0,25.227272727272727,19.363636363636363,10.90909090909091,7.090909090909091,44.31818181818182
14838,0.0,2,1.0,1.0,1.0,1.0,4.0,4.0,1.0,0.0,0.0,0.0,5.0,0.0,174.0,140.0,266.0,37.0,16.0,0.0,55.0,31.0,472.0,Madjid Bougherra,2,2010,2014,6,0.0,0.3813559322033898,0.1906779661016949,0.1906779661016949,0.1906779661016949,0.7627118644067796,0.1906779661016949,0.0,0.0,0.9533898305084746,0.0,33.17796610169491,26.694915254237287,10.48728813559322,5.911016949152542,50.720338983050844
14914,0.0,7,1.0,5.0,0.0,0.0,2.0,7.0,2.0,0.0,1.0,3.0,0.0,0.0,338.0,305.0,438.0,40.0,14.0,0.0,84.0,68.0,720.0,Ezequiel Garay,1,2014,2014,7,0.0,0.875,0.125,0.0,0.0,0.25,0.25,0.0,0.125,0.0,0.0,42.25,38.125,10.5,8.5,54.75
14915,0.0,10,3.0,7.0,11.0,5.0,10.0,12.0,6.0,1.0,1.0,5.0,1.0,0.0,111.0,81.0,190.0,37.0,32.0,0.0,85.0,59.0,383.0,Guillermo Franco,2,2006,2010,7,0.0,2.349869451697128,0.7049608355091384,2.5848563968668405,1.174934725848564,2.349869451697128,1.4099216710182767,0.2349869451697128,0.2349869451697128,0.2349869451697128,0.0,26.08355091383812,19.033942558746737,19.973890339425587,13.864229765013055,44.64751958224543
14920,1.0,9,4.0,2.0,28.0,17.0,23.0,13.0,28.0,3.0,4.0,1.0,55.0,10.0,1314.0,1170.0,1806.0,108.0,62.0,0.0,673.0,577.0,1920.0,Philipp Lahm,3,2006,2014,20,0.046875,0.421875,0.1875,1.3125,0.796875,1.078125,1.3125,0.140625,0.1875,2.578125,0.46875,61.59375,54.84375,31.546875,27.046875,84.65625
14933,1.0,6,2.0,4.0,12.0,8.0,18.0,14.0,4.0,0.0,1.0,2.0,0.0,0.0,578.0,473.0,825.0,112.0,62.0,1.0,224.0,155.0,1367.0,Diego Godín,4,2010,2022,16,0.06583760058522312,0.3950256035113387,0.13167520117044623,0.7900512070226774,0.5267008046817849,1.1850768105340161,0.26335040234089246,0.0,0.06583760058522312,0.0,0.0,38.05413313825896,31.141185076810537,14.747622531089979,10.204828090709583,54.31602048280907
14942,1.0,19,2.0,11.0,26.0,16.0,9.0,11.0,16.0,1.0,2.0,0.0,33.0,8.0,385.0,328.0,579.0,49.0,53.0,1.0,246.0,204.0,890.0,Andrés Guardado,5,2006,2022,13,0.10112359550561797,1.9213483146067416,0.20224719101123595,2.629213483146067,1.6179775280898876,0.9101123595505618,1.6179775280898876,0.10112359550561797,0.20224719101123595,3.337078651685393,0.8089887640449438,38.93258426966292,33.168539325842694,24.876404494382022,20.629213483146067,58.550561797752806
14954,1.0,13,5.0,5.0,5.0,4.0,4.0,10.0,7.0,1.0,1.0,1.0,5.0,1.0,458.0,374.0,567.0,31.0,42.0,0.0,270.0,192.0,780.0,Michael Bradley,2,2010,2014,8,0.11538461538461539,1.5,0.576923076923077,0.576923076923077,0.46153846153846156,0.46153846153846156,0.8076923076923077,0.11538461538461539,0.11538461538461539,0.576923076923077,0.11538461538461539,52.84615384615385,43.15384615384615,31.153846153846157,22.153846153846157,65.42307692307693
14990,1.0,16,7.0,7.0,3.0,0.0,7.0,6.0,4.0,0.0,0.0,2.0,0.0,0.0,119.0,92.0,187.0,17.0,26.0,2.0,78.0,56.0,444.0,Edin Džeko,2,2014,2026,6,0.2027027027027027,3.243243243243243,1.4189189189189189,0.6081081081081081,0.0,1.4189189189189189,0.8108108108108107,0.0,0.0,0.0,0.0,24.12162162162162,18.64864864864865,15.81081081081081,11.35135135135135,37.9054054054054
15156,1.0,10,4.0,3.0,9.0,5.0,10.0,16.0,0.0,0.0,0.0,1.0,2.0,0.0,54.0,39.0,123.0,33.0,48.0,0.0,38.0,23.0,270.0,Reza Ghoochannejhad,1,2014,2014,3,0.3333333333333333,3.3333333333333335,1.3333333333333333,3.0,1.6666666666666667,3.3333333333333335,0.0,0.0,0.0,0.6666666666666666,0.0,18.0,13.0,12.666666666666666,7.666666666666667,41.0
15454,0.0,1,0.0,0.0,0.0,0.0,0.0,6.0,0.0,0.0,0.0,0.0,0.0,0.0,293.0,267.0,342.0,16.0,12.0,0.0,90.0,72.0,360.0,Mark Milligan,2,2014,2018,4,0.0,0.25,0.0,0.0,0.0,0.0,0.0,0.0,0.0,0.0,0.0,73.25,66.75,22.5,18.0,85.5
15455,0.0,5,1.0,2.0,4.0,1.0,8.0,8.0,10.0,1.0,0.0,1.0,26.0,12.0,223.0,175.0,349.0,19.0,22.0,0.0,150.0,109.0,421.0,Luke Wilkshire,2,2006,2010,5,0.0,1.0688836104513064,0.21377672209026127,0.8551068883610451,0.21377672209026127,1.7102137767220902,2.137767220902613,0.21377672209026127,0.0,5.558194774346793,2.565320665083135,47.672209026128264,37.410926365795724,32.06650831353919,23.301662707838478,74.60807600950119
15460,0.0,3,1.0,1.0,14.0,6.0,11.0,7.0,4.0,0.0,1.0,1.0,16.0,3.0,190.0,133.0,365.0,36.0,35.0,0.0,118.0,76.0,435.0,Oleh Husiev,1,2006,2006,5,0.0,0.6206896551724138,0.20689655172413796,2.896551724137931,1.2413793103448276,2.2758620689655173,0.8275862068965518,0.0,0.20689655172413796,3.3103448275862073,0.6206896551724138,39.310344827586206,27.517241379310345,24.413793103448278,15.724137931034484,75.51724137931035
15461,1.0,9,3.0,4.0,11.0,4.0,9.0,9.0,12.0,2.0,4.0,0.0,32.0,11.0,118.0,86.0,225.0,30.0,33.0,1.0,78.0,54.0,330.0,Maksym Kalynychenko,1,2006,2006,4,0.27272727272727276,2.4545454545454546,0.8181818181818182,3.0,1.090909090909091,2.4545454545454546,3.272727272727273,0.5454545454545455,1.090909090909091,8.727272727272728,3.0,32.18181818181818,23.454545454545457,21.272727272727273,14.727272727272728,61.36363636363637
15466,2.0,24,11.0,7.0,30.0,18.0,38.0,32.0,35.0,2.0,4.0,1.0,94.0,22.0,1420.0,1252.0,1801.0,107.0,102.0,0.0,876.0,747.0,1967.0,Luka Modrić,5,2006,2026,23,0.09150991357397052,1.0981189628876462,0.5033045246568378,1.3726487036095578,0.8235892221657347,1.73868835790544,1.6014234875444842,0.09150991357397052,0.18301982714794104,4.300965937976614,1.0066090493136757,64.97203863751906,57.285205897305545,40.081342145399084,34.17895271987799,82.40467717336045
15496,1.0,10,2.0,4.0,14.0,8.0,11.0,8.0,6.0,1.0,0.0,0.0,10.0,3.0,244.0,187.0,341.0,35.0,26.0,0.0,157.0,110.0,495.0,John O'Brien,2,2002,2006,6,0.18181818181818182,1.8181818181818181,0.36363636363636365,2.5454545454545454,1.4545454545454546,2.0,1.0909090909090908,0.18181818181818182,0.0,1.8181818181818181,0.5454545454545454,44.36363636363637,34.0,28.545454545454547,20.0,62.0
15508,0.0,4,0.0,2.0,3.0,1.0,8.0,9.0,8.0,0.0,0.0,0.0,11.0,5.0,176.0,137.0,311.0,29.0,29.0,0.0,100.0,71.0,533.0,Carlos Bonet,3,2002,2010,6,0.0,0.6754221388367729,0.0,0.5065666041275797,0.16885553470919323,1.3508442776735459,1.3508442776735459,0.0,0.0,1.8574108818011257,0.8442776735459662,29.71857410881801,23.133208255159474,16.885553470919323,11.98874296435272,52.514071294559095
15530,0.0,6,2.0,4.0,4.0,2.0,12.0,15.0,7.0,1.0,1.0,1.0,13.0,0.0,271.0,227.0,459.0,51.0,42.0,0.0,173.0,142.0,663.0,Juan Pablo Sorín,2,2002,2006,7,0.0,0.8144796380090498,0.2714932126696833,0.5429864253393666,0.2714932126696833,1.6289592760180995,0.9502262443438915,0.13574660633484165,0.13574660633484165,1.7647058823529413,0.0,36.787330316742086,30.81447963800905,23.484162895927604,19.276018099547514,62.307692307692314
15553,1.0,11,6.0,4.0,9.0,6.0,5.0,4.0,0.0,0.0,0.0,0.0,1.0,0.0,38.0,35.0,97.0,16.0,21.0,0.0,27.0,25.0,270.0,Mohamed Kader,1,2006,2006,3,0.3333333333333333,3.6666666666666665,2.0,3.0,2.0,1.6666666666666667,0.0,0.0,0.0,0.3333333333333333,0.0,12.666666666666666,11.666666666666666,9.0,8.333333333333334,32.333333333333336
15561,0.0,0,0.0,0.0,1.0,0.0,1.0,3.0,0.0,0.0,0.0,0.0,0.0,0.0,43.0,31.0,76.0,6.0,9.0,0.0,16.0,9.0,270.0,Amir Hossein Sadeghi,1,2014,2014,3,0.0,0.0,0.0,0.3333333333333333,0.0,0.3333333333333333,0.0,0.0,0.0,0.0,0.0,14.333333333333334,10.333333333333334,5.333333333333333,3.0,25.333333333333332
15563,0.0,2,0.0,2.0,5.0,2.0,7.0,7.0,5.0,1.0,1.0,1.0,0.0,0.0,160.0,124.0,244.0,25.0,27.0,0.0,70.0,50.0,450.0,Javad Nekounam,2,2006,2014,5,0.0,0.4,0.0,1.0,0.4,1.4,1.0,0.2,0.2,0.0,0.0,32.0,24.8,14.0,10.0,48.8
15576,0.0,4,2.0,1.0,8.0,6.0,4.0,4.0,2.0,1.0,0.0,0.0,13.0,1.0,126.0,85.0,289.0,29.0,22.0,0.0,76.0,47.0,480.0,Yuichi Komano,2,2006,2010,5,0.0,0.75,0.375,1.5,1.125,0.75,0.375,0.1875,0.0,2.4375,0.1875,23.625,15.9375,14.25,8.8125,54.1875
15583,1.0,3,2.0,0.0,5.0,1.0,1.0,7.0,10.0,0.0,0.0,0.0,28.0,6.0,234.0,196.0,311.0,12.0,24.0,0.0,149.0,123.0,470.0,Yasuhito Endo,2,2010,2014,6,0.19148936170212766,0.5744680851063829,0.3829787234042553,0.9574468085106382,0.19148936170212766,0.19148936170212766,1.9148936170212765,0.0,0.0,5.361702127659575,1.1489361702127658,44.80851063829787,37.53191489361702,28.53191489361702,23.5531914893617,59.5531914893617
15601,0.0,3,1.0,2.0,5.0,3.0,9.0,14.0,0.0,0.0,0.0,1.0,0.0,0.0,229.0,188.0,346.0,44.0,29.0,0.0,68.0,41.0,540.0,Redha Tukar,2,2002,2006,6,0.0,0.5,0.16666666666666666,0.8333333333333334,0.5,1.5,0.0,0.0,0.0,0.0,0.0,38.166666666666664,31.333333333333332,11.333333333333334,6.833333333333333,57.666666666666664
15602,0.0,1,0.0,1.0,2.0,1.0,2.0,2.0,0.0,0.0,0.0,0.0,0.0,0.0,118.0,101.0,154.0,11.0,11.0,0.0,37.0,26.0,270.0,Hamad Al Montashari,1,2006,2006,3,0.0,0.3333333333333333,0.0,0.6666666666666666,0.3333333333333333,0.6666666666666666,0.0,0.0,0.0,0.0,0.0,39.333333333333336,33.666666666666664,12.333333333333334,8.666666666666666,51.333333333333336
15609,0.0,1,0.0,1.0,12.0,6.0,8.0,9.0,6.0,1.0,2.0,1.0,4.0,1.0,147.0,110.0,224.0,27.0,34.0,0.0,96.0,64.0,336.0,Mohammed Noor,2,2002,2006,5,0.0,0.26785714285714285,0.0,3.2142857142857144,1.6071428571428572,2.142857142857143,1.6071428571428572,0.26785714285714285,0.5357142857142857,1.0714285714285714,0.26785714285714285,39.375,29.464285714285715,25.714285714285715,17.142857142857142,60.0
15610,0.0,1,0.0,1.0,3.0,0.0,5.0,8.0,3.0,0.0,0.0,0.0,1.0,0.0,91.0,75.0,145.0,18.0,29.0,0.0,48.0,37.0,270.0,Saud Kariri,1,2006,2006,3,0.0,0.3333333333333333,0.0,1.0,0.0,1.6666666666666667,1.0,0.0,0.0,0.3333333333333333,0.0,30.333333333333332,25.0,16.0,12.333333333333334,48.333333333333336
15634,0.0,0,0.0,0.0,1.0,0.0,2.0,6.0,1.0,1.0,0.0,0.0,7.0,1.0,113.0,81.0,191.0,11.0,20.0,0.0,71.0,47.0,270.0,Bojan Jokić,1,2010,2010,3,0.0,0.0,0.0,0.3333333333333333,0.0,0.6666666666666666,0.3333333333333333,0.3333333333333333,0.0,2.3333333333333335,0.3333333333333333,37.666666666666664,27.0,23.666666666666668,15.666666666666666,63.666666666666664
15684,0.0,2,0.0,2.0,0.0,0.0,3.0,11.0,5.0,0.0,1.0,0.0,1.0,1.0,409.0,338.0,516.0,31.0,33.0,0.0,188.0,130.0,698.0,Gonzalo Jara,2,2010,2014,8,0.0,0.25787965616045844,0.0,0.0,0.0,0.3868194842406877,0.6446991404011462,0.0,0.12893982808022922,0.12893982808022922,0.12893982808022922,52.73638968481375,43.58166189111748,24.240687679083095,16.7621776504298,66.53295128939828
15758,0.0,7,1.0,5.0,5.0,2.0,4.0,6.0,3.0,0.0,0.0,0.0,18.0,5.0,151.0,123.0,244.0,15.0,26.0,0.0,83.0,61.0,270.0,Mariano Andres Pernia,1,2006,2006,3,0.0,2.3333333333333335,0.3333333333333333,1.6666666666666667,0.6666666666666666,1.3333333333333333,1.0,0.0,0.0,6.0,1.6666666666666667,50.333333333333336,41.0,27.666666666666668,20.333333333333332,81.33333333333333
15761,2.0,19,5.0,5.0,19.0,7.0,15.0,11.0,6.0,1.0,1.0,1.0,4.0,0.0,110.0,82.0,221.0,33.0,53.0,1.0,85.0,63.0,474.0,Andriy Shevchenko,1,2006,2006,5,0.379746835443038,3.607594936708861,0.949367088607595,3.607594936708861,1.3291139240506329,2.848101265822785,1.139240506329114,0.189873417721519,0.189873417721519,0.759493670886076,0.0,20.88607594936709,15.569620253164556,16.139240506329113,11.962025316455696,41.962025316455694
16176,2.0,22,9.0,6.0,39.0,22.0,16.0,7.0,48.0,4.0,10.0,5.0,50.0,15.0,836.0,718.0,1115.0,57.0,70.0,0.0,689.0,577.0,1420.0,Mesut Özil,3,2010,2018,16,0.1267605633802817,1.3943661971830985,0.5704225352112676,2.471830985915493,1.3943661971830985,1.0140845070422535,3.0422535211267605,0.2535211267605634,0.6338028169014084,3.169014084507042,0.9507042253521126,52.985915492957744,45.50704225352113,43.66901408450704,36.570422535211264,70.66901408450704
16336,0.0,1,0.0,1.0,1.0,1.0,2.0,3.0,1.0,0.0,0.0,0.0,0.0,0.0,141.0,129.0,169.0,10.0,10.0,0.0,41.0,32.0,270.0,Sol Bamba,1,2014,2014,3,0.0,0.3333333333333333,0.0,0.3333333333333333,0.3333333333333333,0.6666666666666666,0.3333333333333333,0.0,0.0,0.0,0.0,47.0,43.0,13.666666666666666,10.666666666666666,56.333333333333336
16374,0.0,4,0.0,3.0,1.0,1.0,3.0,7.0,3.0,0.0,0.0,0.0,0.0,0.0,69.0,45.0,102.0,31.0,34.0,0.0,52.0,32.0,270.0,Stern John,1,2006,2006,3,0.0,1.3333333333333333,0.0,0.3333333333333333,0.3333333333333333,1.0,1.0,0.0,0.0,0.0,0.0,23.0,15.0,17.333333333333332,10.666666666666666,34.0
16401,0.0,2,1.0,0.0,9.0,4.0,4.0,3.0,4.0,0.0,0.0,0.0,22.0,5.0,152.0,124.0,248.0,18.0,12.0,0.0,76.0,58.0,270.0,Nadir Belhadj,1,2010,2010,3,0.0,0.6666666666666666,0.3333333333333333,3.0,1.3333333333333333,1.3333333333333333,1.3333333333333333,0.0,0.0,7.333333333333333,1.6666666666666667,50.666666666666664,41.333333333333336,25.333333333333332,19.333333333333332,82.66666666666667
16540,1.0,9,5.0,3.0,13.0,4.0,7.0,8.0,15.0,1.0,3.0,0.0,41.0,12.0,184.0,159.0,305.0,18.0,33.0,0.0,147.0,122.0,355.0,Mathieu Valbuena,2,2010,2014,5,0.2535211267605634,2.2816901408450705,1.2676056338028168,3.295774647887324,1.0140845070422535,1.7746478873239435,3.8028169014084505,0.2535211267605634,0.7605633802816901,10.394366197183098,3.0422535211267605,46.64788732394366,40.309859154929576,37.267605633802816,30.929577464788732,77.32394366197182
16543,0.0,8,1.0,6.0,9.0,6.0,2.0,13.0,4.0,0.0,0.0,0.0,9.0,1.0,218.0,195.0,334.0,17.0,25.0,0.0,116.0,100.0,422.0,Michel Bastos,1,2010,2010,5,0.0,1.7061611374407581,0.21327014218009477,1.919431279620853,1.2796208530805686,0.42654028436018954,0.8530805687203791,0.0,0.0,1.919431279620853,0.21327014218009477,46.49289099526066,41.58767772511848,24.739336492890995,21.327014218009477,71.23222748815165
16632,2.0,10,4.0,4.0,3.0,2.0,2.0,7.0,1.0,0.0,0.0,2.0,3.0,0.0,394.0,350.0,524.0,48.0,33.0,0.0,148.0,116.0,688.0,Mats Hummels,2,2014,2018,8,0.26162790697674415,1.3081395348837208,0.5232558139534883,0.39244186046511625,0.26162790697674415,0.26162790697674415,0.13081395348837208,0.0,0.0,0.39244186046511625,0.0,51.5406976744186,45.78488372093023,19.36046511627907,15.174418604651162,68.54651162790698
16779,0.0,3,1.0,1.0,13.0,5.0,6.0,7.0,5.0,0.0,1.0,0.0,30.0,6.0,127.0,103.0,254.0,25.0,31.0,1.0,68.0,52.0,390.0,José Holebas,1,2014,2014,4,0.0,0.6923076923076924,0.23076923076923078,3.0,1.153846153846154,1.3846153846153848,1.153846153846154,0.0,0.23076923076923078,6.923076923076923,1.3846153846153848,29.30769230769231,23.76923076923077,15.692307692307693,12.0,58.61538461538462
16921,2.0,14,5.0,6.0,4.0,3.0,12.0,9.0,5.0,0.0,0.0,0.0,24.0,4.0,772.0,670.0,1063.0,67.0,42.0,0.0,318.0,247.0,1259.0,Jan Vertonghen,3,2014,2022,14,0.14297061159650518,1.0007942811755361,0.3574265289912629,0.28594122319301035,0.21445591739475775,0.857823669579031,0.3574265289912629,0.0,0.0,1.715647339158062,0.28594122319301035,55.18665607625099,47.89515488482923,22.73232724384432,17.656870532168387,75.9888800635425
16943,7.0,46,22.0,16.0,45.0,15.0,42.0,27.0,20.0,4.0,5.0,8.0,36.0,3.0,376.0,251.0,692.0,79.0,106.0,0.0,304.0,194.0,1317.0,Luis Suárez,4,2010,2022,16,0.4783599088838269,3.143507972665148,1.5034168564920274,3.0751708428246016,1.0250569476082005,2.8701594533029615,1.366742596810934,0.2733485193621868,0.3416856492027335,2.4601366742596813,0.2050113895216401,25.69476082004556,17.15261958997722,20.774487471526196,13.257403189066059,47.289293849658314
17094,2.0,19,5.0,7.0,16.0,2.0,7.0,4.0,5.0,1.0,1.0,1.0,8.0,0.0,174.0,135.0,303.0,29.0,59.0,0.0,137.0,102.0,600.0,Sergio Agüero,3,2010,2018,12,0.3,2.85,0.75,2.4,0.3,1.05,0.75,0.15,0.15,1.2,0.0,26.099999999999998,20.25,20.55,15.299999999999999,45.449999999999996
17149,3.0,12,4.0,6.0,24.0,13.0,9.0,9.0,5.0,0.0,1.0,1.0,2.0,1.0,84.0,64.0,184.0,37.0,41.0,0.0,68.0,50.0,418.0,Luís Fabiano,1,2010,2010,5,0.6459330143540669,2.5837320574162677,0.8612440191387559,5.167464114832535,2.7990430622009566,1.9377990430622007,1.076555023923445,0.0,0.21531100478468898,0.43062200956937796,0.21531100478468898,18.086124401913874,13.779904306220095,14.64114832535885,10.765550239234448,39.61722488038277
17161,0.0,4,1.0,1.0,6.0,4.0,6.0,4.0,1.0,1.0,0.0,0.0,3.0,1.0,139.0,108.0,199.0,23.0,18.0,0.0,80.0,58.0,270.0,Pablo Garcia,1,2002,2002,3,0.0,1.3333333333333333,0.3333333333333333,2.0,1.3333333333333333,2.0,0.3333333333333333,0.3333333333333333,0.0,1.0,0.3333333333333333,46.333333333333336,36.0,26.666666666666668,19.333333333333332,66.33333333333333
17302,0.0,1,1.0,0.0,0.0,0.0,4.0,2.0,0.0,0.0,0.0,0.0,0.0,0.0,73.0,59.0,124.0,25.0,12.0,0.0,26.0,16.0,270.0,Avraam Papadopoulos,1,2010,2010,3,0.0,0.3333333333333333,0.3333333333333333,0.0,0.0,1.3333333333333333,0.0,0.0,0.0,0.0,0.0,24.333333333333332,19.666666666666668,8.666666666666666,5.333333333333333,41.333333333333336
17416,1.0,9,2.0,6.0,18.0,6.0,8.0,10.0,4.0,0.0,1.0,0.0,44.0,5.0,193.0,140.0,391.0,32.0,34.0,1.0,114.0,70.0,625.0,Vasilīs Torosidīs,2,2010,2014,7,0.144,1.296,0.288,2.592,0.864,1.152,0.576,0.0,0.144,6.335999999999999,0.72,27.791999999999998,20.16,16.416,10.08,56.303999999999995
17490,0.0,2,1.0,0.0,7.0,5.0,6.0,4.0,1.0,0.0,0.0,0.0,0.0,0.0,164.0,133.0,232.0,26.0,11.0,0.0,94.0,72.0,348.0,Giannis Maniatis,1,2014,2014,4,0.0,0.5172413793103449,0.25862068965517243,1.8103448275862069,1.293103448275862,1.5517241379310345,0.25862068965517243,0.0,0.0,0.0,0.0,42.41379310344828,34.39655172413793,24.310344827586206,18.620689655172413,60.0
17656,0.0,2,0.0,1.0,7.0,1.0,8.0,4.0,1.0,0.0,1.0,0.0,7.0,2.0,106.0,78.0,185.0,19.0,19.0,0.0,64.0,40.0,292.0,Juanfran,1,2002,2002,3,0.0,0.6164383561643836,0.0,2.1575342465753424,0.3082191780821918,2.4657534246575343,0.3082191780821918,0.0,0.3082191780821918,2.1575342465753424,0.6164383561643836,32.67123287671233,24.041095890410958,19.726027397260275,12.32876712328767,57.02054794520548
17740,1.0,12,4.0,5.0,17.0,7.0,2.0,6.0,6.0,0.0,1.0,0.0,20.0,3.0,119.0,93.0,211.0,17.0,22.0,1.0,87.0,66.0,270.0,Nani,1,2014,2014,3,0.3333333333333333,4.0,1.3333333333333333,5.666666666666667,2.3333333333333335,0.6666666666666666,2.0,0.0,0.3333333333333333,6.666666666666667,1.0,39.666666666666664,31.0,29.0,22.0,70.33333333333333
17744,1.0,8,2.0,5.0,18.0,9.0,7.0,4.0,11.0,1.0,1.0,0.0,38.0,7.0,359.0,309.0,588.0,40.0,28.0,0.0,233.0,192.0,720.0,Maicon,2,2010,2014,8,0.125,1.0,0.25,2.25,1.125,0.875,1.375,0.125,0.125,4.75,0.875,44.875,38.625,29.125,24.0,73.5
17787,0.0,12,2.0,6.0,18.0,13.0,15.0,10.0,19.0,2.0,4.0,0.0,34.0,5.0,543.0,457.0,795.0,55.0,37.0,0.0,346.0,279.0,850.0,Marcelo,2,2014,2018,10,0.0,1.2705882352941176,0.21176470588235294,1.9058823529411764,1.3764705882352941,1.588235294117647,2.011764705882353,0.21176470588235294,0.4235294117647059,3.6,0.5294117647058824,57.49411764705882,48.38823529411765,36.63529411764706,29.541176470588233,84.17647058823529
17799,0.0,3,0.0,2.0,0.0,0.0,10.0,6.0,3.0,0.0,1.0,0.0,0.0,0.0,220.0,188.0,274.0,26.0,19.0,0.0,117.0,94.0,404.0,Lucas Biglia,2,2014,2018,8,0.0,0.6683168316831684,0.0,0.0,0.0,2.227722772277228,0.6683168316831684,0.0,0.22277227722772278,0.0,0.0,49.00990099009901,41.88118811881188,26.064356435643564,20.94059405940594,61.039603960396036
17869,1.0,7,1.0,4.0,6.0,1.0,5.0,1.0,6.0,0.0,1.0,0.0,3.0,1.0,174.0,146.0,217.0,14.0,20.0,0.0,120.0,96.0,270.0,Egor Titov,1,2002,2002,3,0.3333333333333333,2.3333333333333335,0.3333333333333333,2.0,0.3333333333333333,1.6666666666666667,2.0,0.0,0.3333333333333333,1.0,0.3333333333333333,58.0,48.666666666666664,40.0,32.0,72.33333333333333
17884,0.0,2,1.0,1.0,3.0,2.0,10.0,8.0,3.0,0.0,1.0,0.0,6.0,0.0,177.0,132.0,344.0,39.0,23.0,0.0,107.0,74.0,473.0,Jorge Fucile,2,2010,2014,6,0.0,0.38054968287526425,0.19027484143763213,0.5708245243128964,0.38054968287526425,1.9027484143763214,0.5708245243128964,0.0,0.19027484143763213,1.1416490486257929,0.0,33.678646934460886,25.11627906976744,20.35940803382664,14.080338266384778,65.45454545454545
17936,6.0,63,22.0,32.0,24.0,8.0,19.0,16.0,18.0,3.0,3.0,9.0,17.0,1.0,270.0,197.0,516.0,74.0,128.0,4.0,215.0,146.0,1026.0,Asamoah Gyan,3,2006,2014,11,0.5263157894736842,5.526315789473684,1.9298245614035088,2.1052631578947367,0.7017543859649122,1.6666666666666665,1.5789473684210527,0.2631578947368421,0.2631578947368421,1.4912280701754386,0.08771929824561403,23.684210526315788,17.280701754385966,18.859649122807017,12.807017543859649,45.26315789473684
17992,0.0,2,1.0,1.0,2.0,1.0,5.0,6.0,3.0,0.0,0.0,0.0,1.0,0.0,235.0,194.0,287.0,12.0,20.0,0.0,122.0,90.0,390.0,Johann Vogel,1,2006,2006,4,0.0,0.46153846153846156,0.23076923076923078,0.46153846153846156,0.23076923076923078,1.153846153846154,0.6923076923076924,0.0,0.0,0.23076923076923078,0.0,54.23076923076923,44.769230769230774,28.153846153846157,20.76923076923077,66.23076923076924
18093,0.0,3,0.0,2.0,5.0,4.0,3.0,7.0,9.0,0.0,0.0,0.0,13.0,2.0,128.0,105.0,202.0,20.0,18.0,0.0,87.0,66.0,270.0,Dwight Yorke,1,2006,2006,3,0.0,1.0,0.0,1.6666666666666667,1.3333333333333333,1.0,3.0,0.0,0.0,4.333333333333333,0.6666666666666666,42.666666666666664,35.0,29.0,22.0,67.33333333333333
18209,0.0,4,1.0,1.0,7.0,1.0,7.0,3.0,2.0,1.0,1.0,0.0,0.0,0.0,64.0,40.0,110.0,15.0,21.0,0.0,49.0,30.0,270.0,Milivoje Novakovič,1,2010,2010,3,0.0,1.3333333333333333,0.3333333333333333,2.3333333333333335,0.3333333333333333,2.3333333333333335,0.6666666666666666,0.3333333333333333,0.3333333333333333,0.0,0.0,21.333333333333332,13.333333333333334,16.333333333333332,10.0,36.666666666666664
18304,1.0,4,2.0,0.0,4.0,3.0,5.0,3.0,4.0,1.0,2.0,2.0,1.0,0.0,138.0,119.0,191.0,13.0,21.0,0.0,81.0,64.0,364.0,Charles Aránguiz,1,2014,2014,4,0.24725274725274726,0.989010989010989,0.4945054945054945,0.989010989010989,0.7417582417582418,1.2362637362637363,0.989010989010989,0.24725274725274726,0.4945054945054945,0.24725274725274726,0.0,34.120879120879124,29.423076923076923,20.02747252747253,15.824175824175825,47.22527472527473
18312,0.0,7,3.0,3.0,10.0,4.0,3.0,11.0,3.0,1.0,0.0,1.0,4.0,0.0,85.0,49.0,160.0,21.0,51.0,0.0,65.0,33.0,308.0,Lucas Barrios,1,2010,2010,5,0.0,2.0454545454545454,0.8766233766233766,2.9220779220779223,1.168831168831169,0.8766233766233766,0.8766233766233766,0.29220779220779225,0.0,1.168831168831169,0.0,24.837662337662337,14.318181818181818,18.993506493506494,9.642857142857144,46.753246753246756
18342,0.0,11,4.0,5.0,7.0,5.0,17.0,22.0,3.0,0.0,1.0,1.0,2.0,1.0,288.0,230.0,456.0,65.0,52.0,1.0,179.0,135.0,541.0,Arturo Vidal,2,2010,2014,7,0.0,1.8299445471349354,0.6654343807763401,1.1645101663585953,0.8317929759704251,2.8280961182994453,0.49907578558225507,0.0,0.16635859519408502,0.33271719038817005,0.16635859519408502,47.91127541589649,38.262476894639555,29.77818853974122,22.45841035120148,75.85951940850278
18488,0.0,1,0.0,1.0,2.0,2.0,2.0,6.0,0.0,0.0,0.0,0.0,0.0,0.0,175.0,158.0,233.0,15.0,14.0,0.0,49.0,37.0,389.0,Vedran Ćorluka,2,2014,2018,7,0.0,0.23136246786632392,0.0,0.46272493573264784,0.46272493573264784,0.46272493573264784,0.0,0.0,0.0,0.0,0.0,40.48843187660669,36.55526992287918,11.336760925449871,8.560411311053985,53.907455012853475
18634,0.0,2,1.0,0.0,1.0,0.0,4.0,6.0,3.0,0.0,0.0,0.0,0.0,0.0,170.0,146.0,221.0,14.0,22.0,0.0,95.0,76.0,272.0,Carlos Carmona,2,2010,2014,4,0.0,0.6617647058823529,0.33088235294117646,0.33088235294117646,0.0,1.3235294117647058,0.9926470588235294,0.0,0.0,0.0,0.0,56.25,48.30882352941177,31.433823529411764,25.147058823529413,73.125
18886,5.0,18,7.0,8.0,4.0,0.0,15.0,16.0,11.0,1.0,2.0,4.0,3.0,1.0,201.0,133.0,318.0,62.0,63.0,0.0,127.0,72.0,788.0,Mario Mandžukić,2,2014,2018,8,0.5710659898477157,2.0558375634517763,0.7994923857868019,0.45685279187817257,0.0,1.713197969543147,1.2563451776649746,0.11421319796954314,0.22842639593908629,0.3426395939086294,0.11421319796954314,22.95685279187817,15.190355329949236,14.505076142131978,8.223350253807105,36.31979695431472
19101,0.0,1,0.0,1.0,4.0,1.0,5.0,4.0,8.0,0.0,1.0,0.0,32.0,11.0,201.0,142.0,378.0,14.0,22.0,0.0,126.0,81.0,480.0,Claudio Morel Rodriguez,1,2010,2010,5,0.0,0.1875,0.0,0.75,0.1875,0.9375,1.5,0.0,0.1875,6.0,2.0625,37.6875,26.625,23.625,15.1875,70.875
19271,0.0,2,0.0,2.0,3.0,0.0,4.0,4.0,0.0,0.0,0.0,0.0,2.0,0.0,102.0,86.0,164.0,14.0,18.0,0.0,56.0,46.0,270.0,Tomokazu Myojin,1,2002,2002,3,0.0,0.6666666666666666,0.0,1.0,0.0,1.3333333333333333,0.0,0.0,0.0,0.6666666666666666,0.0,34.0,28.666666666666668,18.666666666666668,15.333333333333334,54.666666666666664
19303,2.0,10,3.0,5.0,6.0,1.0,14.0,12.0,1.0,0.0,0.0,2.0,0.0,0.0,76.0,53.0,174.0,27.0,38.0,1.0,55.0,36.0,421.0,Shinji Okazaki,3,2010,2018,10,0.42755344418052255,2.137767220902613,0.6413301662707838,1.2826603325415675,0.21377672209026127,2.9928741092636577,0.21377672209026127,0.0,0.0,0.0,0.0,16.247030878859857,11.330166270783847,11.75771971496437,7.695961995249406,37.19714964370546
19340,0.0,14,5.0,8.0,10.0,3.0,5.0,5.0,6.0,1.0,1.0,2.0,4.0,1.0,65.0,48.0,144.0,21.0,30.0,0.0,41.0,26.0,270.0,Jong Tae-se,1,2010,2010,3,0.0,4.666666666666667,1.6666666666666667,3.3333333333333335,1.0,1.6666666666666667,2.0,0.3333333333333333,0.3333333333333333,1.3333333333333333,0.3333333333333333,21.666666666666668,16.0,13.666666666666666,8.666666666666666,48.0
19352,0.0,3,1.0,1.0,1.0,0.0,4.0,4.0,1.0,0.0,1.0,0.0,3.0,0.0,90.0,76.0,150.0,12.0,10.0,0.0,49.0,40.0,270.0,Matteo Darmian,1,2014,2014,3,0.0,1.0,0.3333333333333333,0.3333333333333333,0.0,1.3333333333333333,0.3333333333333333,0.0,0.3333333333333333,1.0,0.0,30.0,25.333333333333332,16.333333333333332,13.333333333333334,50.0
19367,3.0,8,4.0,2.0,10.0,3.0,9.0,15.0,5.0,2.0,0.0,0.0,0.0,0.0,105.0,70.0,181.0,55.0,58.0,0.0,82.0,52.0,333.0,Artem Dzyuba,1,2018,2018,5,0.8108108108108107,2.162162162162162,1.081081081081081,2.7027027027027026,0.8108108108108107,2.4324324324324325,1.3513513513513513,0.5405405405405405,0.0,0.0,0.0,28.378378378378375,18.91891891891892,22.16216216216216,14.054054054054053,48.91891891891892
19382,0.0,6,2.0,2.0,5.0,2.0,10.0,12.0,5.0,1.0,3.0,0.0,20.0,6.0,713.0,599.0,974.0,65.0,32.0,0.0,400.0,310.0,1194.0,Jérôme Boateng,3,2010,2018,14,0.0,0.4522613065326633,0.1507537688442211,0.37688442211055273,0.1507537688442211,0.7537688442211055,0.37688442211055273,0.07537688442211055,0.22613065326633164,1.507537688442211,0.4522613065326633,53.74371859296482,45.15075376884422,30.15075376884422,23.36683417085427,73.41708542713567
19414,0.0,2,1.0,1.0,1.0,0.0,3.0,4.0,2.0,0.0,0.0,1.0,0.0,0.0,119.0,112.0,158.0,11.0,7.0,0.0,20.0,14.0,270.0,Matthew Špiranović,1,2014,2014,3,0.0,0.6666666666666666,0.3333333333333333,0.3333333333333333,0.0,1.0,0.6666666666666666,0.0,0.0,0.0,0.0,39.666666666666664,37.333333333333336,6.666666666666667,4.666666666666667,52.666666666666664
19437,0.0,2,0.0,2.0,4.0,2.0,10.0,5.0,9.0,0.0,2.0,0.0,2.0,0.0,360.0,322.0,420.0,27.0,21.0,0.0,256.0,222.0,373.0,Fernando Gago,1,2014,2014,6,0.0,0.4825737265415549,0.0,0.9651474530831098,0.4825737265415549,2.4128686327077746,2.171581769436997,0.0,0.4825737265415549,0.4825737265415549,0.0,86.86327077747988,77.69436997319035,61.769436997319026,53.565683646112596,101.34048257372653
19438,5.0,30,17.0,10.0,30.0,11.0,11.0,14.0,9.0,1.0,1.0,13.0,12.0,0.0,254.0,211.0,451.0,40.0,83.0,1.0,178.0,143.0,1045.0,Gonzalo Higuaín,3,2010,2018,14,0.430622009569378,2.583732057416268,1.4641148325358853,2.583732057416268,0.9473684210526316,0.9473684210526316,0.7751196172248804,0.0861244019138756,0.0861244019138756,1.0334928229665072,0.0,21.875598086124402,18.172248803827753,15.330143540669857,12.31578947368421,38.8421052631579
20505,0.0,3,0.0,3.0,1.0,0.0,3.0,0.0,0.0,0.0,0.0,2.0,0.0,0.0,151.0,128.0,207.0,11.0,9.0,0.0,29.0,14.0,270.0,Ian Goodison,1,1998,1998,3,0.0,1.0,0.0,0.3333333333333333,0.0,1.0,0.0,0.0,0.0,0.0,0.0,50.333333333333336,42.666666666666664,9.666666666666666,4.666666666666667,69.0
21134,0.0,1,0.0,1.0,0.0,0.0,1.0,0.0,0.0,0.0,0.0,0.0,0.0,0.0,192.0,170.0,224.0,21.0,7.0,0.0,65.0,53.0,289.0,Mamadou Sakho,1,2014,2014,4,0.0,0.31141868512110726,0.0,0.0,0.0,0.31141868512110726,0.0,0.0,0.0,0.0,0.0,59.792387543252595,52.94117647058823,20.242214532871973,16.505190311418684,69.75778546712803
21204,0.0,1,0.0,0.0,10.0,4.0,4.0,7.0,1.0,0.0,0.0,0.0,6.0,1.0,203.0,180.0,349.0,25.0,24.0,0.0,96.0,82.0,480.0,Gregory van der Wiel,1,2010,2010,5,0.0,0.1875,0.0,1.875,0.75,0.75,0.1875,0.0,0.0,1.125,0.1875,38.0625,33.75,18.0,15.375,65.4375
21212,3.0,15,5.0,7.0,4.0,1.0,4.0,3.0,6.0,0.0,1.0,3.0,1.0,0.0,93.0,75.0,159.0,11.0,36.0,0.0,66.0,52.0,447.0,Diego Costa,2,2014,2018,6,0.6040268456375839,3.0201342281879193,1.006711409395973,0.8053691275167785,0.20134228187919462,0.8053691275167785,1.2080536912751678,0.0,0.20134228187919462,0.20134228187919462,0.0,18.7248322147651,15.100671140939596,13.288590604026846,10.46979865771812,32.013422818791945
21300,2.0,9,5.0,2.0,5.0,2.0,11.0,12.0,2.0,1.0,1.0,1.0,4.0,2.0,332.0,266.0,452.0,41.0,29.0,0.0,143.0,86.0,660.0,David Luiz,1,2014,2014,7,0.27272727272727276,1.2272727272727273,0.6818181818181819,0.6818181818181819,0.27272727272727276,1.5,0.27272727272727276,0.13636363636363638,0.13636363636363638,0.5454545454545455,0.27272727272727276,45.27272727272727,36.27272727272727,19.5,11.727272727272728,61.63636363636364
21482,0.0,5,2.0,2.0,2.0,0.0,6.0,9.0,1.0,1.0,1.0,1.0,2.0,0.0,278.0,227.0,464.0,43.0,38.0,1.0,169.0,133.0,690.0,Benedikt Höwedes,1,2014,2014,7,0.0,0.6521739130434783,0.2608695652173913,0.2608695652173913,0.0,0.7826086956521738,0.13043478260869565,0.13043478260869565,0.13043478260869565,0.2608695652173913,0.0,36.26086956521739,29.60869565217391,22.043478260869563,17.34782608695652,60.52173913043478
21521,5.0,44,14.0,22.0,28.0,15.0,20.0,20.0,19.0,2.0,7.0,4.0,12.0,3.0,382.0,290.0,635.0,69.0,94.0,1.0,250.0,174.0,1349.0,Edinson Cavani,4,2010,2022,17,0.3335804299481097,2.9355077835433656,0.9340252038547072,1.8680504077094144,1.000741289844329,1.3343217197924389,1.267605633802817,0.1334321719792439,0.4670126019273536,0.8005930318754633,0.20014825796886582,25.48554484803558,19.347664936990363,16.679021497405486,11.608598962194218,42.364714603409936
21535,0.0,3,0.0,2.0,0.0,0.0,3.0,5.0,1.0,0.0,0.0,0.0,0.0,0.0,316.0,274.0,413.0,29.0,32.0,0.0,108.0,75.0,635.0,Simon Kjær,3,2010,2022,7,0.0,0.4251968503937008,0.0,0.0,0.0,0.4251968503937008,0.14173228346456693,0.0,0.0,0.0,0.0,44.78740157480315,38.83464566929134,15.30708661417323,10.62992125984252,58.53543307086614
21555,0.0,0,0.0,0.0,3.0,2.0,0.0,4.0,5.0,1.0,2.0,0.0,8.0,3.0,263.0,240.0,343.0,9.0,10.0,0.0,133.0,120.0,315.0,César Azpilicueta,2,2014,2022,4,0.0,0.0,0.0,0.8571428571428571,0.5714285714285714,0.0,1.4285714285714286,0.2857142857142857,0.5714285714285714,2.2857142857142856,0.8571428571428571,75.14285714285714,68.57142857142857,38.0,34.285714285714285,98.0
21626,1.0,15,3.0,7.0,24.0,9.0,4.0,4.0,5.0,0.0,0.0,1.0,3.0,0.0,161.0,119.0,280.0,39.0,55.0,0.0,120.0,84.0,647.0,Eric Maxim Choupo-Moting,3,2010,2022,8,0.1391035548686244,2.0865533230293662,0.41731066460587324,3.338485316846986,1.2519319938176197,0.5564142194744977,0.6955177743431221,0.0,0.0,0.41731066460587324,0.0,22.39567233384853,16.553323029366304,16.69242658423493,11.684698608964451,38.948995363214834
21764,2.0,14,3.0,8.0,11.0,9.0,10.0,31.0,7.0,0.0,0.0,2.0,4.0,1.0,297.0,244.0,440.0,84.0,81.0,0.0,201.0,153.0,731.0,Marouane Fellaini,2,2014,2018,10,0.24623803009575926,1.7236662106703147,0.3693570451436389,1.354309165526676,1.1080711354309165,1.2311901504787963,0.8618331053351573,0.0,0.0,0.4924760601915185,0.12311901504787963,36.56634746922025,30.04103967168263,24.746922024623803,18.837209302325583,54.172366621067034
21768,2.0,7,3.0,3.0,26.0,12.0,16.0,15.0,11.0,0.0,1.0,1.0,7.0,3.0,318.0,261.0,474.0,46.0,79.0,1.0,201.0,165.0,793.0,Bryan Ruiz,3,2014,2022,9,0.22698612862547288,0.7944514501891551,0.34047919293820933,2.9508196721311473,1.3619167717528373,1.815889029003783,1.2484237074401008,0.0,0.11349306431273644,0.7944514501891551,0.34047919293820933,36.090794451450186,29.62168978562421,22.812105926860024,18.726355611601512,53.79571248423707
21961,0.0,4,1.0,2.0,1.0,1.0,8.0,6.0,4.0,0.0,0.0,0.0,0.0,0.0,287.0,260.0,349.0,28.0,16.0,0.0,155.0,137.0,510.0,Anthony Annan,1,2010,2010,5,0.0,0.7058823529411764,0.1764705882352941,0.1764705882352941,0.1764705882352941,1.4117647058823528,0.7058823529411764,0.0,0.0,0.0,0.0,50.647058823529406,45.88235294117647,27.352941176470587,24.176470588235293,61.588235294117645
21992,0.0,3,0.0,3.0,7.0,6.0,8.0,1.0,1.0,0.0,1.0,1.0,0.0,0.0,167.0,129.0,247.0,35.0,21.0,0.0,91.0,64.0,421.0,Albin Ekdal,1,2018,2018,5,0.0,0.6413301662707838,0.0,1.4964370546318289,1.2826603325415675,1.7102137767220902,0.21377672209026127,0.0,0.21377672209026127,0.0,0.0,35.70071258907363,27.577197149643705,19.453681710213775,13.681710213776721,52.802850356294535
22126,1.0,4,2.0,2.0,11.0,6.0,9.0,6.0,2.0,0.0,0.0,1.0,1.0,1.0,226.0,196.0,290.0,36.0,28.0,0.0,140.0,119.0,550.0,Georginio Wijnaldum,1,2014,2014,7,0.16363636363636364,0.6545454545454545,0.32727272727272727,1.8,0.9818181818181819,1.4727272727272729,0.32727272727272727,0.0,0.0,0.16363636363636364,0.16363636363636364,36.981818181818184,32.07272727272728,22.90909090909091,19.472727272727273,47.45454545454546
22975,0.0,4,1.0,1.0,2.0,2.0,9.0,8.0,2.0,0.0,0.0,0.0,2.0,1.0,412.0,370.0,548.0,43.0,36.0,0.0,127.0,103.0,648.0,Gary Medel,2,2010,2014,7,0.0,0.5555555555555556,0.1388888888888889,0.2777777777777778,0.2777777777777778,1.25,0.2777777777777778,0.0,0.0,0.2777777777777778,0.1388888888888889,57.22222222222222,51.388888888888886,17.63888888888889,14.305555555555555,76.11111111111111
22991,0.0,5,2.0,0.0,15.0,8.0,12.0,2.0,6.0,1.0,2.0,0.0,29.0,5.0,106.0,83.0,208.0,25.0,22.0,0.0,77.0,59.0,356.0,Ezequiel Lavezzi,1,2014,2014,6,0.0,1.2640449438202246,0.5056179775280899,3.792134831460674,2.0224719101123596,3.033707865168539,1.5168539325842696,0.25280898876404495,0.5056179775280899,7.331460674157303,1.2640449438202246,26.79775280898876,20.983146067415728,19.46629213483146,14.915730337078651,52.58426966292134
24140,0.0,3,1.0,1.0,7.0,3.0,4.0,1.0,3.0,0.0,2.0,0.0,10.0,2.0,94.0,73.0,161.0,16.0,10.0,0.0,60.0,45.0,270.0,Atsuto Uchida,1,2014,2014,3,0.0,1.0,0.3333333333333333,2.3333333333333335,1.0,1.3333333333333333,1.0,0.0,0.6666666666666666,3.3333333333333335,0.6666666666666666,31.333333333333332,24.333333333333332,20.0,15.0,53.666666666666664
24238,4.0,24,8.0,8.0,17.0,8.0,34.0,21.0,15.0,3.0,2.0,1.0,25.0,4.0,334.0,261.0,545.0,75.0,85.0,0.0,264.0,200.0,707.0,Keisuke Honda,3,2010,2018,10,0.5091937765205092,3.0551626591230554,1.0183875530410185,2.164073550212164,1.0183875530410185,4.328147100424328,1.9094766619519095,0.3818953323903819,0.2545968882602546,3.1824611032531824,0.5091937765205092,42.51768033946252,33.22489391796323,33.60678925035361,25.45968882602546,69.37765205091938
24248,0.0,5,0.0,3.0,2.0,1.0,9.0,13.0,2.0,1.0,1.0,1.0,0.0,0.0,663.0,573.0,825.0,59.0,34.0,0.0,256.0,188.0,1020.0,Maya Yoshida,3,2014,2022,11,0.0,0.4411764705882353,0.0,0.1764705882352941,0.08823529411764705,0.7941176470588235,0.1764705882352941,0.08823529411764705,0.08823529411764705,0.0,0.0,58.5,50.55882352941176,22.588235294117645,16.588235294117645,72.79411764705883
24386,0.0,4,0.0,4.0,1.0,0.0,5.0,4.0,1.0,0.0,1.0,1.0,1.0,0.0,118.0,73.0,197.0,25.0,20.0,0.0,71.0,33.0,390.0,Marcus Tulio Tanaka,1,2010,2010,4,0.0,0.9230769230769231,0.0,0.23076923076923078,0.0,1.153846153846154,0.23076923076923078,0.0,0.23076923076923078,0.23076923076923078,0.0,27.230769230769234,16.846153846153847,16.384615384615387,7.615384615384616,45.46153846153847
24397,0.0,5,2.0,2.0,5.0,2.0,16.0,14.0,4.0,0.0,1.0,0.0,8.0,0.0,481.0,401.0,611.0,40.0,54.0,0.0,243.0,181.0,842.0,Makoto Hasebe,3,2010,2018,11,0.0,0.5344418052256532,0.21377672209026127,0.5344418052256532,0.21377672209026127,1.7102137767220902,0.42755344418052255,0.0,0.10688836104513064,0.8551068883610451,0.0,51.41330166270784,42.86223277909738,25.973871733966746,19.346793349168646,65.30878859857482
24401,0.0,1,1.0,0.0,4.0,0.0,4.0,3.0,1.0,0.0,0.0,0.0,0.0,0.0,87.0,69.0,150.0,19.0,22.0,0.0,40.0,25.0,351.0,Yuki Abe,1,2010,2010,4,0.0,0.25641025641025644,0.25641025641025644,1.0256410256410258,0.0,1.0256410256410258,0.25641025641025644,0.0,0.0,0.0,0.0,22.307692307692307,17.692307692307693,10.256410256410257,6.410256410256411,38.46153846153846
24451,0.0,2,0.0,1.0,2.0,2.0,4.0,4.0,0.0,0.0,0.0,0.0,1.0,0.0,213.0,161.0,259.0,14.0,15.0,0.0,118.0,73.0,360.0,Naoki Matsuda,1,2002,2002,4,0.0,0.5,0.0,0.5,0.5,1.0,0.0,0.0,0.0,0.25,0.0,53.25,40.25,29.5,18.25,64.75
24464,2.0,8,4.0,2.0,3.0,1.0,9.0,2.0,1.0,1.0,1.0,1.0,5.0,0.0,124.0,107.0,185.0,17.0,20.0,1.0,72.0,58.0,292.0,Takashi Inui,1,2018,2018,4,0.6164383561643836,2.4657534246575343,1.2328767123287672,0.9246575342465754,0.3082191780821918,2.773972602739726,0.3082191780821918,0.3082191780821918,0.3082191780821918,1.5410958904109588,0.0,38.21917808219178,32.97945205479452,22.191780821917806,17.876712328767123,57.02054794520548
24596,0.0,2,1.0,0.0,5.0,3.0,4.0,4.0,8.0,1.0,0.0,0.0,26.0,7.0,109.0,81.0,210.0,19.0,17.0,0.0,61.0,39.0,270.0,Dmitry Kombarov,1,2014,2014,3,0.0,0.6666666666666666,0.3333333333333333,1.6666666666666667,1.0,1.3333333333333333,2.6666666666666665,0.3333333333333333,0.0,8.666666666666666,2.3333333333333335,36.333333333333336,27.0,20.333333333333332,13.0,70.0
24639,0.0,0,0.0,0.0,0.0,0.0,1.0,7.0,1.0,0.0,0.0,0.0,2.0,0.0,96.0,79.0,152.0,11.0,12.0,0.0,47.0,36.0,334.0,Fedor Kudryashov,1,2018,2018,4,0.0,0.0,0.0,0.0,0.0,0.2694610778443114,0.2694610778443114,0.0,0.0,0.5389221556886228,0.0,25.86826347305389,21.2874251497006,12.664670658682635,9.70059880239521,40.958083832335326
24681,0.0,0,0.0,0.0,0.0,0.0,0.0,4.0,0.0,0.0,0.0,0.0,0.0,0.0,126.0,112.0,162.0,4.0,12.0,0.0,23.0,12.0,270.0,Alex Wilkinson,1,2014,2014,3,0.0,0.0,0.0,0.0,0.0,0.0,0.0,0.0,0.0,0.0,0.0,42.0,37.333333333333336,7.666666666666667,4.0,54.0
24685,3.0,8,4.0,3.0,4.0,1.0,6.0,12.0,0.0,0.0,0.0,0.0,2.0,1.0,333.0,266.0,419.0,38.0,30.0,0.0,175.0,121.0,556.0,Mile Jedinak,3,2010,2018,7,0.4856115107913669,1.2949640287769784,0.6474820143884892,0.6474820143884892,0.1618705035971223,0.9712230215827338,0.0,0.0,0.0,0.3237410071942446,0.1618705035971223,53.902877697841724,43.05755395683453,28.3273381294964,19.586330935251798,67.82374100719424
25233,0.0,3,1.0,2.0,3.0,2.0,9.0,3.0,5.0,0.0,0.0,1.0,12.0,4.0,174.0,135.0,314.0,31.0,19.0,0.0,101.0,72.0,450.0,Branislav Ivanović,2,2010,2018,5,0.0,0.6,0.2,0.6,0.4,1.8,1.0,0.0,0.0,2.4,0.8,34.8,27.0,20.2,14.4,62.8
25314,0.0,5,2.0,2.0,13.0,5.0,8.0,1.0,7.0,0.0,0.0,0.0,4.0,2.0,150.0,121.0,220.0,25.0,23.0,0.0,96.0,78.0,270.0,Viktor Fayzulin,1,2014,2014,3,0.0,1.6666666666666667,0.6666666666666666,4.333333333333333,1.6666666666666667,2.6666666666666665,2.3333333333333335,0.0,0.0,1.3333333333333333,0.6666666666666666,50.0,40.333333333333336,32.0,26.0,73.33333333333333
25554,0.0,0,0.0,0.0,2.0,1.0,3.0,7.0,3.0,0.0,2.0,0.0,8.0,2.0,195.0,178.0,280.0,15.0,21.0,0.0,88.0,77.0,360.0,Fagner,1,2018,2018,4,0.0,0.0,0.0,0.5,0.25,0.75,0.75,0.0,0.5,2.0,0.5,48.75,44.5,22.0,19.25,70.0
25682,1.0,8,4.0,4.0,6.0,2.0,9.0,7.0,1.0,0.0,0.0,2.0,2.0,0.0,91.0,73.0,178.0,29.0,48.0,0.0,59.0,44.0,377.0,Radamel Falcao,1,2018,2018,4,0.23872679045092837,1.909814323607427,0.9549071618037135,1.4323607427055702,0.47745358090185674,2.1485411140583555,0.23872679045092837,0.0,0.0,0.47745358090185674,0.0,21.72413793103448,17.42705570291777,14.084880636604774,10.503978779840848,42.49336870026525
25685,0.0,0,0.0,0.0,1.0,0.0,1.0,1.0,0.0,0.0,0.0,0.0,5.0,1.0,66.0,49.0,112.0,6.0,9.0,0.0,39.0,26.0,270.0,Birkir Már Sævarsson,1,2018,2018,3,0.0,0.0,0.0,0.3333333333333333,0.0,0.3333333333333333,0.0,0.0,0.0,1.6666666666666667,0.3333333333333333,22.0,16.333333333333332,13.0,8.666666666666666,37.333333333333336
25985,0.0,6,1.0,4.0,6.0,5.0,6.0,5.0,9.0,1.0,1.0,0.0,11.0,2.0,142.0,120.0,207.0,16.0,17.0,0.0,87.0,69.0,357.0,Marek Hamšík,1,2010,2010,4,0.0,1.5126050420168067,0.25210084033613445,1.5126050420168067,1.2605042016806722,1.5126050420168067,2.26890756302521,0.25210084033613445,0.25210084033613445,2.773109243697479,0.5042016806722689,35.79831932773109,30.252100840336134,21.932773109243698,17.394957983193276,52.18487394957983
25991,1.0,11,2.0,7.0,11.0,5.0,13.0,3.0,14.0,0.0,2.0,1.0,12.0,5.0,135.0,113.0,218.0,26.0,21.0,0.0,109.0,91.0,415.0,Carlos Vela,2,2010,2018,6,0.2168674698795181,2.385542168674699,0.4337349397590362,2.385542168674699,1.0843373493975905,2.8192771084337354,3.0361445783132535,0.0,0.4337349397590362,2.6024096385542173,1.0843373493975905,29.27710843373494,24.506024096385545,23.638554216867472,19.734939759036145,47.277108433734945
25994,0.0,1,0.0,1.0,18.0,8.0,7.0,9.0,7.0,1.0,3.0,1.0,16.0,4.0,179.0,149.0,318.0,25.0,26.0,0.0,88.0,67.0,425.0,Fábio Coentrão,2,2010,2014,5,0.0,0.21176470588235294,0.0,3.8117647058823527,1.6941176470588235,1.4823529411764707,1.4823529411764707,0.21176470588235294,0.6352941176470588,3.388235294117647,0.8470588235294118,37.90588235294118,31.552941176470586,18.63529411764706,14.188235294117646,67.34117647058824
26097,1.0,5,1.0,4.0,3.0,2.0,12.0,9.0,3.0,0.0,0.0,0.0,16.0,3.0,150.0,123.0,281.0,32.0,17.0,0.0,92.0,75.0,450.0,Aleksandar Kolarov,2,2010,2018,5,0.2,1.0,0.2,0.6,0.4,2.4,0.6,0.0,0.0,3.2,0.6,30.0,24.6,18.4,15.0,56.2
26136,0.0,2,1.0,1.0,5.0,2.0,14.0,4.0,0.0,0.0,0.0,0.0,3.0,0.0,135.0,112.0,234.0,25.0,11.0,0.0,78.0,61.0,360.0,Camilo Zúñiga,1,2014,2014,4,0.0,0.5,0.25,1.25,0.5,3.5,0.0,0.0,0.0,0.75,0.0,33.75,28.0,19.5,15.25,58.5
26157,1.0,7,1.0,4.0,3.0,1.0,8.0,11.0,5.0,0.0,0.0,0.0,8.0,3.0,130.0,87.0,217.0,28.0,36.0,0.0,91.0,55.0,414.0,Enrique Vera,1,2010,2010,5,0.2173913043478261,1.5217391304347827,0.2173913043478261,0.6521739130434783,0.2173913043478261,1.7391304347826089,1.0869565217391306,0.0,0.0,1.7391304347826089,0.6521739130434783,28.260869565217394,18.91304347826087,19.782608695652176,11.956521739130435,47.173913043478265
26158,0.0,3,0.0,2.0,1.0,1.0,1.0,4.0,3.0,2.0,2.0,0.0,20.0,4.0,111.0,89.0,205.0,9.0,12.0,0.0,52.0,35.0,270.0,Walter Ayoví,1,2014,2014,3,0.0,1.0,0.0,0.3333333333333333,0.3333333333333333,0.3333333333333333,1.0,0.6666666666666666,0.6666666666666666,6.666666666666667,1.3333333333333333,37.0,29.666666666666668,17.333333333333332,11.666666666666666,68.33333333333333
26166,3.0,18,10.0,2.0,34.0,14.0,39.0,10.0,25.0,2.0,3.0,2.0,41.0,8.0,396.0,295.0,643.0,68.0,81.0,0.0,315.0,222.0,820.0,Cuauhtémoc Blanco,3,1998,2010,11,0.32926829268292684,1.975609756097561,1.0975609756097562,3.731707317073171,1.5365853658536586,4.280487804878049,2.7439024390243905,0.21951219512195122,0.32926829268292684,4.5,0.8780487804878049,43.463414634146346,32.37804878048781,34.57317073170732,24.365853658536587,70.57317073170732
26179,1.0,10,2.0,5.0,19.0,8.0,10.0,10.0,7.0,0.0,0.0,1.0,26.0,1.0,315.0,244.0,592.0,49.0,47.0,0.0,195.0,148.0,885.0,Maxi Pereira,2,2010,2014,10,0.10169491525423728,1.0169491525423728,0.20338983050847456,1.9322033898305084,0.8135593220338982,1.0169491525423728,0.711864406779661,0.0,0.0,2.6440677966101696,0.10169491525423728,32.03389830508474,24.813559322033896,19.83050847457627,15.050847457627118,60.20338983050847
26195,0.0,1,0.0,0.0,1.0,0.0,4.0,6.0,0.0,0.0,0.0,0.0,0.0,0.0,133.0,122.0,171.0,12.0,11.0,0.0,55.0,47.0,270.0,Kyle Beckerman,1,2014,2014,3,0.0,0.3333333333333333,0.0,0.3333333333333333,0.0,1.3333333333333333,0.0,0.0,0.0,0.0,0.0,44.333333333333336,40.666666666666664,18.333333333333332,15.666666666666666,57.0
26480,0.0,5,0.0,4.0,1.0,0.0,3.0,5.0,2.0,0.0,1.0,0.0,10.0,2.0,209.0,182.0,276.0,15.0,22.0,0.0,99.0,80.0,390.0,Marcelo Díaz,1,2014,2014,4,0.0,1.153846153846154,0.0,0.23076923076923078,0.0,0.6923076923076924,0.46153846153846156,0.0,0.23076923076923078,2.307692307692308,0.46153846153846156,48.23076923076923,42.0,22.846153846153847,18.461538461538463,63.69230769230769
26484,4.0,9,6.0,3.0,13.0,6.0,11.0,3.0,9.0,0.0,0.0,1.0,9.0,3.0,145.0,104.0,235.0,27.0,32.0,0.0,107.0,71.0,360.0,Marcelo Salas,1,1998,1998,4,1.0,2.25,1.5,3.25,1.5,2.75,2.25,0.0,0.0,2.25,0.75,36.25,26.0,26.75,17.75,58.75
26502,3.0,34,12.0,11.0,11.0,5.0,20.0,10.0,19.0,3.0,2.0,1.0,65.0,17.0,956.0,864.0,1161.0,53.0,41.0,1.0,662.0,588.0,1017.0,Toni Kroos,3,2010,2018,14,0.2654867256637168,3.0088495575221237,1.0619469026548671,0.9734513274336283,0.44247787610619466,1.7699115044247786,1.6814159292035398,0.2654867256637168,0.17699115044247787,5.752212389380531,1.5044247787610618,84.60176991150442,76.46017699115043,58.584070796460175,52.03539823008849,102.7433628318584
26876,0.0,0,0.0,0.0,3.0,0.0,5.0,4.0,0.0,0.0,0.0,0.0,0.0,0.0,91.0,71.0,168.0,20.0,23.0,0.0,23.0,9.0,429.0,Papa Malick Diop,1,2002,2002,5,0.0,0.0,0.0,0.6293706293706294,0.0,1.048951048951049,0.0,0.0,0.0,0.0,0.0,19.09090909090909,14.895104895104895,4.825174825174825,1.8881118881118881,35.24475524475525
26991,2.0,11,5.0,3.0,20.0,8.0,4.0,1.0,4.0,1.0,1.0,1.0,6.0,0.0,137.0,114.0,217.0,14.0,23.0,1.0,111.0,89.0,445.0,Gervinho,2,2010,2014,6,0.4044943820224719,2.2247191011235956,1.0112359550561798,4.044943820224719,1.6179775280898876,0.8089887640449438,0.8089887640449438,0.20224719101123595,0.20224719101123595,1.2134831460674156,0.0,27.707865168539325,23.0561797752809,22.44943820224719,18.0,43.8876404494382
26995,0.0,1,1.0,0.0,1.0,0.0,3.0,10.0,2.0,0.0,0.0,0.0,0.0,0.0,183.0,152.0,234.0,31.0,23.0,0.0,73.0,57.0,532.0,Carlos Sánchez,2,2014,2018,7,0.0,0.16917293233082706,0.16917293233082706,0.16917293233082706,0.0,0.5075187969924811,0.3383458646616541,0.0,0.0,0.0,0.0,30.95864661654135,25.71428571428571,12.349624060150376,9.642857142857142,39.58646616541353
27035,3.0,11,4.0,4.0,30.0,13.0,13.0,14.0,17.0,1.0,2.0,2.0,22.0,7.0,277.0,230.0,454.0,56.0,68.0,0.0,183.0,145.0,850.0,André Ayew,3,2010,2022,10,0.3176470588235294,1.1647058823529413,0.4235294117647059,3.176470588235294,1.3764705882352941,1.3764705882352941,1.8,0.10588235294117647,0.21176470588235294,2.3294117647058825,0.7411764705882353,29.32941176470588,24.352941176470587,19.376470588235293,15.352941176470589,48.07058823529412
27583,3.0,25,10.0,7.0,75.0,52.0,45.0,12.0,29.0,4.0,6.0,0.0,14.0,1.0,473.0,389.0,740.0,115.0,73.0,1.0,387.0,320.0,1016.0,Eden Hazard,3,2014,2022,14,0.26574803149606296,2.2145669291338583,0.8858267716535433,6.643700787401574,4.606299212598425,3.9862204724409445,2.5688976377952755,0.3543307086614173,0.5314960629921259,1.2401574803149606,0.08858267716535433,41.89960629921259,34.45866141732283,34.281496062992126,28.346456692913385,65.55118110236221
27622,0.0,2,0.0,1.0,1.0,0.0,4.0,4.0,1.0,0.0,0.0,0.0,1.0,0.0,171.0,150.0,230.0,30.0,12.0,0.0,68.0,53.0,360.0,José Fonte,1,2018,2018,4,0.0,0.5,0.0,0.25,0.0,1.0,0.25,0.0,0.0,0.25,0.0,42.75,37.5,17.0,13.25,57.5
27678,1.0,7,3.0,1.0,11.0,9.0,7.0,2.0,13.0,1.0,0.0,0.0,14.0,9.0,202.0,174.0,264.0,19.0,15.0,0.0,139.0,113.0,270.0,Miralem Pjanić,1,2014,2014,3,0.3333333333333333,2.3333333333333335,1.0,3.6666666666666665,3.0,2.3333333333333335,4.333333333333333,0.3333333333333333,0.0,4.666666666666667,3.0,67.33333333333333,58.0,46.333333333333336,37.666666666666664,88.0
27919,1.0,3,1.0,0.0,7.0,3.0,5.0,9.0,3.0,0.0,0.0,0.0,9.0,3.0,161.0,126.0,223.0,14.0,19.0,0.0,109.0,80.0,338.0,Claudio Marchisio,2,2010,2014,5,0.26627218934911245,0.7988165680473372,0.26627218934911245,1.863905325443787,0.7988165680473372,1.331360946745562,0.7988165680473372,0.0,0.0,2.396449704142012,0.7988165680473372,42.8698224852071,33.55029585798817,29.023668639053255,21.301775147928993,59.37869822485207
28175,0.0,2,1.0,0.0,13.0,6.0,9.0,5.0,8.0,0.0,0.0,0.0,24.0,3.0,352.0,305.0,536.0,27.0,23.0,0.0,205.0,170.0,660.0,Joan Capdevila,1,2010,2010,7,0.0,0.27272727272727276,0.13636363636363638,1.7727272727272727,0.8181818181818182,1.2272727272727273,1.090909090909091,0.0,0.0,3.272727272727273,0.4090909090909091,48.0,41.59090909090909,27.954545454545457,23.181818181818183,73.0909090909091
28186,0.0,10,2.0,6.0,9.0,5.0,13.0,13.0,5.0,0.0,0.0,1.0,30.0,5.0,485.0,388.0,771.0,45.0,50.0,0.0,293.0,224.0,1080.0,Martín Cáceres,4,2010,2022,12,0.0,0.8333333333333334,0.16666666666666666,0.75,0.4166666666666667,1.0833333333333333,0.4166666666666667,0.0,0.0,2.5,0.4166666666666667,40.416666666666664,32.333333333333336,24.416666666666668,18.666666666666668,64.25
28366,1.0,14,6.0,3.0,19.0,13.0,11.0,12.0,7.0,0.0,2.0,2.0,18.0,3.0,199.0,165.0,310.0,34.0,28.0,0.0,162.0,131.0,670.0,Giovani Dos Santos,3,2010,2018,9,0.13432835820895522,1.880597014925373,0.8059701492537313,2.5522388059701493,1.7462686567164178,1.4776119402985075,0.9402985074626865,0.0,0.26865671641791045,2.417910447761194,0.40298507462686567,26.73134328358209,22.16417910447761,21.761194029850746,17.597014925373134,41.64179104477612
29735,0.0,4,0.0,2.0,5.0,3.0,13.0,14.0,6.0,1.0,1.0,0.0,4.0,1.0,272.0,242.0,367.0,49.0,34.0,0.0,102.0,87.0,525.0,Luiz Gustavo,1,2014,2014,6,0.0,0.6857142857142857,0.0,0.8571428571428572,0.5142857142857143,2.2285714285714286,1.0285714285714287,0.17142857142857143,0.17142857142857143,0.6857142857142857,0.17142857142857143,46.62857142857143,41.48571428571429,17.485714285714288,14.914285714285715,62.91428571428572
30027,3.0,46,17.0,8.0,78.0,43.0,32.0,7.0,32.0,1.0,4.0,2.0,105.0,25.0,576.0,465.0,990.0,94.0,83.0,1.0,422.0,321.0,1304.0,Ángel Di María,4,2010,2022,18,0.20705521472392638,3.1748466257668713,1.1733128834355828,5.383435582822086,2.9677914110429446,2.208588957055215,2.208588957055215,0.06901840490797546,0.27607361963190186,7.2469325153374236,1.7254601226993864,39.75460122699386,32.09355828220859,29.125766871165645,22.154907975460123,68.3282208588957
30037,6.0,43,18.0,10.0,85.0,49.0,47.0,23.0,31.0,3.0,8.0,5.0,63.0,16.0,401.0,326.0,805.0,121.0,108.0,2.0,324.0,258.0,1347.0,Arjen Robben,3,2006,2014,15,0.40089086859688194,2.8730512249443207,1.2026726057906458,5.679287305122495,3.2739420935412027,3.140311804008909,2.071269487750557,0.20044543429844097,0.5345211581291759,4.20935412026726,1.0690423162583518,26.792873051224944,21.78173719376392,21.648106904231625,17.238307349665924,53.786191536748326
30131,1.0,47,14.0,18.0,20.0,8.0,16.0,15.0,14.0,0.0,3.0,1.0,74.0,13.0,746.0,634.0,1247.0,63.0,65.0,0.0,426.0,345.0,1560.0,Roberto Carlos,3,1998,2006,17,0.057692307692307696,2.7115384615384617,0.8076923076923077,1.153846153846154,0.46153846153846156,0.9230769230769231,0.8076923076923077,0.0,0.1730769230769231,4.269230769230769,0.75,43.03846153846154,36.57692307692308,24.57692307692308,19.903846153846157,71.9423076923077
30223,0.0,2,0.0,2.0,10.0,8.0,11.0,11.0,2.0,0.0,0.0,0.0,2.0,0.0,186.0,156.0,271.0,38.0,31.0,0.0,106.0,84.0,403.0,Wilson Palacios,2,2010,2014,5,0.0,0.4466501240694789,0.0,2.2332506203473943,1.7866004962779156,2.456575682382134,0.4466501240694789,0.0,0.0,0.4466501240694789,0.0,41.53846153846154,34.83870967741935,23.672456575682382,18.759305210918114,60.521091811414394
31417,0.0,9,3.0,5.0,23.0,13.0,12.0,8.0,14.0,1.0,5.0,0.0,29.0,5.0,254.0,221.0,388.0,34.0,40.0,0.0,177.0,149.0,509.0,Willian,2,2014,2018,10,0.0,1.5913555992141453,0.5304518664047151,4.066797642436149,2.298624754420432,2.1218074656188604,2.475442043222004,0.1768172888015717,0.8840864440078585,5.12770137524558,0.8840864440078585,44.911591355599214,39.076620825147344,31.29666011787819,26.345776031434184,68.60510805500982
31467,1.0,6,1.0,4.0,5.0,2.0,1.0,2.0,1.0,1.0,1.0,0.0,2.0,2.0,58.0,49.0,103.0,11.0,14.0,0.0,36.0,28.0,270.0,Shane Smeltz,1,2010,2010,3,0.3333333333333333,2.0,0.3333333333333333,1.6666666666666667,0.6666666666666666,0.3333333333333333,0.3333333333333333,0.3333333333333333,0.3333333333333333,0.6666666666666666,0.6666666666666666,19.333333333333332,16.333333333333332,12.0,9.333333333333334,34.333333333333336
31585,1.0,9,2.0,4.0,9.0,4.0,9.0,8.0,4.0,1.0,1.0,0.0,22.0,3.0,110.0,75.0,246.0,24.0,21.0,0.0,77.0,49.0,411.0,Victor Moses,2,2014,2018,5,0.21897810218978103,1.9708029197080292,0.43795620437956206,1.9708029197080292,0.8759124087591241,1.9708029197080292,0.8759124087591241,0.21897810218978103,0.21897810218978103,4.817518248175182,0.6569343065693432,24.087591240875913,16.423357664233578,16.861313868613138,10.72992700729927,53.868613138686136
32213,0.0,0,0.0,0.0,4.0,2.0,2.0,9.0,5.0,2.0,2.0,0.0,5.0,2.0,143.0,108.0,246.0,22.0,14.0,0.0,82.0,49.0,365.0,Daryl Janmaat,1,2014,2014,5,0.0,0.0,0.0,0.9863013698630138,0.4931506849315069,0.4931506849315069,1.2328767123287672,0.4931506849315069,0.4931506849315069,1.2328767123287672,0.4931506849315069,35.26027397260274,26.63013698630137,20.21917808219178,12.082191780821919,60.657534246575345
32492,1.0,8,5.0,2.0,12.0,7.0,1.0,7.0,7.0,1.0,2.0,0.0,17.0,5.0,201.0,179.0,307.0,21.0,32.0,0.0,135.0,116.0,426.0,Nacer Chadli,2,2014,2018,10,0.2112676056338028,1.6901408450704225,1.056338028169014,2.535211267605634,1.4788732394366197,0.2112676056338028,1.4788732394366197,0.2112676056338028,0.4225352112676056,3.591549295774648,1.056338028169014,42.46478873239437,37.816901408450704,28.52112676056338,24.507042253521128,64.85915492957746
32493,2.0,20,8.0,11.0,17.0,11.0,9.0,10.0,19.0,1.0,1.0,3.0,56.0,12.0,217.0,162.0,384.0,28.0,29.0,0.0,164.0,116.0,643.0,Dries Mertens,3,2014,2022,13,0.2799377916018662,2.7993779160186625,1.1197511664074649,2.379471228615863,1.5396578538102643,1.2597200622083982,2.6594090202177294,0.1399688958009331,0.1399688958009331,7.838258164852254,1.6796267496111974,30.373250388802486,22.674961119751167,22.95489891135303,16.236391912908243,53.74805598755832
32742,0.0,16,5.0,8.0,29.0,17.0,15.0,7.0,14.0,2.0,1.0,2.0,30.0,10.0,350.0,286.0,550.0,51.0,41.0,0.0,227.0,180.0,750.0,Kwadwo Asamoah,2,2010,2014,8,0.0,1.92,0.6,3.4799999999999995,2.04,1.7999999999999998,1.68,0.24,0.12,3.5999999999999996,1.2,42.0,34.32,27.24,21.599999999999998,66.0
32844,0.0,7,1.0,5.0,2.0,1.0,11.0,11.0,0.0,0.0,0.0,0.0,5.0,1.0,247.0,170.0,379.0,36.0,23.0,0.0,130.0,66.0,540.0,Maynor Figueroa,2,2010,2014,6,0.0,1.1666666666666667,0.16666666666666666,0.3333333333333333,0.16666666666666666,1.8333333333333333,0.0,0.0,0.0,0.8333333333333334,0.16666666666666666,41.166666666666664,28.333333333333332,21.666666666666668,11.0,63.166666666666664
32891,0.0,5,0.0,3.0,4.0,2.0,7.0,7.0,4.0,0.0,1.0,1.0,15.0,0.0,304.0,236.0,510.0,28.0,30.0,0.0,190.0,139.0,722.0,Mauricio Isla,2,2010,2014,8,0.0,0.6232686980609419,0.0,0.4986149584487535,0.24930747922437674,0.8725761772853186,0.4986149584487535,0.0,0.12465373961218837,1.8698060941828254,0.0,37.89473684210526,29.418282548476455,23.68421052631579,17.326869806094184,63.57340720221607
32946,0.0,3,1.0,2.0,1.0,0.0,5.0,15.0,4.0,0.0,0.0,0.0,1.0,0.0,540.0,459.0,680.0,39.0,45.0,0.0,233.0,174.0,1002.0,Héctor Moreno,4,2010,2022,12,0.0,0.2694610778443114,0.08982035928143713,0.08982035928143713,0.0,0.44910179640718567,0.3592814371257485,0.0,0.0,0.08982035928143713,0.0,48.50299401197605,41.227544910179645,20.92814371257485,15.62874251497006,61.07784431137725
33110,0.0,9,2.0,4.0,8.0,5.0,6.0,13.0,6.0,2.0,3.0,0.0,5.0,0.0,122.0,96.0,209.0,29.0,27.0,0.0,80.0,58.0,353.0,Ramires,2,2010,2014,11,0.0,2.294617563739377,0.509915014164306,2.039660056657224,1.274787535410765,1.529745042492918,1.529745042492918,0.509915014164306,0.764872521246459,1.274787535410765,0.0,31.104815864022665,24.475920679886688,20.39660056657224,14.787535410764873,53.286118980169974
33541,2.0,11,3.0,5.0,1.0,0.0,12.0,9.0,8.0,1.0,2.0,2.0,1.0,1.0,922.0,845.0,1088.0,59.0,36.0,1.0,324.0,267.0,1410.0,Thiago Silva,3,2014,2022,15,0.12765957446808512,0.7021276595744681,0.19148936170212766,0.06382978723404256,0.0,0.7659574468085106,0.5106382978723405,0.06382978723404256,0.12765957446808512,0.06382978723404256,0.06382978723404256,58.851063829787236,53.93617021276596,20.680851063829788,17.04255319148936,69.4468085106383
33573,0.0,0,0.0,0.0,1.0,1.0,2.0,5.0,0.0,0.0,0.0,0.0,6.0,0.0,118.0,79.0,220.0,29.0,16.0,0.0,62.0,32.0,384.0,Pedro Alcides Sarabia Achucarro,1,1998,1998,4,0.0,0.0,0.0,0.234375,0.234375,0.46875,0.0,0.0,0.0,1.40625,0.0,27.65625,18.515625,14.53125,7.5,51.5625
33582,0.0,3,0.0,1.0,2.0,2.0,5.0,10.0,1.0,0.0,0.0,0.0,1.0,1.0,159.0,113.0,245.0,37.0,34.0,0.0,76.0,44.0,354.0,Victor Cáceres,1,2010,2010,4,0.0,0.7627118644067797,0.0,0.5084745762711864,0.5084745762711864,1.2711864406779663,0.2542372881355932,0.0,0.0,0.2542372881355932,0.2542372881355932,40.42372881355932,28.728813559322035,19.322033898305087,11.186440677966102,62.28813559322034
33741,0.0,1,0.0,1.0,1.0,1.0,2.0,3.0,1.0,0.0,0.0,1.0,1.0,0.0,97.0,83.0,147.0,16.0,8.0,0.0,24.0,15.0,270.0,Ever Antonio Palacios,1,1998,1998,3,0.0,0.3333333333333333,0.0,0.3333333333333333,0.3333333333333333,0.6666666666666666,0.3333333333333333,0.0,0.0,0.3333333333333333,0.0,32.333333333333336,27.666666666666668,8.0,5.0,49.0
33958,0.0,1,0.0,1.0,7.0,3.0,6.0,5.0,3.0,0.0,2.0,1.0,0.0,0.0,208.0,189.0,266.0,16.0,25.0,0.0,120.0,102.0,419.0,Enzo Pérez,2,2014,2018,6,0.0,0.21479713603818615,0.0,1.503579952267303,0.6443914081145584,1.2887828162291168,0.6443914081145584,0.0,0.4295942720763723,0.0,0.0,44.67780429594272,40.59665871121718,25.775656324582336,21.909307875894985,57.13603818615751
34119,2.0,14,6.0,5.0,76.0,36.0,56.0,14.0,20.0,2.0,3.0,2.0,37.0,10.0,442.0,322.0,757.0,104.0,96.0,1.0,383.0,273.0,871.0,Ariel Ortega,3,1994,2002,11,0.2066590126291619,1.4466130884041333,0.6199770378874857,7.853042479908152,3.719862227324914,5.786452353616533,2.066590126291619,0.2066590126291619,0.30998851894374285,3.823191733639495,1.0332950631458095,45.67164179104478,33.272101033295066,39.575200918484505,28.208955223880597,78.22043628013778
34120,2.0,19,6.0,7.0,68.0,31.0,41.0,14.0,20.0,2.0,2.0,2.0,30.0,8.0,234.0,160.0,534.0,96.0,114.0,0.0,197.0,127.0,725.0,Alexis Sánchez,2,2010,2014,8,0.2482758620689655,2.3586206896551727,0.7448275862068966,8.441379310344828,3.8482758620689657,5.089655172413793,2.4827586206896552,0.2482758620689655,0.2482758620689655,3.7241379310344827,0.993103448275862,29.048275862068966,19.862068965517242,24.455172413793104,15.76551724137931,66.28965517241379
34122,0.0,3,1.0,2.0,1.0,0.0,4.0,12.0,2.0,0.0,1.0,1.0,1.0,0.0,45.0,23.0,68.0,15.0,30.0,0.0,35.0,14.0,298.0,Sebastián Abreu,2,2002,2010,7,0.0,0.9060402684563759,0.30201342281879195,0.30201342281879195,0.0,1.2080536912751678,0.6040268456375839,0.0,0.30201342281879195,0.30201342281879195,0.0,13.590604026845638,6.946308724832215,10.570469798657719,4.228187919463087,20.536912751677853
34196,0.0,1,0.0,1.0,4.0,4.0,6.0,3.0,0.0,0.0,0.0,1.0,1.0,0.0,139.0,90.0,231.0,33.0,21.0,0.0,57.0,23.0,435.0,Mauricio Victorino,1,2010,2010,5,0.0,0.20689655172413796,0.0,0.8275862068965518,0.8275862068965518,1.2413793103448276,0.0,0.0,0.0,0.20689655172413796,0.0,28.758620689655174,18.620689655172416,11.793103448275863,4.758620689655173,47.793103448275865
34312,4.0,17,5.0,9.0,12.0,4.0,17.0,8.0,7.0,1.0,1.0,1.0,5.0,1.0,119.0,86.0,228.0,35.0,35.0,0.0,88.0,58.0,574.0,Javier Hernández,3,2010,2018,12,0.627177700348432,2.665505226480836,0.7839721254355401,1.881533101045296,0.627177700348432,2.665505226480836,1.097560975609756,0.156794425087108,0.156794425087108,0.7839721254355401,0.156794425087108,18.65853658536585,13.484320557491289,13.797909407665504,9.094076655052264,35.749128919860624
34639,0.0,8,3.0,4.0,17.0,7.0,7.0,21.0,10.0,2.0,1.0,0.0,39.0,9.0,397.0,318.0,705.0,50.0,52.0,0.0,231.0,181.0,1246.0,Yuto Nagatomo,5,2010,2026,16,0.0,0.5778491171749599,0.21669341894060995,1.2279293739967896,0.5056179775280899,0.5056179775280899,0.7223113964686998,0.14446227929373998,0.07223113964686999,2.817014446227929,0.6500802568218298,28.675762439807382,22.969502407704653,16.685393258426966,13.073836276083467,50.922953451043334
34705,0.0,14,5.0,7.0,23.0,11.0,12.0,8.0,4.0,0.0,1.0,1.0,15.0,3.0,88.0,61.0,208.0,36.0,39.0,0.0,59.0,37.0,395.0,Hulk,1,2014,2014,6,0.0,3.1898734177215187,1.1392405063291138,5.240506329113924,2.5063291139240502,2.7341772151898733,0.9113924050632911,0.0,0.22784810126582278,3.4177215189873413,0.6835443037974683,20.050632911392402,13.89873417721519,13.443037974683543,8.430379746835442,47.392405063291136
34853,1.0,9,2.0,3.0,10.0,5.0,9.0,3.0,10.0,1.0,2.0,2.0,5.0,1.0,252.0,217.0,331.0,25.0,25.0,0.0,187.0,160.0,436.0,Shinji Kagawa,2,2014,2018,6,0.20642201834862386,1.8577981651376148,0.41284403669724773,2.064220183486239,1.0321100917431194,1.8577981651376148,2.064220183486239,0.20642201834862386,0.41284403669724773,1.0321100917431194,0.20642201834862386,52.018348623853214,44.79357798165138,38.60091743119266,33.02752293577982,68.3256880733945
35166,10.0,33,14.0,12.0,28.0,18.0,27.0,23.0,44.0,6.0,8.0,5.0,58.0,9.0,637.0,472.0,978.0,97.0,117.0,0.0,504.0,359.0,1566.0,Thomas Müller,4,2010,2022,19,0.574712643678161,1.8965517241379313,0.8045977011494253,1.6091954022988506,1.0344827586206897,1.5517241379310347,2.528735632183908,0.3448275862068966,0.4597701149425288,3.3333333333333335,0.5172413793103449,36.60919540229885,27.126436781609197,28.965517241379313,20.632183908045977,56.20689655172414
35199,0.0,7,2.0,3.0,11.0,6.0,10.0,7.0,9.0,2.0,2.0,0.0,30.0,4.0,884.0,797.0,1147.0,33.0,33.0,0.0,577.0,508.0,926.0,Jordi Alba,3,2014,2022,11,0.0,0.6803455723542116,0.19438444924406045,1.0691144708423326,0.5831533477321814,0.9719222462203023,0.8747300215982721,0.19438444924406045,0.19438444924406045,2.9157667386609067,0.3887688984881209,85.91792656587472,77.4622030237581,56.07991360691144,49.37365010799136,111.47948164146868
35428,0.0,8,3.0,4.0,15.0,10.0,9.0,5.0,4.0,0.0,1.0,2.0,4.0,0.0,142.0,122.0,227.0,22.0,23.0,1.0,111.0,93.0,279.0,Pedro,2,2010,2014,7,0.0,2.5806451612903225,0.9677419354838709,4.838709677419355,3.225806451612903,2.903225806451613,1.2903225806451613,0.0,0.3225806451612903,1.2903225806451613,0.0,45.806451612903224,39.354838709677416,35.806451612903224,30.0,73.2258064516129
35580,0.0,2,0.0,2.0,0.0,0.0,0.0,0.0,0.0,0.0,0.0,1.0,0.0,0.0,37.0,26.0,72.0,11.0,6.0,0.0,11.0,5.0,270.0,Seyed Jalal Hosseini,1,2014,2014,3,0.0,0.6666666666666666,0.0,0.0,0.0,0.0,0.0,0.0,0.0,0.0,0.0,12.333333333333334,8.666666666666666,3.6666666666666665,1.6666666666666667,24.0
35612,0.0,16,3.0,6.0,6.0,3.0,25.0,20.0,6.0,0.0,0.0,1.0,1.0,1.0,719.0,681.0,899.0,67.0,54.0,0.0,363.0,334.0,1230.0,Axel Witsel,4,2014,2026,15,0.0,1.1707317073170733,0.21951219512195122,0.43902439024390244,0.21951219512195122,1.829268292682927,0.43902439024390244,0.0,0.0,0.07317073170731708,0.07317073170731708,52.609756097560975,49.829268292682926,26.5609756097561,24.439024390243905,65.78048780487805
36949,0.0,1,0.0,0.0,2.0,2.0,2.0,4.0,0.0,0.0,0.0,0.0,9.0,2.0,91.0,74.0,183.0,11.0,13.0,0.0,32.0,25.0,270.0,Peter Pekarík,1,2010,2010,3,0.0,0.3333333333333333,0.0,0.6666666666666666,0.6666666666666666,0.6666666666666666,0.0,0.0,0.0,3.0,0.6666666666666666,30.333333333333332,24.666666666666668,10.666666666666666,8.333333333333334,61.0
36990,0.0,0,0.0,0.0,0.0,0.0,3.0,5.0,0.0,0.0,0.0,0.0,0.0,0.0,86.0,72.0,132.0,19.0,14.0,0.0,25.0,13.0,270.0,Marko Šuler,1,2010,2010,3,0.0,0.0,0.0,0.0,0.0,1.0,0.0,0.0,0.0,0.0,0.0,28.666666666666668,24.0,8.333333333333334,4.333333333333333,44.0
37006,1.0,5,3.0,1.0,3.0,0.0,1.0,0.0,2.0,1.0,1.0,1.0,1.0,0.0,70.0,54.0,115.0,7.0,21.0,0.0,42.0,32.0,311.0,Eduardo Vargas,1,2014,2014,4,0.28938906752411575,1.4469453376205788,0.8681672025723473,0.8681672025723473,0.0,0.28938906752411575,0.5787781350482315,0.28938906752411575,0.28938906752411575,0.28938906752411575,0.0,20.2572347266881,15.62700964630225,12.154340836012862,9.260450160771704,33.27974276527331
37176,0.0,0,0.0,0.0,0.0,0.0,4.0,3.0,0.0,0.0,0.0,0.0,0.0,0.0,129.0,109.0,168.0,17.0,11.0,0.0,41.0,27.0,270.0,Osama Hawsawi,1,2018,2018,3,0.0,0.0,0.0,0.0,0.0,1.3333333333333333,0.0,0.0,0.0,0.0,0.0,43.0,36.333333333333336,13.666666666666666,9.0,56.0
37185,1.0,1,1.0,0.0,3.0,0.0,4.0,8.0,2.0,0.0,0.0,0.0,10.0,3.0,136.0,105.0,237.0,15.0,14.0,0.0,80.0,59.0,416.0,Pablo Armero,1,2014,2014,5,0.21634615384615385,0.21634615384615385,0.21634615384615385,0.6490384615384616,0.0,0.8653846153846154,0.4326923076923077,0.0,0.0,2.1634615384615388,0.6490384615384616,29.423076923076927,22.716346153846157,17.30769230769231,12.764423076923078,51.27403846153847
37234,0.0,4,2.0,1.0,0.0,0.0,1.0,3.0,0.0,0.0,0.0,0.0,0.0,0.0,117.0,91.0,162.0,10.0,10.0,0.0,47.0,31.0,270.0,Leon Balogun,1,2018,2018,3,0.0,1.3333333333333333,0.6666666666666666,0.0,0.0,0.3333333333333333,0.0,0.0,0.0,0.0,0.0,39.0,30.333333333333332,15.666666666666666,10.333333333333334,54.0
37240,1.0,5,2.0,3.0,18.0,10.0,7.0,5.0,5.0,2.0,2.0,0.0,8.0,1.0,119.0,86.0,206.0,33.0,27.0,0.0,83.0,55.0,390.0,Sofiane Feghouli,1,2014,2014,4,0.23076923076923078,1.153846153846154,0.46153846153846156,4.153846153846154,2.307692307692308,1.6153846153846154,1.153846153846154,0.46153846153846156,0.46153846153846156,1.8461538461538463,0.23076923076923078,27.461538461538463,19.846153846153847,19.153846153846157,12.692307692307693,47.53846153846154
37386,1.0,6,3.0,2.0,23.0,10.0,7.0,2.0,2.0,0.0,1.0,2.0,3.0,0.0,136.0,102.0,228.0,30.0,31.0,0.0,93.0,66.0,338.0,Admir Mehmedi,1,2014,2014,4,0.26627218934911245,1.5976331360946745,0.7988165680473372,6.124260355029586,2.662721893491124,1.863905325443787,0.5325443786982249,0.0,0.26627218934911245,0.7988165680473372,0.0,36.21301775147929,27.159763313609467,24.763313609467456,17.57396449704142,60.710059171597635
38111,0.0,1,0.0,1.0,2.0,2.0,1.0,4.0,0.0,0.0,0.0,0.0,1.0,0.0,76.0,53.0,108.0,10.0,9.0,0.0,28.0,12.0,270.0,Tommy Smith,1,2010,2010,3,0.0,0.3333333333333333,0.0,0.6666666666666666,0.6666666666666666,0.3333333333333333,0.0,0.0,0.0,0.3333333333333333,0.0,25.333333333333332,17.666666666666668,9.333333333333334,4.0,36.0
38153,0.0,0,0.0,0.0,6.0,2.0,8.0,10.0,4.0,0.0,0.0,0.0,11.0,1.0,238.0,174.0,384.0,31.0,35.0,0.0,131.0,101.0,511.0,Ivan Strinić,1,2018,2018,6,0.0,0.0,0.0,1.0567514677103718,0.3522504892367906,1.4090019569471623,0.7045009784735812,0.0,0.0,1.9373776908023483,0.1761252446183953,41.91780821917808,30.645792563600782,23.072407045009783,17.788649706457925,67.63209393346379
38393,0.0,3,1.0,2.0,0.0,0.0,7.0,4.0,0.0,0.0,0.0,0.0,0.0,0.0,215.0,188.0,266.0,24.0,15.0,0.0,63.0,47.0,390.0,Federico Fernández,1,2014,2014,4,0.0,0.6923076923076924,0.23076923076923078,0.0,0.0,1.6153846153846154,0.0,0.0,0.0,0.0,0.0,49.61538461538462,43.38461538461539,14.53846153846154,10.846153846153847,61.38461538461539
38488,0.0,1,0.0,0.0,13.0,11.0,4.0,1.0,6.0,0.0,0.0,0.0,13.0,2.0,163.0,138.0,281.0,25.0,15.0,0.0,76.0,54.0,360.0,Efe Eric Ambrose,1,2014,2014,4,0.0,0.25,0.0,3.25,2.75,1.0,1.5,0.0,0.0,3.25,0.5,40.75,34.5,19.0,13.5,70.25
38533,0.0,5,1.0,3.0,0.0,0.0,5.0,6.0,1.0,0.0,0.0,0.0,0.0,0.0,332.0,283.0,429.0,22.0,20.0,0.0,91.0,51.0,704.0,Nicolas N'Koulou,3,2010,2022,8,0.0,0.6392045454545455,0.1278409090909091,0.0,0.0,0.6392045454545455,0.1278409090909091,0.0,0.0,0.0,0.0,42.44318181818182,36.17897727272727,11.633522727272728,6.519886363636364,54.84375
38560,0.0,4,1.0,3.0,13.0,5.0,8.0,10.0,17.0,3.0,2.0,0.0,28.0,11.0,181.0,134.0,305.0,28.0,29.0,0.0,153.0,112.0,521.0,Dušan Tadić,2,2018,2022,6,0.0,0.690978886756238,0.1727447216890595,2.2456813819577737,0.8637236084452975,1.381957773512476,2.9366602687140118,0.5182341650671786,0.345489443378119,4.836852207293666,1.9001919385796546,31.266794625719772,23.147792706333973,26.429942418426105,19.347408829174665,52.687140115163146
38625,0.0,1,0.0,1.0,1.0,1.0,4.0,3.0,5.0,0.0,0.0,0.0,9.0,4.0,111.0,86.0,150.0,13.0,14.0,0.0,61.0,38.0,270.0,Simon John Elliott,1,2010,2010,3,0.0,0.3333333333333333,0.0,0.3333333333333333,0.3333333333333333,1.3333333333333333,1.6666666666666667,0.0,0.0,3.0,1.3333333333333333,37.0,28.666666666666668,20.333333333333332,12.666666666666666,50.0
38639,2.0,10,5.0,3.0,30.0,17.0,9.0,6.0,12.0,0.0,2.0,1.0,11.0,1.0,255.0,198.0,409.0,52.0,51.0,0.0,206.0,155.0,603.0,Chung-yong Lee,2,2010,2014,7,0.29850746268656714,1.4925373134328357,0.7462686567164178,4.477611940298507,2.5373134328358207,1.3432835820895521,1.791044776119403,0.0,0.29850746268656714,1.6417910447761193,0.14925373134328357,38.059701492537314,29.55223880597015,30.746268656716417,23.134328358208954,61.04477611940298
38642,0.0,14,5.0,5.0,12.0,4.0,15.0,15.0,15.0,3.0,3.0,1.0,37.0,7.0,425.0,389.0,589.0,49.0,40.0,0.0,244.0,215.0,742.0,Sung-Yueng Ki,3,2010,2018,9,0.0,1.69811320754717,0.6064690026954178,1.4555256064690028,0.4851752021563343,1.8194070080862537,1.8194070080862537,0.3638814016172507,0.3638814016172507,4.487870619946092,0.849056603773585,51.549865229110516,47.18328840970351,29.595687331536393,26.078167115902968,71.44204851752022
38710,7.0,51,15.0,28.0,26.0,9.0,11.0,21.0,26.0,6.0,5.0,4.0,93.0,16.0,599.0,466.0,1033.0,87.0,108.0,2.0,367.0,269.0,1920.0,Ivan Perišić,4,2014,2026,21,0.328125,2.390625,0.703125,1.21875,0.421875,0.515625,1.21875,0.28125,0.234375,4.359375,0.75,28.078125,21.84375,17.203125,12.609375,48.421875
38801,0.0,0,0.0,0.0,4.0,2.0,10.0,8.0,2.0,1.0,1.0,0.0,8.0,1.0,155.0,108.0,309.0,27.0,46.0,0.0,79.0,45.0,510.0,Júnior Díaz,1,2014,2014,5,0.0,0.0,0.0,0.7058823529411764,0.3529411764705882,1.7647058823529411,0.3529411764705882,0.1764705882352941,0.1764705882352941,1.4117647058823528,0.1764705882352941,27.352941176470587,19.058823529411764,13.941176470588234,7.941176470588235,54.52941176470588
39070,5.0,37,10.0,22.0,8.0,3.0,14.0,21.0,11.0,2.0,3.0,6.0,5.0,0.0,240.0,156.0,433.0,83.0,89.0,1.0,178.0,108.0,1134.0,Olivier Giroud,3,2014,2022,18,0.39682539682539686,2.9365079365079367,0.7936507936507937,0.6349206349206349,0.2380952380952381,1.1111111111111112,0.873015873015873,0.15873015873015872,0.2380952380952381,0.39682539682539686,0.0,19.047619047619047,12.380952380952381,14.126984126984127,8.571428571428571,34.36507936507937
39400,2.0,14,8.0,3.0,22.0,9.0,13.0,9.0,10.0,2.0,2.0,2.0,28.0,6.0,262.0,202.0,439.0,51.0,42.0,0.0,185.0,136.0,639.0,Oscar,1,2014,2014,7,0.28169014084507044,1.971830985915493,1.1267605633802817,3.098591549295775,1.267605633802817,1.8309859154929577,1.4084507042253522,0.28169014084507044,0.28169014084507044,3.943661971830986,0.8450704225352114,36.901408450704224,28.450704225352116,26.056338028169016,19.154929577464788,61.83098591549296
39433,0.0,8,1.0,6.0,14.0,9.0,39.0,19.0,10.0,1.0,1.0,2.0,0.0,0.0,1252.0,1155.0,1477.0,113.0,74.0,0.0,702.0,633.0,1565.0,Sergio Busquets,4,2010,2022,17,0.0,0.46006389776357826,0.05750798722044728,0.805111821086262,0.5175718849840255,2.242811501597444,0.5750798722044729,0.05750798722044728,0.05750798722044728,0.0,0.0,72.0,66.4217252396166,40.370607028753994,36.40255591054313,84.93929712460064
39480,0.0,11,2.0,7.0,2.0,0.0,12.0,15.0,3.0,1.0,0.0,1.0,4.0,1.0,929.0,809.0,1130.0,83.0,37.0,0.0,302.0,224.0,1520.0,Dejan Lovren,3,2014,2022,16,0.0,0.6513157894736842,0.11842105263157894,0.11842105263157894,0.0,0.7105263157894737,0.17763157894736842,0.05921052631578947,0.0,0.23684210526315788,0.05921052631578947,55.00657894736842,47.901315789473685,17.88157894736842,13.263157894736842,66.90789473684211
41091,0.0,7,2.0,3.0,14.0,5.0,6.0,8.0,5.0,0.0,0.0,0.0,15.0,4.0,187.0,142.0,292.0,23.0,35.0,1.0,136.0,99.0,450.0,Braulio Luna,2,1998,2002,6,0.0,1.4,0.4,2.8,1.0,1.2,1.0,0.0,0.0,3.0,0.8,37.4,28.4,27.2,19.8,58.4
41234,0.0,1,0.0,1.0,0.0,0.0,6.0,6.0,1.0,0.0,0.0,0.0,0.0,0.0,108.0,94.0,158.0,27.0,12.0,0.0,26.0,16.0,390.0,Konstantinos Manolas,1,2014,2014,4,0.0,0.23076923076923078,0.0,0.0,0.0,1.3846153846153848,0.23076923076923078,0.0,0.0,0.0,0.0,24.923076923076923,21.692307692307693,6.0,3.6923076923076925,36.46153846153847
41789,2.0,21,7.0,8.0,19.0,8.0,14.0,11.0,8.0,1.0,1.0,5.0,4.0,0.0,152.0,116.0,298.0,51.0,69.0,1.0,108.0,78.0,630.0,Robert Lewandowski,2,2018,2022,7,0.2857142857142857,3.0,1.0,2.7142857142857144,1.1428571428571428,2.0,1.1428571428571428,0.14285714285714285,0.14285714285714285,0.5714285714285714,0.0,21.714285714285715,16.571428571428573,15.428571428571429,11.142857142857142,42.57142857142857
42108,1.0,2,1.0,1.0,2.0,1.0,5.0,7.0,1.0,0.0,0.0,0.0,0.0,0.0,173.0,141.0,253.0,30.0,27.0,0.0,61.0,37.0,390.0,Antolín Alcaraz,1,2010,2010,4,0.23076923076923078,0.46153846153846156,0.23076923076923078,0.46153846153846156,0.23076923076923078,1.153846153846154,0.23076923076923078,0.0,0.0,0.0,0.0,39.92307692307693,32.53846153846154,14.076923076923078,8.538461538461538,58.38461538461539
42360,0.0,6,2.0,3.0,6.0,4.0,5.0,13.0,2.0,0.0,0.0,0.0,1.0,0.0,137.0,115.0,204.0,30.0,29.0,0.0,70.0,52.0,405.0,Eyong Enoh,2,2010,2014,5,0.0,1.3333333333333333,0.4444444444444444,1.3333333333333333,0.8888888888888888,1.1111111111111112,0.4444444444444444,0.0,0.0,0.2222222222222222,0.0,30.444444444444443,25.555555555555557,15.555555555555555,11.555555555555555,45.333333333333336
42694,1.0,9,4.0,3.0,5.0,2.0,10.0,9.0,8.0,0.0,0.0,0.0,15.0,3.0,559.0,473.0,676.0,43.0,29.0,0.0,332.0,257.0,926.0,Jordan Henderson,4,2014,2026,12,0.09719222462203023,0.8747300215982721,0.3887688984881209,0.48596112311015116,0.19438444924406045,0.9719222462203023,0.7775377969762418,0.0,0.0,1.4578833693304534,0.2915766738660907,54.3304535637149,45.9719222462203,32.26781857451404,24.97840172786177,65.70194384449243
42972,0.0,2,1.0,0.0,9.0,5.0,10.0,6.0,6.0,0.0,1.0,0.0,12.0,5.0,198.0,140.0,309.0,45.0,44.0,0.0,123.0,76.0,475.0,Erik Mykland,2,1994,1998,6,0.0,0.37894736842105264,0.18947368421052632,1.7052631578947368,0.9473684210526316,1.8947368421052633,1.1368421052631579,0.0,0.18947368421052632,2.2736842105263158,0.9473684210526316,37.51578947368421,26.526315789473685,23.305263157894736,14.4,58.54736842105263
42987,1.0,9,1.0,5.0,6.0,2.0,2.0,9.0,4.0,0.0,0.0,1.0,1.0,0.0,69.0,54.0,113.0,12.0,32.0,0.0,54.0,41.0,270.0,Aleksandr Kokorin,1,2014,2014,3,0.3333333333333333,3.0,0.3333333333333333,2.0,0.6666666666666666,0.6666666666666666,1.3333333333333333,0.0,0.0,0.3333333333333333,0.0,23.0,18.0,18.0,13.666666666666666,37.666666666666664
43192,1.0,10,5.0,4.0,11.0,5.0,4.0,2.0,6.0,0.0,2.0,1.0,21.0,6.0,88.0,68.0,181.0,18.0,22.0,0.0,64.0,48.0,270.0,Gylfi Sigurðsson,1,2018,2018,3,0.3333333333333333,3.3333333333333335,1.6666666666666667,3.6666666666666665,1.6666666666666667,1.3333333333333333,2.0,0.0,0.6666666666666666,7.0,2.0,29.333333333333332,22.666666666666668,21.333333333333332,16.0,60.333333333333336
44241,0.0,3,0.0,2.0,3.0,2.0,5.0,8.0,1.0,0.0,0.0,1.0,1.0,0.0,138.0,113.0,201.0,25.0,25.0,0.0,79.0,59.0,270.0,Nemanja Matić,1,2018,2018,3,0.0,1.0,0.0,1.0,0.6666666666666666,1.6666666666666667,0.3333333333333333,0.0,0.0,0.3333333333333333,0.0,46.0,37.666666666666664,26.333333333333332,19.666666666666668,67.0
44575,0.0,7,1.0,5.0,9.0,3.0,7.0,11.0,9.0,2.0,3.0,0.0,19.0,2.0,890.0,785.0,1129.0,45.0,49.0,0.0,395.0,308.0,1200.0,Toby Alderweireld,3,2014,2022,13,0.0,0.525,0.075,0.6749999999999999,0.22499999999999998,0.525,0.6749999999999999,0.15,0.22499999999999998,1.425,0.15,66.75,58.875,29.625,23.099999999999998,84.675
44614,0.0,0,0.0,0.0,6.0,6.0,8.0,5.0,1.0,0.0,0.0,0.0,4.0,0.0,530.0,486.0,645.0,40.0,22.0,0.0,201.0,168.0,732.0,Kyle Walker,2,2018,2022,8,0.0,0.0,0.0,0.7377049180327869,0.7377049180327869,0.9836065573770493,0.12295081967213116,0.0,0.0,0.49180327868852464,0.0,65.16393442622952,59.75409836065574,24.713114754098363,20.655737704918035,79.3032786885246
44690,1.0,4,2.0,2.0,0.0,0.0,4.0,7.0,0.0,0.0,0.0,1.0,0.0,0.0,238.0,191.0,347.0,32.0,31.0,0.0,66.0,30.0,637.0,Rafik Halliche,2,2010,2014,7,0.141287284144427,0.565149136577708,0.282574568288854,0.0,0.0,0.565149136577708,0.0,0.0,0.0,0.0,0.0,33.62637362637363,26.98587127158556,9.324960753532183,4.23861852433281,49.02668759811617
44760,0.0,0,0.0,0.0,2.0,2.0,2.0,6.0,2.0,0.0,0.0,0.0,6.0,1.0,127.0,98.0,199.0,15.0,18.0,0.0,72.0,53.0,270.0,Cédric Soares,1,2018,2018,3,0.0,0.0,0.0,0.6666666666666666,0.6666666666666666,0.6666666666666666,0.6666666666666666,0.0,0.0,2.0,0.3333333333333333,42.333333333333336,32.666666666666664,24.0,17.666666666666668,66.33333333333333
44848,0.0,2,1.0,1.0,1.0,1.0,0.0,1.0,2.0,0.0,0.0,0.0,1.0,0.0,84.0,70.0,135.0,12.0,10.0,0.0,46.0,36.0,270.0,Jens Stryger Larsen,1,2018,2018,3,0.0,0.6666666666666666,0.3333333333333333,0.3333333333333333,0.3333333333333333,0.0,0.6666666666666666,0.0,0.0,0.3333333333333333,0.0,28.0,23.333333333333332,15.333333333333334,12.0,45.0
44864,2.0,8,3.0,5.0,3.0,2.0,6.0,13.0,9.0,4.0,3.0,0.0,11.0,4.0,605.0,522.0,825.0,57.0,37.0,0.0,352.0,288.0,1094.0,Daley Blind,2,2014,2022,12,0.16453382084095064,0.6581352833638026,0.24680073126142596,0.24680073126142596,0.16453382084095064,0.4936014625228519,0.740402193784278,0.3290676416819013,0.24680073126142596,0.9049360146252285,0.3290676416819013,49.77148080438757,42.94332723948812,28.957952468007313,23.692870201096895,67.87020109689215
45362,0.0,4,0.0,4.0,0.0,0.0,1.0,4.0,0.0,0.0,0.0,0.0,0.0,0.0,205.0,186.0,257.0,9.0,11.0,0.0,40.0,27.0,460.0,Kamil Glik,2,2018,2022,6,0.0,0.782608695652174,0.0,0.0,0.0,0.1956521739130435,0.0,0.0,0.0,0.0,0.0,40.108695652173914,36.39130434782609,7.82608695652174,5.282608695652175,50.28260869565218
46178,0.0,13,4.0,6.0,9.0,5.0,6.0,9.0,4.0,0.0,0.0,0.0,1.0,0.0,147.0,108.0,228.0,27.0,29.0,0.0,81.0,58.0,270.0,Karim Bagheri,1,1998,1998,3,0.0,4.333333333333333,1.3333333333333333,3.0,1.6666666666666667,2.0,1.3333333333333333,0.0,0.0,0.3333333333333333,0.0,49.0,36.0,27.0,19.333333333333332,76.0
46923,0.0,4,1.0,3.0,0.0,0.0,1.0,6.0,0.0,0.0,0.0,0.0,0.0,0.0,99.0,76.0,145.0,12.0,16.0,0.0,33.0,16.0,315.0,Víctor Bernárdez,2,2010,2014,4,0.0,1.1428571428571428,0.2857142857142857,0.0,0.0,0.2857142857142857,0.0,0.0,0.0,0.0,0.0,28.285714285714285,21.714285714285715,9.428571428571429,4.571428571428571,41.42857142857143
46998,2.0,13,4.0,8.0,8.0,5.0,10.0,11.0,10.0,0.0,3.0,0.0,30.0,6.0,402.0,341.0,629.0,62.0,39.0,0.0,207.0,170.0,839.0,Marcos Rojo,2,2014,2018,9,0.2145411203814064,1.3945172824791416,0.4290822407628128,0.8581644815256256,0.536352800953516,1.072705601907032,1.072705601907032,0.0,0.3218116805721096,3.2181168057210963,0.6436233611442193,43.12276519666269,36.579261025029794,22.205005959475564,18.235995232419548,67.47318235995232
47033,0.0,1,1.0,0.0,5.0,3.0,9.0,7.0,2.0,0.0,0.0,0.0,14.0,3.0,148.0,115.0,264.0,26.0,19.0,0.0,86.0,62.0,415.0,Paul Aguilar,2,2010,2014,5,0.0,0.2168674698795181,0.2168674698795181,1.0843373493975905,0.6506024096385543,1.9518072289156627,0.4337349397590362,0.0,0.0,3.0361445783132535,0.6506024096385543,32.096385542168676,24.93975903614458,18.650602409638555,13.445783132530122,57.25301204819277
47099,1.0,5,2.0,2.0,2.0,1.0,2.0,7.0,3.0,1.0,1.0,1.0,1.0,0.0,84.0,62.0,127.0,11.0,32.0,0.0,71.0,53.0,304.0,Teófilo Gutiérrez,1,2014,2014,4,0.29605263157894735,1.480263157894737,0.5921052631578947,0.5921052631578947,0.29605263157894735,0.5921052631578947,0.8881578947368421,0.29605263157894735,0.29605263157894735,0.29605263157894735,0.0,24.86842105263158,18.355263157894736,21.019736842105264,15.69078947368421,37.598684210526315
47379,0.0,9,0.0,6.0,3.0,2.0,16.0,12.0,2.0,1.0,0.0,0.0,0.0,0.0,379.0,305.0,544.0,71.0,47.0,0.0,188.0,136.0,1020.0,Egidio Arévalo Ríos,2,2010,2014,11,0.0,0.7941176470588235,0.0,0.2647058823529412,0.1764705882352941,1.4117647058823528,0.1764705882352941,0.08823529411764705,0.0,0.0,0.0,33.44117647058823,26.91176470588235,16.588235294117645,12.0,48.0
47439,0.0,0,0.0,0.0,1.0,1.0,1.0,0.0,1.0,0.0,0.0,0.0,0.0,0.0,114.0,96.0,151.0,9.0,11.0,0.0,51.0,38.0,270.0,Christian Ramos,1,2018,2018,3,0.0,0.0,0.0,0.3333333333333333,0.3333333333333333,0.3333333333333333,0.3333333333333333,0.0,0.0,0.0,0.0,38.0,32.0,17.0,12.666666666666666,50.333333333333336
47443,0.0,1,0.0,1.0,0.0,0.0,0.0,4.0,0.0,0.0,0.0,0.0,0.0,0.0,154.0,133.0,176.0,11.0,9.0,0.0,56.0,43.0,272.0,Sebastián Coates,3,2014,2022,4,0.0,0.33088235294117646,0.0,0.0,0.0,0.0,0.0,0.0,0.0,0.0,0.0,50.95588235294118,44.00735294117647,18.529411764705884,14.227941176470589,58.23529411764706
47668,0.0,1,0.0,0.0,7.0,4.0,5.0,3.0,4.0,0.0,0.0,0.0,9.0,3.0,72.0,50.0,150.0,15.0,14.0,0.0,50.0,31.0,270.0,Juan Carlos Paredes,1,2014,2014,3,0.0,0.3333333333333333,0.0,2.3333333333333335,1.3333333333333333,1.6666666666666667,1.3333333333333333,0.0,0.0,3.0,1.0,24.0,16.666666666666668,16.666666666666668,10.333333333333334,50.0
47743,2.0,16,4.0,7.0,38.0,20.0,30.0,13.0,16.0,5.0,1.0,1.0,26.0,7.0,266.0,224.0,472.0,60.0,65.0,1.0,193.0,158.0,717.0,Juan Cuadrado,2,2014,2018,9,0.2510460251046025,2.00836820083682,0.502092050209205,4.7698744769874475,2.510460251046025,3.7656903765690375,2.00836820083682,0.6276150627615062,0.12552301255230125,3.2635983263598325,0.8786610878661087,33.38912133891213,28.11715481171548,24.225941422594143,19.832635983263597,59.24686192468619
47855,0.0,1,0.0,0.0,1.0,1.0,1.0,8.0,2.0,0.0,1.0,0.0,4.0,1.0,128.0,91.0,242.0,27.0,16.0,0.0,82.0,51.0,390.0,Henrik Dalsgaard,1,2018,2018,4,0.0,0.23076923076923078,0.0,0.23076923076923078,0.23076923076923078,0.23076923076923078,0.46153846153846156,0.0,0.23076923076923078,0.9230769230769231,0.23076923076923078,29.53846153846154,21.0,18.923076923076923,11.76923076923077,55.84615384615385
48240,1.0,9,5.0,3.0,6.0,5.0,10.0,5.0,6.0,0.0,1.0,2.0,5.0,0.0,105.0,75.0,181.0,39.0,39.0,0.0,80.0,52.0,432.0,Yuya Osako,2,2014,2018,6,0.20833333333333334,1.875,1.0416666666666667,1.25,1.0416666666666667,2.0833333333333335,1.25,0.0,0.20833333333333334,1.0416666666666667,0.0,21.875,15.625,16.666666666666668,10.833333333333334,37.708333333333336
48335,0.0,3,0.0,2.0,7.0,3.0,5.0,3.0,3.0,0.0,0.0,2.0,11.0,3.0,181.0,130.0,318.0,41.0,31.0,0.0,114.0,77.0,479.0,Hiroki Sakai,2,2018,2022,6,0.0,0.5636743215031316,0.0,1.315240083507307,0.5636743215031316,0.9394572025052192,0.5636743215031316,0.0,0.0,2.066805845511482,0.5636743215031316,34.00835073068894,24.4258872651357,21.419624217118997,14.467640918580376,59.74947807933194
48428,2.0,2,2.0,0.0,2.0,1.0,8.0,3.0,0.0,0.0,0.0,0.0,1.0,0.0,163.0,125.0,226.0,29.0,9.0,0.0,58.0,37.0,360.0,Jung Soo Lee,1,2010,2010,4,0.5,0.5,0.5,0.5,0.25,2.0,0.0,0.0,0.0,0.25,0.0,40.75,31.25,14.5,9.25,56.5
48578,0.0,5,2.0,2.0,12.0,6.0,3.0,5.0,5.0,0.0,0.0,0.0,4.0,1.0,117.0,92.0,167.0,16.0,18.0,0.0,79.0,60.0,270.0,Yong Jo Hong,1,2010,2010,3,0.0,1.6666666666666667,0.6666666666666666,4.0,2.0,1.0,1.6666666666666667,0.0,0.0,1.3333333333333333,0.3333333333333333,39.0,30.666666666666668,26.333333333333332,20.0,55.666666666666664
48926,0.0,0,0.0,0.0,1.0,1.0,5.0,1.0,0.0,0.0,0.0,0.0,1.0,0.0,149.0,128.0,219.0,24.0,7.0,0.0,31.0,21.0,345.0,Matt Besler,1,2014,2014,4,0.0,0.0,0.0,0.2608695652173913,0.2608695652173913,1.3043478260869565,0.0,0.0,0.0,0.2608695652173913,0.0,38.869565217391305,33.391304347826086,8.08695652173913,5.478260869565217,57.130434782608695
48928,1.0,14,4.0,7.0,20.0,5.0,1.0,6.0,6.0,1.0,3.0,1.0,46.0,7.0,137.0,98.0,265.0,10.0,34.0,0.0,114.0,79.0,494.0,Claudio López,2,1998,2002,8,0.18218623481781376,2.5506072874493926,0.728744939271255,3.6437246963562755,0.9109311740890689,0.18218623481781376,1.0931174089068827,0.18218623481781376,0.5465587044534413,8.380566801619434,1.2753036437246963,24.959514170040485,17.85425101214575,20.76923076923077,14.392712550607287,48.27935222672065
48956,0.0,5,0.0,1.0,8.0,5.0,2.0,8.0,2.0,0.0,0.0,0.0,4.0,0.0,117.0,94.0,190.0,27.0,31.0,0.0,72.0,56.0,360.0,Róger Espinoza,2,2010,2014,5,0.0,1.25,0.0,2.0,1.25,0.5,0.5,0.0,0.0,1.0,0.0,29.25,23.5,18.0,14.0,47.5
48988,0.0,2,0.0,1.0,3.0,3.0,4.0,4.0,1.0,0.0,0.0,0.0,2.0,1.0,139.0,104.0,209.0,24.0,13.0,0.0,72.0,43.0,300.0,Geoff Cameron,1,2014,2014,3,0.0,0.6,0.0,0.8999999999999999,0.8999999999999999,1.2,0.3,0.0,0.0,0.6,0.3,41.699999999999996,31.2,21.599999999999998,12.899999999999999,62.699999999999996
49855,0.0,2,0.0,1.0,2.0,2.0,1.0,7.0,1.0,0.0,0.0,0.0,7.0,1.0,95.0,83.0,147.0,20.0,22.0,0.0,45.0,37.0,284.0,Alejandro Bedoya,1,2014,2014,4,0.0,0.6338028169014085,0.0,0.6338028169014085,0.6338028169014085,0.31690140845070425,0.31690140845070425,0.0,0.0,2.2183098591549295,0.31690140845070425,30.105633802816904,26.302816901408452,14.26056338028169,11.725352112676056,46.58450704225352
50480,0.0,6,2.0,3.0,5.0,2.0,3.0,7.0,7.0,2.0,2.0,0.0,0.0,0.0,68.0,50.0,124.0,19.0,32.0,0.0,45.0,29.0,336.0,Chris Wood,2,2010,2026,6,0.0,1.6071428571428572,0.5357142857142857,1.3392857142857142,0.5357142857142857,0.8035714285714286,1.875,0.5357142857142857,0.5357142857142857,0.0,0.0,18.214285714285715,13.392857142857142,12.053571428571429,7.767857142857142,33.214285714285715
50605,0.0,10,4.0,5.0,7.0,4.0,2.0,8.0,8.0,0.0,0.0,2.0,5.0,1.0,439.0,370.0,559.0,42.0,28.0,2.0,238.0,190.0,1019.0,Celso Borges,3,2014,2022,11,0.0,0.8832188420019627,0.35328753680078506,0.6182531894013739,0.35328753680078506,0.17664376840039253,0.7065750736015701,0.0,0.0,0.44160942100098133,0.08832188420019627,38.77330716388616,32.67909715407262,21.02060843964671,16.78115799803729,49.37193326790971
50899,1.0,7,2.0,2.0,5.0,1.0,2.0,7.0,1.0,0.0,0.0,0.0,1.0,1.0,78.0,57.0,121.0,10.0,26.0,0.0,54.0,36.0,349.0,Haris Seferović,3,2014,2022,10,0.25787965616045844,1.8051575931232091,0.5157593123209169,1.2893982808022924,0.25787965616045844,0.5157593123209169,0.25787965616045844,0.0,0.0,0.25787965616045844,0.25787965616045844,20.11461318051576,14.699140401146131,13.925501432664756,9.283667621776504,31.20343839541547
51225,1.0,3,1.0,2.0,0.0,0.0,2.0,2.0,1.0,1.0,0.0,0.0,1.0,0.0,300.0,258.0,387.0,17.0,21.0,0.0,84.0,59.0,630.0,Domagoj Vida,1,2018,2018,6,0.14285714285714285,0.42857142857142855,0.14285714285714285,0.0,0.0,0.2857142857142857,0.14285714285714285,0.14285714285714285,0.0,0.14285714285714285,0.0,42.857142857142854,36.857142857142854,12.0,8.428571428571429,55.285714285714285
51640,3.0,15,8.0,3.0,4.0,0.0,6.0,3.0,8.0,2.0,1.0,0.0,12.0,5.0,92.0,72.0,161.0,13.0,17.0,0.0,65.0,47.0,347.0,Wahbi Khazri,2,2018,2022,5,0.7780979827089337,3.8904899135446684,2.07492795389049,1.037463976945245,0.0,1.5561959654178674,2.07492795389049,0.5187319884726225,0.25936599423631124,3.112391930835735,1.296829971181556,23.861671469740635,18.67435158501441,16.85878962536023,12.190201729106628,41.757925072046106
51785,1.0,15,3.0,6.0,13.0,6.0,10.0,3.0,2.0,0.0,0.0,1.0,4.0,0.0,95.0,83.0,185.0,22.0,29.0,0.0,59.0,50.0,417.0,Emil Forsberg,1,2018,2018,5,0.2158273381294964,3.237410071942446,0.6474820143884892,2.805755395683453,1.2949640287769784,2.158273381294964,0.4316546762589928,0.0,0.0,0.8633093525179856,0.0,20.503597122302157,17.9136690647482,12.733812949640287,10.791366906474819,39.92805755395683
51793,1.0,4,3.0,1.0,9.0,3.0,3.0,6.0,5.0,1.0,1.0,1.0,1.0,0.0,78.0,56.0,139.0,14.0,28.0,0.0,63.0,44.0,303.0,Oribe Peralta,2,2014,2018,5,0.297029702970297,1.188118811881188,0.8910891089108911,2.6732673267326734,0.8910891089108911,0.8910891089108911,1.4851485148514851,0.297029702970297,0.297029702970297,0.297029702970297,0.0,23.168316831683168,16.633663366336634,18.712871287128714,13.069306930693068,41.28712871287129
52797,0.0,6,0.0,2.0,7.0,5.0,2.0,1.0,3.0,1.0,0.0,0.0,3.0,0.0,86.0,67.0,149.0,16.0,23.0,0.0,49.0,35.0,331.0,Ryan Mendes,1,2026,2026,4,0.0,1.6314199395770395,0.0,1.9033232628398793,1.3595166163141994,0.5438066465256798,0.8157099697885197,0.2719033232628399,0.0,0.8157099697885197,0.0,23.38368580060423,18.217522658610275,13.323262839879154,9.516616314199396,40.51359516616314
53330,0.0,15,8.0,7.0,13.0,4.0,7.0,22.0,8.0,1.0,1.0,4.0,0.0,0.0,139.0,84.0,229.0,48.0,71.0,0.0,109.0,59.0,450.0,Ali Daei,2,1998,2006,5,0.0,3.0,1.6,2.6,0.8,1.4,1.6,0.2,0.2,0.0,0.0,27.8,16.8,21.8,11.8,45.8
54138,0.0,3,0.0,3.0,8.0,4.0,1.0,13.0,1.0,0.0,0.0,0.0,16.0,4.0,132.0,86.0,219.0,24.0,26.0,0.0,77.0,43.0,270.0,Amir Karic,1,2002,2002,3,0.0,1.0,0.0,2.6666666666666665,1.3333333333333333,0.3333333333333333,0.3333333333333333,0.0,0.0,5.333333333333333,1.3333333333333333,44.0,28.666666666666668,25.666666666666668,14.333333333333334,73.0
57076,1.0,2,1.0,1.0,0.0,0.0,0.0,0.0,1.0,0.0,0.0,0.0,0.0,0.0,69.0,62.0,102.0,6.0,3.0,0.0,13.0,8.0,270.0,Bongani Khumalo,1,2010,2010,3,0.3333333333333333,0.6666666666666666,0.3333333333333333,0.0,0.0,0.0,0.3333333333333333,0.0,0.0,0.0,0.0,23.0,20.666666666666668,4.333333333333333,2.6666666666666665,34.0
59574,0.0,0,0.0,0.0,0.0,0.0,5.0,6.0,0.0,0.0,0.0,0.0,0.0,0.0,186.0,160.0,211.0,12.0,9.0,0.0,74.0,54.0,270.0,Steven Vitória,1,2022,2022,3,0.0,0.0,0.0,0.0,0.0,1.6666666666666667,0.0,0.0,0.0,0.0,0.0,62.0,53.333333333333336,24.666666666666668,18.0,70.33333333333333
65953,5.0,37,11.0,12.0,28.0,10.0,33.0,18.0,34.0,2.0,6.0,3.0,60.0,13.0,423.0,347.0,666.0,52.0,78.0,1.0,309.0,244.0,981.0,Xherdan Shaqiri,4,2010,2022,12,0.4587155963302752,3.3944954128440368,1.0091743119266054,2.568807339449541,0.9174311926605504,3.0275229357798166,3.1192660550458715,0.18348623853211007,0.5504587155963303,5.504587155963303,1.1926605504587156,38.80733944954128,31.8348623853211,28.34862385321101,22.38532110091743,61.100917431192656
66471,0.0,5,2.0,3.0,6.0,4.0,1.0,5.0,3.0,0.0,0.0,1.0,2.0,0.0,67.0,49.0,114.0,13.0,19.0,1.0,44.0,32.0,353.0,Martin Braithwaite,2,2018,2022,6,0.0,1.274787535410765,0.509915014164306,1.529745042492918,1.019830028328612,0.254957507082153,0.764872521246459,0.0,0.0,0.509915014164306,0.0,17.08215297450425,12.492917847025497,11.21813031161473,8.158640226628895,29.06515580736544
66477,0.0,4,0.0,3.0,4.0,1.0,4.0,12.0,3.0,1.0,0.0,0.0,1.0,1.0,196.0,158.0,255.0,30.0,30.0,0.0,114.0,81.0,412.0,Thomas Delaney,2,2018,2022,5,0.0,0.8737864077669903,0.0,0.8737864077669903,0.2184466019417476,0.8737864077669903,0.6553398058252428,0.2184466019417476,0.0,0.2184466019417476,0.2184466019417476,42.81553398058253,34.51456310679612,24.902912621359224,17.694174757281555,55.70388349514563
66492,0.0,2,0.0,2.0,2.0,1.0,0.0,2.0,1.0,1.0,1.0,0.0,1.0,0.0,227.0,202.0,252.0,6.0,5.0,0.0,105.0,84.0,278.0,David Alaba,1,2026,2026,4,0.0,0.6474820143884892,0.0,0.6474820143884892,0.3237410071942446,0.0,0.3237410071942446,0.3237410071942446,0.3237410071942446,0.3237410071942446,0.0,73.48920863309353,65.39568345323741,33.99280575539568,27.194244604316545,81.58273381294964
66518,2.0,10,7.0,1.0,17.0,2.0,7.0,6.0,4.0,0.0,2.0,1.0,6.0,5.0,150.0,127.0,234.0,22.0,33.0,0.0,106.0,86.0,291.0,Mario Götze,2,2014,2022,8,0.6185567010309279,3.0927835051546393,2.1649484536082473,5.257731958762887,0.6185567010309279,2.1649484536082473,1.2371134020618557,0.0,0.6185567010309279,1.8556701030927836,1.5463917525773196,46.391752577319586,39.27835051546392,32.78350515463917,26.597938144329895,72.37113402061856
67647,3.0,22,6.0,7.0,15.0,9.0,7.0,3.0,11.0,0.0,0.0,2.0,15.0,4.0,321.0,280.0,446.0,22.0,31.0,0.0,229.0,197.0,883.0,Andrej Kramarić,3,2018,2026,17,0.30577576443941107,2.2423556058890144,0.6115515288788221,1.5288788221970553,0.9173272933182333,0.7134767836919592,1.1211778029445072,0.0,0.0,1.5288788221970553,0.4077010192525481,32.71800679501698,28.539071347678366,23.34088335220838,20.079275198187993,45.45866364665911
67769,0.0,11,3.0,4.0,14.0,6.0,12.0,25.0,23.0,3.0,6.0,0.0,85.0,17.0,752.0,614.0,1155.0,98.0,61.0,0.0,424.0,340.0,1628.0,Ricardo Rodríguez,4,2014,2026,18,0.0,0.6081081081081081,0.16584766584766586,0.773955773955774,0.3316953316953317,0.6633906633906634,1.2714987714987716,0.16584766584766586,0.3316953316953317,4.699017199017199,0.9398034398034398,41.57248157248157,33.943488943488944,23.43980343980344,18.796068796068795,63.851351351351354
69256,1.0,4,1.0,2.0,6.0,4.0,6.0,7.0,28.0,1.0,5.0,0.0,62.0,23.0,452.0,365.0,698.0,53.0,22.0,0.0,260.0,184.0,781.0,Kieran Trippier,2,2018,2022,9,0.11523687580025609,0.46094750320102434,0.11523687580025609,0.6914212548015365,0.46094750320102434,0.6914212548015365,3.2266325224071704,0.11523687580025609,0.5761843790012805,7.144686299615878,2.65044814340589,52.08706786171575,42.06145966709347,29.961587708066585,21.20358514724712,80.43533930857875
70530,0.0,6,1.0,5.0,3.0,2.0,2.0,6.0,2.0,0.0,0.0,2.0,0.0,0.0,219.0,185.0,339.0,30.0,18.0,0.0,78.0,59.0,570.0,Jonathan Mensah,2,2010,2014,6,0.0,0.9473684210526316,0.15789473684210528,0.4736842105263158,0.31578947368421056,0.31578947368421056,0.31578947368421056,0.0,0.0,0.0,0.0,34.578947368421055,29.210526315789476,12.31578947368421,9.31578947368421,53.526315789473685
70630,0.0,5,0.0,4.0,8.0,2.0,8.0,14.0,6.0,1.0,1.0,0.0,38.0,8.0,349.0,274.0,584.0,29.0,39.0,0.0,195.0,144.0,755.0,Šime Vrsaljko,2,2014,2018,8,0.0,0.5960264900662251,0.0,0.9536423841059603,0.23841059602649006,0.9536423841059603,0.7152317880794702,0.11920529801324503,0.11920529801324503,4.529801324503311,0.9536423841059603,41.602649006622514,32.662251655629134,23.24503311258278,17.165562913907284,69.6158940397351
70996,3.0,50,14.0,19.0,39.0,18.0,10.0,11.0,53.0,4.0,7.0,0.0,94.0,30.0,799.0,635.0,1162.0,66.0,75.0,1.0,601.0,455.0,1587.0,Kevin De Bruyne,4,2014,2026,18,0.17013232514177695,2.835538752362949,0.7939508506616257,2.2117202268431004,1.0207939508506616,0.5671077504725898,3.005671077504726,0.22684310018903592,0.39697542533081287,5.330812854442344,1.7013232514177694,45.311909262759926,36.01134215500945,34.083175803402646,25.803402646502835,65.89792060491493
73188,0.0,2,0.0,2.0,0.0,0.0,1.0,2.0,0.0,0.0,0.0,0.0,0.0,0.0,86.0,74.0,136.0,16.0,7.0,0.0,37.0,28.0,270.0,John Boye,1,2014,2014,3,0.0,0.6666666666666666,0.0,0.0,0.0,0.3333333333333333,0.0,0.0,0.0,0.0,0.0,28.666666666666668,24.666666666666668,12.333333333333334,9.333333333333334,45.333333333333336
74545,0.0,6,1.0,5.0,5.0,3.0,3.0,3.0,4.0,0.0,0.0,0.0,4.0,1.0,128.0,107.0,176.0,16.0,12.0,0.0,65.0,49.0,270.0,Leandro Bacuna,1,2026,2026,3,0.0,2.0,0.3333333333333333,1.6666666666666667,1.0,1.0,1.3333333333333333,0.0,0.0,1.3333333333333333,0.3333333333333333,42.666666666666664,35.666666666666664,21.666666666666668,16.333333333333332,58.666666666666664
74915,0.0,6,1.0,5.0,6.0,6.0,17.0,26.0,4.0,1.0,1.0,0.0,8.0,1.0,1190.0,1074.0,1463.0,102.0,65.0,0.0,440.0,363.0,1543.0,Nicolás Otamendi,4,2010,2026,21,0.0,0.3499675955930006,0.05832793259883344,0.3499675955930006,0.3499675955930006,0.9915748541801684,0.23331173039533376,0.05832793259883344,0.05832793259883344,0.4666234607906675,0.05832793259883344,69.41023979261179,62.64419961114711,25.664290343486712,21.17303953337654,85.33376539209331
76227,1.0,3,1.0,1.0,2.0,1.0,14.0,9.0,5.0,0.0,1.0,1.0,1.0,0.0,301.0,239.0,391.0,44.0,27.0,0.0,153.0,106.0,604.0,Grzegorz Krychowiak,2,2018,2022,7,0.14900662251655628,0.4470198675496689,0.14900662251655628,0.29801324503311255,0.14900662251655628,2.086092715231788,0.7450331125827815,0.0,0.14900662251655628,0.14900662251655628,0.0,44.85099337748344,35.61258278145695,22.79801324503311,15.794701986754967,58.26158940397351
78893,8.0,30,14.0,8.0,19.0,10.0,3.0,16.0,10.0,2.0,0.0,9.0,1.0,1.0,187.0,141.0,306.0,37.0,65.0,1.0,142.0,103.0,942.0,Romelu Lukaku,4,2014,2026,18,0.7643312101910827,2.8662420382165603,1.3375796178343948,1.8152866242038217,0.9554140127388535,0.28662420382165604,0.9554140127388535,0.19108280254777069,0.0,0.09554140127388534,0.09554140127388534,17.86624203821656,13.471337579617835,13.566878980891719,9.840764331210192,29.235668789808916
80008,0.0,16,4.0,10.0,14.0,8.0,6.0,3.0,10.0,0.0,1.0,1.0,30.0,7.0,201.0,156.0,351.0,29.0,28.0,0.0,147.0,111.0,674.0,Miguel Layún,2,2014,2018,8,0.0,2.136498516320475,0.5341246290801187,1.8694362017804154,1.0682492581602374,0.8011869436201781,1.3353115727002967,0.0,0.13353115727002968,4.00593471810089,0.9347181008902077,26.839762611275965,20.83086053412463,19.62908011869436,14.821958456973293,46.86943620178042
82011,0.0,12,3.0,7.0,20.0,12.0,3.0,3.0,9.0,2.0,2.0,1.0,8.0,0.0,80.0,60.0,175.0,30.0,35.0,0.0,66.0,49.0,360.0,Emmanuel Emenike,1,2014,2014,4,0.0,3.0,0.75,5.0,3.0,0.75,2.25,0.5,0.5,2.0,0.0,20.0,15.0,16.5,12.25,43.75
84539,0.0,3,0.0,2.0,4.0,3.0,3.0,0.0,3.0,0.0,0.0,0.0,13.0,4.0,459.0,422.0,539.0,20.0,11.0,0.0,301.0,270.0,414.0,Koke,3,2014,2022,7,0.0,0.6521739130434783,0.0,0.8695652173913044,0.6521739130434783,0.6521739130434783,0.6521739130434783,0.0,0.0,2.8260869565217392,0.8695652173913044,99.78260869565219,91.73913043478261,65.43478260869566,58.69565217391305,117.17391304347827
85859,4.0,35,15.0,14.0,28.0,16.0,25.0,11.0,39.0,5.0,10.0,3.0,77.0,28.0,621.0,496.0,936.0,83.0,78.0,3.0,430.0,324.0,1402.0,Antoine Griezmann,3,2014,2022,19,0.25677603423680456,2.24679029957204,0.9629101283880172,1.7974322396576319,1.0271041369472182,1.6048502139800285,2.5035663338088447,0.3209700427960057,0.6419400855920114,4.942938659058488,1.7974322396576319,39.86447931526391,31.840228245363768,27.60342368045649,20.79885877318117,60.08559201141227
91046,1.0,5,2.0,3.0,5.0,4.0,2.0,10.0,1.0,0.0,1.0,3.0,2.0,0.0,388.0,320.0,497.0,47.0,23.0,2.0,152.0,101.0,677.0,Stefan de Vrij,1,2014,2014,7,0.1329394387001477,0.6646971935007385,0.2658788774002954,0.6646971935007385,0.5317577548005908,0.2658788774002954,0.1329394387001477,0.0,0.1329394387001477,0.2658788774002954,0.0,51.58050221565731,42.540620384047266,20.20679468242245,13.426883308714919,66.07090103397341
93868,0.0,0,0.0,0.0,1.0,0.0,5.0,4.0,1.0,0.0,1.0,0.0,3.0,0.0,182.0,165.0,238.0,16.0,12.0,0.0,83.0,71.0,270.0,Phil Jones,2,2014,2018,3,0.0,0.0,0.0,0.3333333333333333,0.0,1.6666666666666667,0.3333333333333333,0.0,0.3333333333333333,1.0,0.0,60.666666666666664,55.0,27.666666666666668,23.666666666666668,79.33333333333333
93953,1.0,2,2.0,0.0,7.0,3.0,1.0,5.0,3.0,0.0,2.0,1.0,4.0,2.0,87.0,70.0,128.0,8.0,20.0,0.0,44.0,35.0,275.0,Hassan Al Haydos,2,2022,2026,5,0.32727272727272727,0.6545454545454545,0.6545454545454545,2.290909090909091,0.9818181818181819,0.32727272727272727,0.9818181818181819,0.0,0.6545454545454545,1.309090909090909,0.6545454545454545,28.472727272727276,22.90909090909091,14.4,11.454545454545455,41.89090909090909
94770,0.0,2,0.0,2.0,3.0,2.0,0.0,4.0,0.0,0.0,0.0,0.0,6.0,0.0,66.0,31.0,139.0,17.0,17.0,0.0,49.0,20.0,270.0,Hörður Magnússon,1,2018,2018,3,0.0,0.6666666666666666,0.0,1.0,0.6666666666666666,0.0,0.0,0.0,0.0,2.0,0.0,22.0,10.333333333333334,16.333333333333332,6.666666666666667,46.333333333333336
96538,0.0,2,1.0,1.0,6.0,3.0,5.0,8.0,2.0,0.0,0.0,0.0,21.0,2.0,309.0,270.0,444.0,30.0,17.0,1.0,191.0,166.0,555.0,Lucas Digne,2,2014,2026,7,0.0,0.3243243243243243,0.16216216216216214,0.9729729729729729,0.48648648648648646,0.8108108108108107,0.3243243243243243,0.0,0.0,3.4054054054054053,0.3243243243243243,50.108108108108105,43.78378378378378,30.972972972972972,26.91891891891892,72.0
96547,1.0,2,1.0,0.0,2.0,2.0,9.0,6.0,1.0,0.0,0.0,0.0,0.0,0.0,205.0,184.0,277.0,23.0,14.0,0.0,67.0,53.0,540.0,Samuel Umtiti,1,2018,2018,6,0.16666666666666666,0.3333333333333333,0.16666666666666666,0.3333333333333333,0.3333333333333333,1.5,0.16666666666666666,0.0,0.0,0.0,0.0,34.166666666666664,30.666666666666668,11.166666666666666,8.833333333333334,46.166666666666664
97001,0.0,1,0.0,1.0,7.0,2.0,3.0,5.0,7.0,0.0,0.0,0.0,11.0,4.0,197.0,175.0,258.0,18.0,27.0,0.0,150.0,135.0,356.0,João Mário,2,2018,2022,6,0.0,0.25280898876404495,0.0,1.7696629213483146,0.5056179775280899,0.7584269662921348,1.7696629213483146,0.0,0.0,2.7808988764044944,1.0112359550561798,49.80337078651685,44.241573033707866,37.92134831460674,34.12921348314607,65.2247191011236
101882,0.0,4,0.0,3.0,0.0,0.0,6.0,7.0,0.0,0.0,0.0,0.0,1.0,0.0,340.0,277.0,443.0,31.0,25.0,0.0,114.0,69.0,615.0,Fabian Schär,3,2014,2022,7,0.0,0.5853658536585367,0.0,0.0,0.0,0.8780487804878049,0.0,0.0,0.0,0.14634146341463417,0.0,49.75609756097561,40.53658536585366,16.682926829268293,10.097560975609756,64.82926829268293
103045,0.0,6,3.0,1.0,17.0,6.0,13.0,12.0,6.0,1.0,1.0,0.0,23.0,4.0,110.0,87.0,228.0,38.0,46.0,0.0,76.0,56.0,556.0,Jordan Ayew,3,2014,2026,10,0.0,0.9712230215827338,0.4856115107913669,2.751798561151079,0.9712230215827338,2.1043165467625897,0.9712230215827338,0.1618705035971223,0.1618705035971223,3.723021582733813,0.6474820143884892,17.805755395683452,14.08273381294964,12.302158273381295,9.06474820143885,36.906474820143885
103417,1.0,11,4.0,3.0,30.0,18.0,19.0,1.0,9.0,0.0,1.0,0.0,33.0,10.0,436.0,400.0,579.0,46.0,26.0,1.0,352.0,317.0,390.0,Isco,1,2018,2018,4,0.23076923076923078,2.5384615384615388,0.9230769230769231,6.923076923076923,4.153846153846154,4.384615384615385,2.076923076923077,0.0,0.23076923076923078,7.615384615384616,2.307692307692308,100.61538461538463,92.30769230769232,81.23076923076924,73.15384615384616,133.6153846153846
103928,0.0,0,0.0,0.0,0.0,0.0,3.0,4.0,0.0,0.0,0.0,0.0,0.0,0.0,190.0,182.0,220.0,16.0,9.0,0.0,50.0,47.0,270.0,Dedryck Boyata,1,2018,2018,3,0.0,0.0,0.0,0.0,0.0,1.0,0.0,0.0,0.0,0.0,0.0,63.333333333333336,60.666666666666664,16.666666666666668,15.666666666666666,73.33333333333333
104813,0.0,3,0.0,2.0,5.0,4.0,2.0,8.0,8.0,0.0,0.0,0.0,35.0,12.0,389.0,325.0,513.0,27.0,24.0,0.0,199.0,150.0,630.0,Aaron Mooy,2,2018,2022,7,0.0,0.42857142857142855,0.0,0.7142857142857143,0.5714285714285714,0.2857142857142857,1.1428571428571428,0.0,0.0,5.0,1.7142857142857142,55.57142857142857,46.42857142857143,28.428571428571427,21.428571428571427,73.28571428571429
105173,1.0,9,3.0,1.0,7.0,2.0,9.0,5.0,1.0,0.0,0.0,1.0,2.0,1.0,141.0,121.0,230.0,32.0,47.0,0.0,87.0,71.0,398.0,Koo Ja-Cheol,2,2014,2018,5,0.22613065326633164,2.0351758793969847,0.6783919597989949,1.5829145728643215,0.4522613065326633,2.0351758793969847,0.22613065326633164,0.0,0.0,0.4522613065326633,0.22613065326633164,31.884422110552762,27.361809045226128,19.673366834170853,16.055276381909547,52.01005025125628
105350,0.0,0,0.0,0.0,7.0,4.0,5.0,7.0,3.0,0.0,0.0,0.0,11.0,3.0,123.0,91.0,218.0,21.0,16.0,0.0,59.0,35.0,270.0,Jason Davidson,1,2014,2014,3,0.0,0.0,0.0,2.3333333333333335,1.3333333333333333,1.6666666666666667,1.0,0.0,0.0,3.6666666666666665,1.0,41.0,30.333333333333332,19.666666666666668,11.666666666666666,72.66666666666667
105697,0.0,3,1.0,0.0,6.0,4.0,4.0,4.0,3.0,2.0,1.0,0.0,20.0,5.0,98.0,85.0,196.0,17.0,15.0,0.0,47.0,38.0,270.0,Serge Aurier,1,2014,2014,3,0.0,1.0,0.3333333333333333,2.0,1.3333333333333333,1.3333333333333333,1.0,0.6666666666666666,0.3333333333333333,6.666666666666667,1.6666666666666667,32.666666666666664,28.333333333333332,15.666666666666666,12.666666666666666,65.33333333333333
105734,1.0,17,5.0,8.0,13.0,4.0,4.0,2.0,17.0,1.0,2.0,2.0,58.0,15.0,369.0,313.0,529.0,18.0,33.0,1.0,236.0,187.0,704.0,Christian Eriksen,3,2010,2022,9,0.1278409090909091,2.1732954545454546,0.6392045454545455,1.6619318181818183,0.5113636363636364,0.5113636363636364,2.1732954545454546,0.1278409090909091,0.2556818181818182,7.4147727272727275,1.9176136363636365,47.17329545454545,40.01420454545455,30.170454545454547,23.90625,67.6278409090909
106337,0.0,11,2.0,6.0,7.0,3.0,5.0,12.0,7.0,0.0,1.0,0.0,18.0,1.0,528.0,469.0,658.0,36.0,25.0,0.0,328.0,288.0,904.0,Idrissa Gana Gueye,3,2018,2026,10,0.0,1.095132743362832,0.19911504424778761,0.6969026548672567,0.29867256637168144,0.497787610619469,0.6969026548672567,0.0,0.09955752212389381,1.7920353982300885,0.09955752212389381,52.56637168141593,46.692477876106196,32.65486725663717,28.672566371681416,65.50884955752213
106456,6.0,27,15.0,5.0,18.0,8.0,21.0,14.0,4.0,0.0,1.0,6.0,9.0,2.0,136.0,105.0,306.0,51.0,71.0,1.0,96.0,69.0,816.0,Enner Valencia,3,2014,2026,10,0.6617647058823529,2.9779411764705883,1.6544117647058825,1.9852941176470589,0.8823529411764706,2.3161764705882355,0.4411764705882353,0.0,0.11029411764705882,0.9926470588235294,0.22058823529411764,15.0,11.580882352941178,10.588235294117647,7.610294117647059,33.75
107025,1.0,9,5.0,2.0,6.0,3.0,7.0,4.0,6.0,2.0,3.0,3.0,4.0,1.0,52.0,44.0,101.0,15.0,21.0,1.0,40.0,34.0,363.0,Josip Drmić,2,2014,2018,7,0.24793388429752067,2.231404958677686,1.2396694214876034,1.4876033057851241,0.7438016528925621,1.7355371900826446,1.4876033057851241,0.49586776859504134,0.7438016528925621,0.9917355371900827,0.24793388429752067,12.892561983471074,10.90909090909091,9.917355371900827,8.429752066115702,25.041322314049587
107414,6.0,25,11.0,2.0,34.0,17.0,19.0,14.0,28.0,4.0,5.0,1.0,46.0,15.0,505.0,417.0,732.0,53.0,63.0,0.0,372.0,295.0,869.0,James Rodríguez,3,2014,2026,13,0.6214039125431531,2.5891829689298045,1.139240506329114,3.521288837744534,1.760644418872267,1.9677790563866515,2.899884925201381,0.4142692750287687,0.5178365937859609,4.76409666283084,1.5535097813578826,52.30149597238205,43.18757192174914,38.527042577675495,30.552359033371694,75.81127733026467
108579,14.0,49,24.0,16.0,17.0,7.0,39.0,13.0,14.0,4.0,6.0,7.0,8.0,2.0,342.0,235.0,577.0,101.0,88.0,0.0,272.0,176.0,1630.0,Harry Kane,3,2018,2026,18,0.7730061349693251,2.705521472392638,1.325153374233129,0.9386503067484663,0.38650306748466257,2.1533742331288344,0.7730061349693251,0.22085889570552147,0.33128834355828224,0.44171779141104295,0.11042944785276074,18.883435582822088,12.975460122699387,15.01840490797546,9.717791411042946,31.858895705521473
108800,0.0,10,3.0,4.0,7.0,3.0,17.0,18.0,12.0,1.0,0.0,1.0,4.0,0.0,919.0,808.0,1081.0,59.0,63.0,0.0,452.0,378.0,1041.0,Marcelo Brozović,3,2014,2022,13,0.0,0.8645533141210375,0.25936599423631124,0.6051873198847262,0.25936599423631124,1.4697406340057637,1.037463976945245,0.08645533141210375,0.0,0.345821325648415,0.0,79.45244956772335,69.85590778097983,39.07780979827089,32.680115273775215,93.45821325648416
109064,0.0,3,1.0,2.0,2.0,0.0,4.0,7.0,1.0,0.0,1.0,0.0,6.0,2.0,124.0,97.0,207.0,20.0,16.0,0.0,51.0,41.0,441.0,Bryan Oviedo,2,2018,2022,5,0.0,0.6122448979591836,0.2040816326530612,0.4081632653061224,0.0,0.8163265306122448,0.2040816326530612,0.0,0.2040816326530612,1.2244897959183672,0.4081632653061224,25.30612244897959,19.79591836734694,10.408163265306122,8.36734693877551,42.24489795918367
109179,0.0,1,0.0,1.0,1.0,0.0,8.0,1.0,3.0,0.0,0.0,0.0,1.0,0.0,122.0,106.0,172.0,17.0,9.0,0.0,55.0,42.0,270.0,Yong Hak An,1,2010,2010,3,0.0,0.3333333333333333,0.0,0.3333333333333333,0.0,2.6666666666666665,1.0,0.0,0.0,0.3333333333333333,0.0,40.666666666666664,35.333333333333336,18.333333333333332,14.0,57.333333333333336
109232,2.0,5,3.0,1.0,1.0,1.0,9.0,7.0,3.0,0.0,1.0,0.0,4.0,2.0,444.0,379.0,546.0,29.0,25.0,0.0,185.0,136.0,891.0,Kim Young-gwon,3,2014,2022,10,0.20202020202020202,0.5050505050505051,0.30303030303030304,0.10101010101010101,0.10101010101010101,0.9090909090909091,0.30303030303030304,0.0,0.10101010101010101,0.40404040404040403,0.20202020202020202,44.848484848484844,38.282828282828284,18.686868686868685,13.737373737373737,55.15151515151515
109352,0.0,2,0.0,1.0,1.0,0.0,1.0,3.0,2.0,0.0,0.0,0.0,2.0,0.0,247.0,221.0,281.0,12.0,11.0,0.0,152.0,131.0,317.0,Yamaguchi Hotaru,2,2014,2018,6,0.0,0.5678233438485805,0.0,0.28391167192429023,0.0,0.28391167192429023,0.5678233438485805,0.0,0.0,0.5678233438485805,0.0,70.12618296529969,62.74447949526814,43.154574132492115,37.19242902208202,79.77917981072555
109461,0.0,0,0.0,0.0,8.0,2.0,5.0,9.0,2.0,0.0,0.0,0.0,7.0,3.0,171.0,137.0,310.0,24.0,31.0,0.0,73.0,53.0,511.0,Bartosz Bereszyński,2,2018,2022,7,0.0,0.0,0.0,1.4090019569471623,0.3522504892367906,0.8806262230919765,0.3522504892367906,0.0,0.0,1.2328767123287672,0.5283757338551859,30.117416829745597,24.129158512720156,12.857142857142856,9.33463796477495,54.59882583170254
111038,1.0,5,1.0,3.0,11.0,5.0,6.0,10.0,6.0,0.0,1.0,0.0,35.0,10.0,255.0,183.0,454.0,46.0,54.0,0.0,170.0,114.0,706.0,Niklas Alexandersson Eriksson,2,2002,2006,8,0.1274787535410765,0.6373937677053825,0.1274787535410765,1.4022662889518414,0.6373937677053825,0.764872521246459,0.764872521246459,0.0,0.1274787535410765,4.4617563739376775,1.274787535410765,32.507082152974505,23.328611898016998,21.671388101983005,14.53257790368272,57.875354107648725
111505,3.0,36,8.0,12.0,47.0,23.0,19.0,7.0,17.0,1.0,2.0,4.0,41.0,12.0,291.0,231.0,562.0,57.0,61.0,1.0,229.0,180.0,1047.0,Son Heung-min,4,2014,2026,13,0.25787965616045844,3.0945558739255015,0.6876790830945559,4.040114613180516,1.9770773638968482,1.6332378223495703,1.4613180515759312,0.08595988538681949,0.17191977077363899,3.524355300859599,1.0315186246418337,25.01432664756447,19.856733524355302,19.68481375358166,15.472779369627508,48.30945558739255
111802,2.0,17,5.0,8.0,19.0,14.0,26.0,23.0,14.0,1.0,5.0,3.0,11.0,2.0,524.0,426.0,716.0,85.0,70.0,0.0,339.0,260.0,893.0,Paul Pogba,2,2014,2018,11,0.20156774916013437,1.7133258678611423,0.503919372900336,1.9148936170212765,1.4109742441209405,2.620380739081747,1.4109742441209405,0.10078387458006718,0.503919372900336,1.108622620380739,0.20156774916013437,52.81075027995521,42.93393057110862,34.16573348264278,26.20380739081747,72.1612541993281
111803,0.0,4,2.0,1.0,12.0,8.0,14.0,10.0,12.0,0.0,1.0,0.0,13.0,2.0,268.0,221.0,424.0,36.0,33.0,0.0,145.0,121.0,614.0,Youssouf Sabaly,2,2018,2022,7,0.0,0.5863192182410424,0.2931596091205212,1.7589576547231272,1.1726384364820848,2.0521172638436482,1.7589576547231272,0.0,0.1465798045602606,1.9055374592833878,0.2931596091205212,39.28338762214984,32.39413680781759,21.254071661237784,17.736156351791532,62.14983713355049
115183,1.0,13,9.0,1.0,11.0,5.0,9.0,12.0,7.0,0.0,2.0,6.0,7.0,4.0,261.0,230.0,373.0,33.0,41.0,0.0,129.0,111.0,740.0,Paulinho,2,2014,2018,11,0.12162162162162163,1.5810810810810811,1.0945945945945947,1.337837837837838,0.6081081081081081,1.0945945945945947,0.8513513513513514,0.0,0.24324324324324326,0.8513513513513514,0.4864864864864865,31.743243243243246,27.972972972972975,15.689189189189191,13.500000000000002,45.36486486486487
115516,1.0,5,3.0,2.0,5.0,1.0,5.0,14.0,3.0,0.0,0.0,1.0,5.0,2.0,487.0,427.0,598.0,31.0,44.0,0.0,288.0,247.0,918.0,Remo Freuler,2,2022,2026,10,0.09803921568627452,0.4901960784313726,0.29411764705882354,0.4901960784313726,0.09803921568627452,0.4901960784313726,0.29411764705882354,0.0,0.0,0.4901960784313726,0.19607843137254904,47.74509803921569,41.86274509803922,28.23529411764706,24.215686274509807,58.62745098039216
116295,0.0,0,0.0,0.0,4.0,3.0,2.0,6.0,0.0,0.0,0.0,0.0,8.0,0.0,96.0,66.0,210.0,20.0,24.0,0.0,48.0,36.0,315.0,Emilio Izaguirre,2,2010,2014,4,0.0,0.0,0.0,1.1428571428571428,0.8571428571428571,0.5714285714285714,0.0,0.0,0.0,2.2857142857142856,0.0,27.428571428571427,18.857142857142858,13.714285714285714,10.285714285714286,60.0
116506,1.0,3,1.0,2.0,0.0,0.0,1.0,1.0,2.0,0.0,0.0,0.0,0.0,0.0,64.0,46.0,121.0,9.0,7.0,0.0,32.0,18.0,270.0,Yun Nam Ji,1,2010,2010,3,0.3333333333333333,1.0,0.3333333333333333,0.0,0.0,0.3333333333333333,0.6666666666666666,0.0,0.0,0.0,0.0,21.333333333333332,15.333333333333334,10.666666666666666,6.0,40.333333333333336
116513,0.0,0,0.0,0.0,0.0,0.0,1.0,4.0,1.0,0.0,0.0,0.0,0.0,0.0,56.0,46.0,87.0,6.0,9.0,0.0,18.0,14.0,270.0,Chol Jin Pak,1,2010,2010,3,0.0,0.0,0.0,0.0,0.0,0.3333333333333333,0.3333333333333333,0.0,0.0,0.0,0.0,18.666666666666668,15.333333333333334,6.0,4.666666666666667,29.0
116516,0.0,1,0.0,1.0,0.0,0.0,7.0,1.0,0.0,0.0,0.0,0.0,0.0,0.0,74.0,58.0,123.0,14.0,7.0,0.0,27.0,16.0,270.0,Jun Il Ri,1,2010,2010,3,0.0,0.3333333333333333,0.0,0.0,0.0,2.3333333333333335,0.0,0.0,0.0,0.0,0.0,24.666666666666668,19.333333333333332,9.0,5.333333333333333,41.0
116517,0.0,1,0.0,1.0,0.0,0.0,3.0,3.0,0.0,0.0,0.0,0.0,0.0,0.0,63.0,44.0,119.0,11.0,12.0,0.0,20.0,9.0,270.0,Kwang Chon Ri,1,2010,2010,3,0.0,0.3333333333333333,0.0,0.0,0.0,1.0,0.0,0.0,0.0,0.0,0.0,21.0,14.666666666666666,6.666666666666667,3.0,39.666666666666664
116869,2.0,15,3.0,5.0,23.0,12.0,6.0,3.0,3.0,1.0,2.0,0.0,5.0,1.0,78.0,62.0,158.0,22.0,29.0,0.0,60.0,44.0,328.0,Vincent Aboubakar,3,2010,2022,7,0.5487804878048781,4.115853658536586,0.8231707317073171,6.310975609756098,3.2926829268292686,1.6463414634146343,0.8231707317073171,0.27439024390243905,0.5487804878048781,1.3719512195121952,0.27439024390243905,21.402439024390244,17.01219512195122,16.463414634146343,12.073170731707318,43.353658536585364
116947,0.0,0,0.0,0.0,0.0,0.0,3.0,10.0,1.0,0.0,0.0,0.0,2.0,0.0,274.0,249.0,327.0,17.0,18.0,0.0,106.0,88.0,455.0,Bruno Martins Indi,1,2014,2014,6,0.0,0.0,0.0,0.0,0.0,0.5934065934065934,0.19780219780219782,0.0,0.0,0.39560439560439564,0.0,54.1978021978022,49.252747252747255,20.967032967032967,17.40659340659341,64.68131868131869
117430,0.0,3,0.0,2.0,3.0,2.0,3.0,5.0,3.0,0.0,1.0,0.0,17.0,2.0,135.0,102.0,246.0,16.0,18.0,0.0,84.0,58.0,390.0,Eugenio Mena,1,2014,2014,4,0.0,0.6923076923076924,0.0,0.6923076923076924,0.46153846153846156,0.6923076923076924,0.6923076923076924,0.0,0.23076923076923078,3.9230769230769234,0.46153846153846156,31.153846153846157,23.53846153846154,19.384615384615387,13.384615384615385,56.769230769230774
117777,3.0,30,8.0,14.0,11.0,5.0,23.0,22.0,14.0,0.0,0.0,0.0,10.0,1.0,1198.0,1072.0,1426.0,76.0,82.0,0.0,673.0,570.0,1642.0,Granit Xhaka,4,2014,2026,18,0.16443361753958588,1.6443361753958587,0.438489646772229,0.6029232643118149,0.2740560292326431,1.2606577344701584,0.7673568818514007,0.0,0.0,0.5481120584652862,0.05481120584652863,65.6638246041413,58.75761266747869,36.88794153471377,31.242387332521318,78.16077953714982
117793,0.0,7,1.0,5.0,0.0,0.0,6.0,5.0,0.0,0.0,0.0,3.0,0.0,0.0,211.0,176.0,342.0,45.0,21.0,0.0,62.0,32.0,780.0,Giancarlo González,2,2014,2018,8,0.0,0.8076923076923077,0.11538461538461539,0.0,0.0,0.6923076923076924,0.0,0.0,0.0,0.0,0.0,24.346153846153847,20.30769230769231,7.153846153846154,3.6923076923076925,39.46153846153847
117794,0.0,4,2.0,2.0,8.0,4.0,14.0,12.0,3.0,0.0,0.0,0.0,20.0,3.0,198.0,141.0,383.0,55.0,33.0,0.0,126.0,79.0,680.0,Cristian Gamboa,2,2014,2018,8,0.0,0.5294117647058824,0.2647058823529412,1.0588235294117647,0.5294117647058824,1.8529411764705883,0.3970588235294118,0.0,0.0,2.6470588235294117,0.3970588235294118,26.205882352941178,18.661764705882355,16.676470588235293,10.455882352941178,50.69117647058824
118085,1.0,5,1.0,2.0,3.0,2.0,6.0,0.0,8.0,2.0,1.0,0.0,2.0,0.0,169.0,155.0,211.0,15.0,14.0,0.0,94.0,83.0,324.0,Hans Vanaken,1,2026,2026,6,0.2777777777777778,1.3888888888888888,0.2777777777777778,0.8333333333333333,0.5555555555555556,1.6666666666666665,2.2222222222222223,0.5555555555555556,0.2777777777777778,0.5555555555555556,0.0,46.94444444444444,43.05555555555556,26.11111111111111,23.055555555555554,58.61111111111111
118179,0.0,1,1.0,0.0,3.0,3.0,4.0,1.0,1.0,0.0,0.0,1.0,0.0,0.0,582.0,525.0,655.0,22.0,17.0,0.0,246.0,202.0,720.0,Tim Ream,2,2022,2026,8,0.0,0.125,0.125,0.375,0.375,0.5,0.125,0.0,0.0,0.0,0.0,72.75,65.625,30.75,25.25,81.875
119159,2.0,23,8.0,7.0,14.0,5.0,7.0,3.0,13.0,2.0,4.0,0.0,3.0,1.0,320.0,289.0,410.0,21.0,30.0,0.0,230.0,206.0,436.0,Philippe Coutinho,1,2018,2018,5,0.41284403669724773,4.747706422018349,1.651376146788991,2.889908256880734,1.0321100917431194,1.444954128440367,2.6834862385321103,0.41284403669724773,0.8256880733944955,0.6192660550458716,0.20642201834862386,66.05504587155964,59.6559633027523,47.477064220183486,42.522935779816514,84.63302752293579
122570,1.0,16,3.0,8.0,37.0,14.0,17.0,19.0,9.0,1.0,1.0,2.0,13.0,2.0,264.0,191.0,486.0,74.0,94.0,0.0,194.0,132.0,937.0,Mathew Leckie,4,2014,2026,11,0.096051227321238,1.536819637139808,0.288153681963714,3.5538954108858056,1.3447171824973319,1.632870864461046,0.8644610458911419,0.096051227321238,0.096051227321238,1.248665955176094,0.192102454642476,25.35752401280683,18.345784418356455,18.63393810032017,12.678762006403415,46.68089647812166
122810,0.0,1,0.0,0.0,3.0,2.0,8.0,4.0,5.0,0.0,1.0,0.0,3.0,1.0,469.0,421.0,597.0,34.0,23.0,0.0,230.0,193.0,660.0,Aïssa Mandi,2,2014,2026,7,0.0,0.13636363636363638,0.0,0.4090909090909091,0.27272727272727276,1.090909090909091,0.6818181818181819,0.0,0.13636363636363638,0.4090909090909091,0.13636363636363638,63.95454545454546,57.409090909090914,31.363636363636363,26.31818181818182,81.4090909090909
122951,2.0,17,7.0,5.0,9.0,6.0,11.0,16.0,13.0,0.0,1.0,1.0,11.0,4.0,733.0,632.0,939.0,76.0,60.0,1.0,412.0,345.0,1099.0,Casemiro,3,2018,2026,13,0.1637852593266606,1.3921747042766153,0.5732484076433121,0.7370336669699727,0.4913557779799818,0.9008189262966334,1.064604185623294,0.0,0.0818926296633303,0.9008189262966334,0.3275705186533212,60.02729754322112,51.756141947224755,33.73976342129209,28.252957233848957,76.89717925386715
123166,0.0,2,0.0,2.0,1.0,1.0,2.0,5.0,1.0,0.0,0.0,0.0,2.0,1.0,157.0,140.0,185.0,7.0,7.0,0.0,89.0,78.0,273.0,Nampalys Mendy,1,2022,2022,4,0.0,0.6593406593406593,0.0,0.32967032967032966,0.32967032967032966,0.6593406593406593,0.32967032967032966,0.0,0.0,0.6593406593406593,0.32967032967032966,51.75824175824176,46.15384615384615,29.340659340659343,25.714285714285715,60.98901098901099
124712,9.0,60,32.0,14.0,90.0,36.0,61.0,17.0,46.0,3.0,7.0,8.0,81.0,26.0,566.0,463.0,1061.0,120.0,140.0,0.0,461.0,365.0,1225.0,Neymar,4,2014,2026,15,0.6612244897959184,4.408163265306123,2.3510204081632655,6.612244897959184,2.6448979591836737,4.481632653061225,3.379591836734694,0.22040816326530613,0.5142857142857143,5.951020408163266,1.910204081632653,41.583673469387755,34.01632653061225,33.86938775510204,26.816326530612244,77.95102040816327
124960,0.0,3,0.0,2.0,11.0,8.0,2.0,10.0,2.0,0.0,1.0,0.0,0.0,0.0,221.0,202.0,278.0,20.0,25.0,0.0,125.0,111.0,270.0,Muhamed Bešić,1,2014,2014,3,0.0,1.0,0.0,3.6666666666666665,2.6666666666666665,0.6666666666666666,0.6666666666666666,0.0,0.3333333333333333,0.0,0.0,73.66666666666667,67.33333333333333,41.666666666666664,37.0,92.66666666666667
124992,0.0,3,0.0,3.0,4.0,3.0,3.0,10.0,2.0,0.0,2.0,0.0,19.0,4.0,564.0,500.0,718.0,30.0,21.0,0.0,290.0,248.0,777.0,Danilo,3,2018,2026,9,0.0,0.3474903474903475,0.0,0.46332046332046334,0.3474903474903475,0.3474903474903475,0.23166023166023167,0.0,0.23166023166023167,2.200772200772201,0.46332046332046334,65.32818532818533,57.915057915057915,33.59073359073359,28.72586872586873,83.16602316602317
126071,1.0,2,1.0,1.0,0.0,0.0,3.0,7.0,1.0,0.0,0.0,0.0,0.0,0.0,388.0,307.0,508.0,44.0,23.0,0.0,143.0,90.0,792.0,Kalidou Koulibaly,3,2018,2026,9,0.11363636363636363,0.22727272727272727,0.11363636363636363,0.0,0.0,0.3409090909090909,0.11363636363636363,0.0,0.0,0.0,0.0,44.090909090909086,34.88636363636363,16.25,10.227272727272727,57.72727272727272
126588,0.0,4,0.0,2.0,5.0,1.0,4.0,6.0,1.0,0.0,0.0,0.0,23.0,3.0,118.0,75.0,214.0,20.0,18.0,0.0,84.0,47.0,345.0,Filip Kostić,2,2018,2022,5,0.0,1.0434782608695652,0.0,1.3043478260869565,0.2608695652173913,1.0434782608695652,0.2608695652173913,0.0,0.0,6.0,0.7826086956521738,30.782608695652172,19.565217391304348,21.913043478260867,12.26086956521739,55.826086956521735
128376,1.0,1,1.0,0.0,1.0,0.0,5.0,9.0,1.0,1.0,0.0,0.0,4.0,1.0,160.0,140.0,217.0,15.0,16.0,0.0,86.0,70.0,270.0,Gabriel Mercado,1,2018,2018,3,0.3333333333333333,0.3333333333333333,0.3333333333333333,0.3333333333333333,0.0,1.6666666666666667,0.3333333333333333,0.3333333333333333,0.0,1.3333333333333333,0.3333333333333333,53.333333333333336,46.666666666666664,28.666666666666668,23.333333333333332,72.33333333333333
128587,1.0,11,5.0,5.0,12.0,7.0,2.0,22.0,13.0,3.0,6.0,0.0,31.0,7.0,430.0,348.0,627.0,36.0,53.0,0.0,259.0,201.0,853.0,Thomas Meunier,3,2018,2026,11,0.10550996483001172,1.160609613130129,0.5275498241500586,1.2661195779601406,0.738569753810082,0.21101992966002345,1.3716295427901524,0.31652989449003516,0.6330597889800703,3.270808909730363,0.738569753810082,45.36928487690504,36.71746776084408,27.327080890973036,21.207502930832355,66.15474794841735
133908,1.0,5,2.0,2.0,4.0,2.0,3.0,2.0,6.0,0.0,2.0,0.0,32.0,9.0,117.0,91.0,192.0,10.0,11.0,0.0,95.0,72.0,360.0,Marcel Sabitzer,1,2026,2026,4,0.25,1.25,0.5,1.0,0.5,0.75,1.5,0.0,0.5,8.0,2.25,29.25,22.75,23.75,18.0,48.0
135666,2.0,17,3.0,2.0,18.0,10.0,10.0,4.0,19.0,2.0,3.0,1.0,9.0,2.0,255.0,212.0,387.0,28.0,35.0,1.0,181.0,151.0,612.0,Leandro Trossard,2,2022,2026,9,0.29411764705882354,2.5,0.4411764705882353,2.6470588235294117,1.4705882352941178,1.4705882352941178,2.794117647058824,0.29411764705882354,0.4411764705882353,1.3235294117647058,0.29411764705882354,37.5,31.176470588235293,26.61764705882353,22.205882352941178,56.911764705882355
136710,0.0,13,6.0,5.0,27.0,15.0,22.0,9.0,16.0,2.0,3.0,3.0,4.0,0.0,839.0,776.0,1045.0,84.0,58.0,1.0,491.0,439.0,1203.0,Mateo Kovačić,4,2014,2026,19,0.0,0.9725685785536159,0.44887780548628425,2.0199501246882794,1.1221945137157108,1.6458852867830422,1.1970074812967582,0.14962593516209477,0.22443890274314213,0.29925187032418954,0.0,62.768079800498754,58.05486284289277,36.733167082294266,32.8428927680798,78.17955112219451
136913,0.0,1,0.0,0.0,8.0,5.0,1.0,4.0,0.0,0.0,0.0,0.0,13.0,0.0,109.0,83.0,200.0,17.0,19.0,0.0,72.0,49.0,270.0,Josh Risdon,1,2018,2018,3,0.0,0.3333333333333333,0.0,2.6666666666666665,1.6666666666666667,0.3333333333333333,0.0,0.0,0.0,4.333333333333333,0.0,36.333333333333336,27.666666666666668,24.0,16.333333333333332,66.66666666666667
137661,0.0,6,1.0,3.0,12.0,5.0,6.0,6.0,9.0,2.0,3.0,2.0,3.0,2.0,129.0,94.0,243.0,32.0,36.0,0.0,83.0,54.0,434.0,Viktor Claesson,1,2018,2018,5,0.0,1.2442396313364057,0.20737327188940094,2.4884792626728114,1.0368663594470047,1.2442396313364057,1.8663594470046083,0.4147465437788019,0.6221198156682028,0.6221198156682028,0.4147465437788019,26.75115207373272,19.493087557603687,17.211981566820278,11.198156682027651,50.39170506912443
137916,0.0,1,0.0,1.0,0.0,0.0,3.0,2.0,3.0,0.0,0.0,0.0,1.0,1.0,187.0,167.0,229.0,17.0,14.0,0.0,71.0,58.0,270.0,Trent Sainsbury,1,2018,2018,3,0.0,0.3333333333333333,0.0,0.0,0.0,1.0,1.0,0.0,0.0,0.3333333333333333,0.3333333333333333,62.333333333333336,55.666666666666664,23.666666666666668,19.333333333333332,76.33333333333333
137978,0.0,2,0.0,1.0,5.0,3.0,8.0,15.0,5.0,0.0,0.0,0.0,3.0,1.0,521.0,465.0,596.0,36.0,39.0,0.0,285.0,253.0,709.0,William Carvalho,3,2014,2022,10,0.0,0.2538787023977433,0.0,0.6346967559943583,0.3808180535966149,1.0155148095909732,0.6346967559943583,0.0,0.0,0.3808180535966149,0.12693935119887165,66.13540197461212,59.02679830747532,36.177715091678415,32.11565585331453,75.6558533145275
138024,0.0,1,0.0,0.0,3.0,2.0,3.0,4.0,7.0,1.0,2.0,0.0,20.0,5.0,84.0,61.0,157.0,9.0,13.0,0.0,57.0,38.0,270.0,Vladimír Coufal,1,2026,2026,3,0.0,0.3333333333333333,0.0,1.0,0.6666666666666666,1.0,2.3333333333333335,0.3333333333333333,0.6666666666666666,6.666666666666667,1.6666666666666667,28.0,20.333333333333332,19.0,12.666666666666666,52.333333333333336
138310,1.0,9,2.0,7.0,4.0,4.0,4.0,3.0,2.0,0.0,0.0,0.0,3.0,0.0,790.0,715.0,962.0,53.0,29.0,0.0,286.0,235.0,1540.0,Raphaël Varane,3,2014,2022,18,0.05844155844155844,0.525974025974026,0.11688311688311688,0.23376623376623376,0.23376623376623376,0.23376623376623376,0.11688311688311688,0.0,0.0,0.17532467532467533,0.0,46.16883116883117,41.785714285714285,16.714285714285715,13.733766233766234,56.22077922077922
138452,0.0,7,2.0,3.0,8.0,4.0,9.0,8.0,4.0,1.0,1.0,0.0,5.0,1.0,181.0,128.0,286.0,36.0,28.0,0.0,107.0,68.0,510.0,Roman Zobnin,1,2018,2018,5,0.0,1.2352941176470587,0.3529411764705882,1.4117647058823528,0.7058823529411764,1.588235294117647,0.7058823529411764,0.1764705882352941,0.1764705882352941,0.8823529411764706,0.1764705882352941,31.941176470588232,22.588235294117645,18.88235294117647,12.0,50.470588235294116
138534,1.0,15,2.0,5.0,35.0,17.0,14.0,15.0,8.0,2.0,0.0,1.0,15.0,1.0,247.0,211.0,402.0,40.0,64.0,0.0,189.0,156.0,787.0,Raheem Sterling,3,2014,2022,12,0.11435832274459976,1.7153748411689964,0.2287166454891995,4.002541296060992,1.944091486658196,1.6010165184243965,0.914866581956798,0.2287166454891995,0.0,1.7153748411689964,0.11435832274459976,28.24650571791614,24.12960609911055,21.613722998729354,17.83989834815756,45.972045743329105
138546,1.0,3,1.0,2.0,5.0,0.0,2.0,3.0,3.0,0.0,0.0,0.0,27.0,6.0,105.0,74.0,225.0,17.0,17.0,0.0,51.0,33.0,450.0,Ludwig Augustinsson,1,2018,2018,5,0.2,0.6,0.2,1.0,0.0,0.4,0.6,0.0,0.0,5.4,1.2,21.0,14.8,10.2,6.6,45.0
138572,0.0,2,0.0,1.0,4.0,1.0,3.0,2.0,5.0,1.0,1.0,0.0,9.0,2.0,262.0,237.0,360.0,12.0,18.0,0.0,159.0,144.0,365.0,Dani Carvajal,2,2018,2022,5,0.0,0.4931506849315069,0.0,0.9863013698630138,0.24657534246575344,0.7397260273972603,1.2328767123287672,0.24657534246575344,0.24657534246575344,2.219178082191781,0.4931506849315069,64.6027397260274,58.43835616438356,39.205479452054796,35.50684931506849,88.76712328767124
138605,1.0,7,2.0,2.0,7.0,2.0,3.0,6.0,9.0,0.0,0.0,1.0,21.0,10.0,292.0,240.0,375.0,19.0,20.0,0.0,192.0,150.0,589.0,Piotr Zieliński,2,2018,2022,7,0.15280135823429541,1.069609507640068,0.30560271646859083,1.069609507640068,0.30560271646859083,0.45840407470288624,1.3752122241086588,0.0,0.0,3.2088285229202036,1.5280135823429541,44.617996604414266,36.6723259762309,29.33786078098472,22.920203735144312,57.30050933786078
138833,3.0,16,9.0,5.0,25.0,7.0,11.0,5.0,8.0,2.0,3.0,2.0,9.0,2.0,195.0,153.0,329.0,24.0,48.0,0.0,140.0,102.0,528.0,Memphis Depay,3,2014,2026,12,0.5113636363636364,2.7272727272727275,1.5340909090909092,4.261363636363637,1.1931818181818183,1.8750000000000002,1.3636363636363638,0.34090909090909094,0.5113636363636364,1.5340909090909092,0.34090909090909094,33.23863636363637,26.079545454545457,23.863636363636367,17.386363636363637,56.07954545454546
138892,0.0,5,1.0,2.0,17.0,10.0,6.0,8.0,3.0,1.0,2.0,0.0,30.0,11.0,390.0,329.0,587.0,42.0,27.0,0.0,218.0,174.0,623.0,João Cancelo,2,2022,2026,9,0.0,0.7223113964686998,0.14446227929373998,2.455858747993579,1.4446227929373996,0.8667736757624398,0.4333868378812199,0.14446227929373998,0.28892455858747995,4.333868378812199,1.5890850722311396,56.340288924558585,47.52808988764045,31.492776886035312,25.13643659711075,84.79935794542536
139502,4.0,12,7.0,3.0,12.0,7.0,5.0,8.0,2.0,0.0,0.0,0.0,29.0,4.0,100.0,71.0,219.0,22.0,35.0,1.0,84.0,57.0,542.0,Ahmed Musa,2,2014,2018,7,0.6642066420664207,1.992619926199262,1.1623616236162362,1.992619926199262,1.1623616236162362,0.8302583025830258,0.33210332103321033,0.0,0.0,4.81549815498155,0.6642066420664207,16.605166051660518,11.789667896678967,13.948339483394834,9.464944649446494,36.36531365313653
142148,0.0,1,1.0,0.0,7.0,5.0,6.0,10.0,4.0,1.0,1.0,0.0,10.0,2.0,229.0,186.0,365.0,33.0,24.0,1.0,106.0,78.0,519.0,Sead Kolašinac,2,2014,2026,6,0.0,0.17341040462427745,0.17341040462427745,1.2138728323699421,0.8670520231213873,1.0404624277456647,0.6936416184971098,0.17341040462427745,0.17341040462427745,1.7341040462427746,0.3468208092485549,39.71098265895954,32.25433526011561,18.38150289017341,13.526011560693641,63.29479768786127
142622,0.0,7,1.0,6.0,0.0,0.0,4.0,3.0,0.0,0.0,0.0,2.0,3.0,0.0,583.0,537.0,648.0,26.0,11.0,1.0,280.0,248.0,622.0,Antonio Rüdiger,3,2018,2026,8,0.0,1.012861736334405,0.14469453376205788,0.0,0.0,0.5787781350482315,0.0,0.0,0.0,0.4340836012861736,0.0,84.35691318327974,77.70096463022507,40.5144694533762,35.88424437299035,93.7620578778135
143040,0.0,6,1.0,0.0,3.0,1.0,9.0,7.0,4.0,0.0,2.0,0.0,2.0,1.0,190.0,154.0,258.0,26.0,23.0,0.0,114.0,88.0,311.0,Wataru Endo,1,2022,2022,4,0.0,1.7363344051446945,0.28938906752411575,0.8681672025723473,0.28938906752411575,2.6045016077170415,1.157556270096463,0.0,0.5787781350482315,0.5787781350482315,0.28938906752411575,54.98392282958199,44.565916398713824,32.99035369774919,25.466237942122184,74.66237942122186
143334,0.0,2,0.0,2.0,2.0,2.0,1.0,4.0,0.0,0.0,0.0,1.0,0.0,0.0,307.0,275.0,376.0,20.0,13.0,0.0,111.0,85.0,717.0,Victor Lindelöf,2,2018,2026,8,0.0,0.2510460251046025,0.0,0.2510460251046025,0.2510460251046025,0.12552301255230125,0.0,0.0,0.0,0.0,0.0,38.53556485355649,34.51882845188285,13.933054393305438,10.669456066945607,47.19665271966527
143398,0.0,5,0.0,3.0,0.0,0.0,0.0,1.0,0.0,0.0,0.0,1.0,0.0,0.0,113.0,89.0,165.0,17.0,2.0,0.0,40.0,23.0,270.0,Salif Sané,1,2018,2018,3,0.0,1.6666666666666667,0.0,0.0,0.0,0.0,0.0,0.0,0.0,0.0,0.0,37.666666666666664,29.666666666666668,13.333333333333334,7.666666666666667,55.0
146101,0.0,5,2.0,2.0,1.0,1.0,4.0,6.0,0.0,0.0,0.0,2.0,1.0,0.0,232.0,212.0,269.0,17.0,17.0,0.0,99.0,82.0,287.0,Eric Dier,2,2018,2022,8,0.0,1.5679442508710801,0.627177700348432,0.313588850174216,0.313588850174216,1.254355400696864,0.0,0.0,0.0,0.313588850174216,0.0,72.75261324041811,66.4808362369338,31.045296167247386,25.71428571428571,84.35540069686411
146393,1.0,1,1.0,0.0,4.0,0.0,6.0,4.0,4.0,1.0,1.0,0.0,7.0,2.0,189.0,137.0,339.0,42.0,27.0,0.0,119.0,85.0,473.0,Mário Fernandes,1,2018,2018,5,0.19027484143763213,0.19027484143763213,0.19027484143763213,0.7610993657505285,0.0,1.1416490486257929,0.7610993657505285,0.19027484143763213,0.19027484143763213,1.331923890063425,0.38054968287526425,35.961945031712474,26.067653276955603,22.642706131078224,16.173361522198732,64.5031712473573
146945,0.0,0,0.0,0.0,5.0,2.0,5.0,3.0,2.0,0.0,0.0,0.0,6.0,0.0,96.0,79.0,162.0,14.0,16.0,0.0,49.0,39.0,270.0,Seok-yeong Yun,1,2014,2014,3,0.0,0.0,0.0,1.6666666666666667,0.6666666666666666,1.6666666666666667,0.6666666666666666,0.0,0.0,2.0,0.0,32.0,26.333333333333332,16.333333333333332,13.0,54.0
146970,1.0,7,4.0,2.0,2.0,1.0,3.0,6.0,1.0,0.0,0.0,0.0,1.0,0.0,62.0,36.0,102.0,15.0,20.0,0.0,42.0,20.0,274.0,Mitchell Duke,1,2022,2022,4,0.3284671532846716,2.2992700729927007,1.3138686131386863,0.6569343065693432,0.3284671532846716,0.9854014598540146,0.3284671532846716,0.0,0.0,0.3284671532846716,0.0,20.364963503649637,11.824817518248176,13.795620437956206,6.569343065693431,33.503649635036496
147128,0.0,4,3.0,1.0,3.0,1.0,2.0,15.0,2.0,0.0,0.0,0.0,2.0,1.0,262.0,227.0,330.0,18.0,27.0,0.0,151.0,123.0,431.0,Woo-Young Jung,2,2018,2022,7,0.0,0.8352668213457077,0.6264501160092808,0.6264501160092808,0.20881670533642693,0.41763341067285387,0.41763341067285387,0.0,0.0,0.41763341067285387,0.20881670533642693,54.709976798143856,47.401392111368914,31.531322505800464,25.68445475638051,68.90951276102088
147138,0.0,2,0.0,2.0,0.0,0.0,3.0,0.0,0.0,0.0,0.0,0.0,0.0,0.0,182.0,152.0,253.0,19.0,8.0,0.0,58.0,38.0,390.0,Pico,1,2026,2026,4,0.0,0.46153846153846156,0.0,0.0,0.0,0.6923076923076924,0.0,0.0,0.0,0.0,0.0,42.0,35.07692307692308,13.384615384615385,8.76923076923077,58.38461538461539
148352,0.0,1,0.0,1.0,2.0,1.0,2.0,7.0,6.0,1.0,0.0,0.0,17.0,4.0,228.0,188.0,297.0,15.0,18.0,0.0,117.0,89.0,341.0,Gaku Shibasaki,1,2018,2018,4,0.0,0.26392961876832843,0.0,0.5278592375366569,0.26392961876832843,0.5278592375366569,1.5835777126099708,0.26392961876832843,0.0,4.486803519061584,1.0557184750733137,60.17595307917889,49.618768328445746,30.87976539589443,23.489736070381234,78.38709677419355
148354,0.0,1,0.0,1.0,1.0,0.0,1.0,0.0,0.0,0.0,0.0,0.0,0.0,0.0,172.0,156.0,210.0,18.0,11.0,0.0,75.0,66.0,270.0,Gen Shoji,1,2018,2018,3,0.0,0.3333333333333333,0.0,0.3333333333333333,0.0,0.3333333333333333,0.0,0.0,0.0,0.0,0.0,57.333333333333336,52.0,25.0,22.0,70.0
148858,1.0,3,1.0,1.0,6.0,2.0,3.0,3.0,10.0,0.0,0.0,0.0,18.0,6.0,263.0,232.0,342.0,14.0,19.0,0.0,165.0,142.0,315.0,Salman Alfaraj,2,2018,2022,4,0.2857142857142857,0.8571428571428571,0.2857142857142857,1.7142857142857142,0.5714285714285714,0.8571428571428571,2.857142857142857,0.0,0.0,5.142857142857143,1.7142857142857142,75.14285714285714,66.28571428571429,47.142857142857146,40.57142857142857,97.71428571428571
149380,1.0,17,6.0,9.0,6.0,3.0,8.0,13.0,6.0,2.0,1.0,0.0,2.0,0.0,833.0,734.0,964.0,80.0,37.0,2.0,339.0,265.0,1075.0,Harry Maguire,2,2018,2022,12,0.08372093023255814,1.4232558139534883,0.5023255813953488,0.5023255813953488,0.2511627906976744,0.6697674418604651,0.5023255813953488,0.16744186046511628,0.08372093023255814,0.16744186046511628,0.0,69.73953488372094,61.45116279069767,28.38139534883721,22.186046511627907,80.70697674418605
149593,0.0,2,1.0,1.0,2.0,1.0,1.0,0.0,1.0,0.0,0.0,0.0,1.0,0.0,221.0,198.0,256.0,7.0,6.0,0.0,115.0,97.0,270.0,Pierre-Emile Højbjerg,1,2022,2022,3,0.0,0.6666666666666666,0.3333333333333333,0.6666666666666666,0.3333333333333333,0.3333333333333333,0.3333333333333333,0.0,0.0,0.3333333333333333,0.0,73.66666666666667,66.0,38.333333333333336,32.333333333333336,85.33333333333333
149663,0.0,1,0.0,1.0,0.0,0.0,8.0,6.0,1.0,0.0,0.0,0.0,1.0,0.0,456.0,413.0,547.0,26.0,21.0,0.0,226.0,197.0,649.0,Nathan Aké,2,2022,2026,8,0.0,0.1386748844375963,0.0,0.0,0.0,1.1093990755007703,0.1386748844375963,0.0,0.0,0.1386748844375963,0.0,63.23574730354391,57.27272727272727,31.340523882896765,27.31895223420647,75.85516178736518
149734,0.0,6,2.0,3.0,0.0,0.0,6.0,8.0,4.0,1.0,1.0,0.0,1.0,0.0,1094.0,1026.0,1196.0,35.0,29.0,0.0,495.0,445.0,1028.0,Aymeric Laporte,2,2022,2026,11,0.0,0.5252918287937743,0.17509727626459143,0.0,0.0,0.5252918287937743,0.35019455252918286,0.08754863813229571,0.08754863813229571,0.08754863813229571,0.0,95.77821011673151,89.8249027237354,43.33657587548638,38.959143968871594,104.70817120622567
149850,0.0,3,1.0,2.0,3.0,2.0,8.0,2.0,2.0,0.0,0.0,0.0,4.0,1.0,126.0,111.0,202.0,25.0,5.0,0.0,70.0,60.0,270.0,Luis Advíncula,1,2018,2018,3,0.0,1.0,0.3333333333333333,1.0,0.6666666666666666,2.6666666666666665,0.6666666666666666,0.0,0.0,1.3333333333333333,0.3333333333333333,42.0,37.0,23.333333333333332,20.0,67.33333333333333
150200,0.0,12,3.0,5.0,3.0,3.0,5.0,7.0,4.0,0.0,0.0,0.0,4.0,2.0,228.0,191.0,304.0,21.0,25.0,0.0,121.0,95.0,329.0,Ogenyi Onazi,1,2014,2014,4,0.0,3.2826747720364744,0.8206686930091186,0.8206686930091186,0.8206686930091186,1.3677811550151977,1.094224924012158,0.0,0.0,1.094224924012158,0.547112462006079,62.370820668693014,52.24924012158055,33.100303951367785,25.987841945288753,83.16109422492401
150998,0.0,10,4.0,6.0,6.0,1.0,4.0,6.0,3.0,0.0,0.0,3.0,0.0,0.0,82.0,44.0,145.0,31.0,37.0,2.0,61.0,32.0,396.0,Sardar Azmoun,2,2018,2022,6,0.0,2.2727272727272725,0.9090909090909091,1.3636363636363635,0.22727272727272727,0.9090909090909091,0.6818181818181818,0.0,0.0,0.0,0.0,18.636363636363633,10.0,13.863636363636363,7.2727272727272725,32.95454545454545
151545,1.0,5,2.0,3.0,1.0,0.0,4.0,7.0,3.0,1.0,1.0,0.0,0.0,0.0,711.0,644.0,803.0,34.0,21.0,0.0,310.0,261.0,870.0,Virgil van Dijk,2,2022,2026,9,0.10344827586206898,0.5172413793103449,0.20689655172413796,0.10344827586206898,0.0,0.4137931034482759,0.3103448275862069,0.10344827586206898,0.10344827586206898,0.0,0.0,73.55172413793103,66.62068965517241,32.06896551724138,27.0,83.06896551724138
152077,2.0,9,5.0,4.0,2.0,2.0,7.0,9.0,2.0,0.0,0.0,1.0,2.0,1.0,1113.0,1061.0,1254.0,56.0,29.0,1.0,373.0,338.0,1411.0,John Stones,3,2018,2026,17,0.1275690999291283,0.5740609496810772,0.3189227498228207,0.1275690999291283,0.1275690999291283,0.446491849751949,0.1275690999291283,0.0,0.0,0.1275690999291283,0.06378454996456415,70.9922041105599,67.67540751240256,23.791637136782423,21.55917788802268,79.98582565556343
152769,1.0,17,6.0,4.0,23.0,15.0,11.0,24.0,2.0,0.0,2.0,2.0,18.0,1.0,129.0,79.0,287.0,48.0,65.0,0.0,104.0,59.0,591.0,Ante Rebić,2,2014,2018,9,0.15228426395939088,2.5888324873096447,0.9137055837563453,3.50253807106599,2.284263959390863,1.6751269035532996,0.30456852791878175,0.0,0.30456852791878175,2.7411167512690358,0.15228426395939088,19.644670050761423,12.030456852791879,15.837563451776651,8.98477157360406,43.70558375634518
153158,0.0,7,1.0,4.0,16.0,9.0,6.0,1.0,5.0,0.0,0.0,0.0,14.0,1.0,90.0,67.0,170.0,22.0,19.0,0.0,72.0,51.0,295.0,Naïm Sliti,2,2018,2022,5,0.0,2.135593220338983,0.3050847457627119,4.88135593220339,2.745762711864407,1.8305084745762712,1.5254237288135595,0.0,0.0,4.271186440677966,0.3050847457627119,27.45762711864407,20.440677966101696,21.966101694915256,15.559322033898306,51.86440677966102
154508,1.0,9,2.0,6.0,38.0,21.0,34.0,15.0,7.0,2.0,2.0,0.0,21.0,4.0,258.0,205.0,485.0,87.0,82.0,0.0,170.0,124.0,797.0,Joel Campbell,3,2014,2022,10,0.11292346298619824,1.016311166875784,0.22584692597239647,4.291091593475533,2.371392722710163,3.83939774153074,0.7904642409033876,0.22584692597239647,0.22584692597239647,2.371392722710163,0.45169385194479295,29.134253450439147,23.14930991217064,19.196988707653702,14.002509410288582,54.76787954830615
154513,0.0,1,0.0,1.0,1.0,1.0,7.0,3.0,0.0,0.0,0.0,0.0,1.0,0.0,116.0,95.0,184.0,22.0,22.0,0.0,39.0,27.0,433.0,Jhonny Acosta,2,2014,2018,5,0.0,0.20785219399538107,0.0,0.20785219399538107,0.20785219399538107,1.4549653579676676,0.0,0.0,0.0,0.20785219399538107,0.0,24.110854503464203,19.745958429561203,8.106235565819862,5.612009237875289,38.24480369515012
154758,0.0,4,1.0,3.0,9.0,4.0,1.0,3.0,2.0,0.0,1.0,0.0,6.0,2.0,89.0,63.0,165.0,22.0,13.0,0.0,59.0,39.0,270.0,Brayan Beckeles,1,2014,2014,3,0.0,1.3333333333333333,0.3333333333333333,3.0,1.3333333333333333,0.3333333333333333,0.6666666666666666,0.0,0.3333333333333333,2.0,0.6666666666666666,29.666666666666668,21.0,19.666666666666668,13.0,55.0
154851,0.0,2,0.0,2.0,1.0,1.0,0.0,1.0,1.0,0.0,1.0,0.0,0.0,0.0,84.0,64.0,128.0,12.0,8.0,0.0,30.0,15.0,270.0,Frickson Erazo,1,2014,2014,3,0.0,0.6666666666666666,0.0,0.3333333333333333,0.3333333333333333,0.0,0.3333333333333333,0.0,0.3333333333333333,0.0,0.0,28.0,21.333333333333332,10.0,5.0,42.666666666666664
155995,0.0,4,0.0,2.0,1.0,1.0,4.0,1.0,5.0,0.0,3.0,0.0,2.0,2.0,755.0,719.0,828.0,26.0,11.0,0.0,317.0,298.0,877.0,Marquinhos,3,2018,2026,11,0.0,0.41049030786773094,0.0,0.10262257696693274,0.10262257696693274,0.41049030786773094,0.5131128848346637,0.0,0.3078677309007982,0.20524515393386547,0.20524515393386547,77.48004561003421,73.78563283922463,32.53135689851768,30.581527936145953,84.9714937286203
156400,0.0,2,0.0,2.0,6.0,4.0,0.0,7.0,0.0,0.0,0.0,0.0,3.0,0.0,135.0,111.0,211.0,24.0,18.0,0.0,47.0,31.0,285.0,Francisco Calvo,2,2018,2022,4,0.0,0.6315789473684211,0.0,1.8947368421052633,1.2631578947368423,0.0,0.0,0.0,0.0,0.9473684210526316,0.0,42.631578947368425,35.05263157894737,14.842105263157896,9.789473684210527,66.63157894736842
156401,1.0,4,2.0,1.0,4.0,2.0,3.0,12.0,4.0,0.0,0.0,1.0,3.0,1.0,318.0,251.0,432.0,32.0,32.0,0.0,131.0,83.0,786.0,Óscar Duarte,3,2014,2022,9,0.11450381679389314,0.45801526717557256,0.22900763358778628,0.45801526717557256,0.22900763358778628,0.3435114503816794,0.45801526717557256,0.0,0.0,0.3435114503816794,0.11450381679389314,36.41221374045802,28.74045801526718,15.000000000000002,9.503816793893131,49.465648854961835
157377,0.0,1,0.0,1.0,2.0,2.0,2.0,6.0,2.0,1.0,2.0,0.0,7.0,3.0,197.0,148.0,325.0,22.0,24.0,0.0,100.0,68.0,445.0,Silvan Widmer,2,2022,2026,8,0.0,0.20224719101123595,0.0,0.4044943820224719,0.4044943820224719,0.4044943820224719,0.4044943820224719,0.20224719101123595,0.4044943820224719,1.4157303370786516,0.6067415730337078,39.842696629213485,29.93258426966292,20.224719101123593,13.752808988764045,65.73033707865169
158213,2.0,7,3.0,1.0,7.0,2.0,10.0,4.0,5.0,1.0,0.0,1.0,13.0,4.0,151.0,129.0,233.0,21.0,25.0,0.0,108.0,89.0,334.0,Riyad Mahrez,2,2014,2026,5,0.5389221556886228,1.8862275449101795,0.8083832335329341,1.8862275449101795,0.5389221556886228,2.6946107784431135,1.3473053892215567,0.2694610778443114,0.0,3.502994011976048,1.0778443113772456,40.688622754491014,34.76047904191616,29.101796407185628,23.982035928143713,62.784431137724546
158243,0.0,7,2.0,5.0,7.0,4.0,28.0,21.0,10.0,0.0,2.0,2.0,5.0,1.0,536.0,455.0,796.0,71.0,42.0,0.0,290.0,233.0,1198.0,Nicolás Tagliafico,3,2018,2026,17,0.0,0.5258764607679466,0.15025041736227043,0.5258764607679466,0.30050083472454087,2.1035058430717863,0.7512520868113522,0.0,0.15025041736227043,0.3756260434056761,0.07512520868113522,40.26711185308848,34.18196994991653,21.786310517529213,17.504173622704506,59.79966611018364
158293,0.0,0,0.0,0.0,0.0,0.0,7.0,5.0,2.0,1.0,1.0,0.0,0.0,0.0,209.0,166.0,301.0,37.0,13.0,0.0,64.0,32.0,539.0,Kenneth Omeruo,2,2014,2018,6,0.0,0.0,0.0,0.0,0.0,1.1688311688311688,0.3339517625231911,0.16697588126159554,0.16697588126159554,0.0,0.0,34.89795918367347,27.71799628942486,10.686456400742115,5.343228200371057,50.25974025974026
158583,0.0,3,1.0,1.0,3.0,1.0,5.0,11.0,7.0,0.0,1.0,0.0,7.0,2.0,258.0,217.0,408.0,33.0,25.0,0.0,151.0,127.0,597.0,Santiago Arias,3,2014,2026,8,0.0,0.4522613065326633,0.1507537688442211,0.4522613065326633,0.1507537688442211,0.7537688442211055,1.0552763819095476,0.0,0.1507537688442211,1.0552763819095476,0.3015075376884422,38.89447236180904,32.713567839195974,22.763819095477384,19.145728643216078,61.507537688442206
158615,0.0,5,2.0,3.0,3.0,2.0,3.0,12.0,1.0,0.0,0.0,0.0,3.0,0.0,360.0,286.0,440.0,27.0,39.0,0.0,199.0,146.0,612.0,Matías Vecino,2,2018,2022,8,0.0,0.7352941176470589,0.29411764705882354,0.4411764705882353,0.29411764705882354,0.4411764705882353,0.14705882352941177,0.0,0.0,0.4411764705882353,0.0,52.94117647058824,42.05882352941177,29.264705882352942,21.47058823529412,64.70588235294117
158753,1.0,3,2.0,0.0,8.0,5.0,4.0,6.0,1.0,1.0,0.0,0.0,0.0,0.0,277.0,218.0,365.0,32.0,36.0,0.0,143.0,102.0,672.0,Yeltsin Tejeda,3,2014,2022,9,0.13392857142857142,0.4017857142857143,0.26785714285714285,1.0714285714285714,0.6696428571428571,0.5357142857142857,0.13392857142857142,0.13392857142857142,0.0,0.0,0.0,37.098214285714285,29.19642857142857,19.151785714285715,13.660714285714285,48.88392857142857
159653,0.0,0,0.0,0.0,0.0,0.0,1.0,2.0,0.0,0.0,0.0,0.0,0.0,0.0,120.0,93.0,175.0,13.0,9.0,0.0,46.0,25.0,270.0,Ahmed Hegazy,1,2018,2018,3,0.0,0.0,0.0,0.0,0.0,0.3333333333333333,0.0,0.0,0.0,0.0,0.0,40.0,31.0,15.333333333333334,8.333333333333334,58.333333333333336
159665,3.0,15,6.0,5.0,30.0,13.0,14.0,6.0,20.0,2.0,1.0,2.0,17.0,4.0,172.0,136.0,312.0,35.0,40.0,0.0,132.0,99.0,608.0,Mohamed Salah,2,2018,2026,7,0.4440789473684211,2.2203947368421053,0.8881578947368421,4.440789473684211,1.924342105263158,2.0723684210526314,2.960526315789474,0.29605263157894735,0.14802631578947367,2.5164473684210527,0.5921052631578947,25.460526315789473,20.13157894736842,19.539473684210527,14.654605263157896,46.18421052631579
160843,0.0,4,1.0,2.0,1.0,0.0,6.0,1.0,5.0,1.0,1.0,1.0,16.0,5.0,100.0,77.0,183.0,26.0,7.0,0.0,58.0,43.0,315.0,Kim Jin-su,1,2022,2022,4,0.0,1.1428571428571428,0.2857142857142857,0.2857142857142857,0.0,1.7142857142857142,1.4285714285714286,0.2857142857142857,0.2857142857142857,4.571428571428571,1.4285714285714286,28.571428571428573,22.0,16.571428571428573,12.285714285714286,52.285714285714285
160875,0.0,0,0.0,0.0,2.0,1.0,3.0,6.0,0.0,0.0,0.0,0.0,1.0,0.0,95.0,82.0,128.0,11.0,17.0,0.0,26.0,18.0,270.0,Hyun-soo Jang,1,2018,2018,3,0.0,0.0,0.0,0.6666666666666666,0.3333333333333333,1.0,0.0,0.0,0.0,0.3333333333333333,0.0,31.666666666666668,27.333333333333332,8.666666666666666,6.0,42.666666666666664
160893,3.0,17,7.0,8.0,34.0,16.0,13.0,10.0,11.0,0.0,0.0,2.0,7.0,2.0,347.0,290.0,516.0,45.0,62.0,0.0,257.0,216.0,786.0,Salem Al-Dawsari,3,2018,2026,9,0.3435114503816794,1.9465648854961835,0.801526717557252,3.893129770992367,1.8320610687022902,1.4885496183206108,1.2595419847328246,0.0,0.0,0.801526717557252,0.22900763358778628,39.73282442748092,33.206106870229014,29.427480916030536,24.732824427480917,59.08396946564886
160923,0.0,5,0.0,3.0,3.0,2.0,2.0,5.0,3.0,0.0,1.0,0.0,11.0,1.0,192.0,151.0,296.0,19.0,22.0,0.0,113.0,83.0,359.0,Yasser Al-Shahrani,2,2018,2022,4,0.0,1.2534818941504178,0.0,0.7520891364902507,0.5013927576601671,0.5013927576601671,0.7520891364902507,0.0,0.25069637883008355,2.7576601671309193,0.25069637883008355,48.13370473537604,37.85515320334262,28.328690807799443,20.807799442896936,74.20612813370474
161593,1.0,5,1.0,2.0,4.0,2.0,18.0,12.0,2.0,0.0,0.0,0.0,1.0,0.0,84.0,64.0,148.0,31.0,37.0,0.0,65.0,46.0,277.0,Takayuki Suzuki,1,2002,2002,4,0.3249097472924188,1.6245487364620939,0.3249097472924188,1.2996389891696751,0.6498194945848376,5.8483754512635375,0.6498194945848376,0.0,0.0,0.3249097472924188,0.0,27.292418772563174,20.794223826714802,21.11913357400722,14.945848375451263,48.08664259927797
167855,4.0,13,6.0,4.0,6.0,5.0,1.0,7.0,0.0,0.0,0.0,0.0,16.0,2.0,74.0,48.0,145.0,18.0,20.0,0.0,48.0,29.0,304.0,Denis Cheryshev,1,2018,2018,5,1.1842105263157894,3.848684210526316,1.7763157894736843,1.7763157894736843,1.480263157894737,0.29605263157894735,0.0,0.0,0.0,4.7368421052631575,0.5921052631578947,21.907894736842106,14.210526315789474,14.210526315789474,8.585526315789474,42.92763157894737
168937,0.0,1,0.0,0.0,0.0,0.0,3.0,0.0,0.0,0.0,0.0,0.0,2.0,0.0,329.0,304.0,371.0,18.0,6.0,0.0,171.0,155.0,359.0,Niklas Süle,2,2018,2022,4,0.0,0.25069637883008355,0.0,0.0,0.0,0.7520891364902507,0.0,0.0,0.0,0.5013927576601671,0.0,82.47910863509749,76.2116991643454,42.86908077994429,38.85793871866295,93.008356545961
174975,0.0,0,0.0,0.0,6.0,1.0,4.0,0.0,6.0,1.0,2.0,0.0,13.0,3.0,141.0,115.0,228.0,16.0,14.0,0.0,71.0,58.0,318.0,Arthur Masuaku,1,2026,2026,4,0.0,0.0,0.0,1.6981132075471699,0.2830188679245283,1.1320754716981132,1.6981132075471699,0.2830188679245283,0.5660377358490566,3.679245283018868,0.8490566037735849,39.905660377358494,32.54716981132076,20.09433962264151,16.41509433962264,64.52830188679245
181581,0.0,6,1.0,4.0,8.0,5.0,6.0,10.0,3.0,0.0,0.0,0.0,5.0,2.0,271.0,214.0,379.0,35.0,35.0,1.0,149.0,109.0,628.0,Jackson Irvine,3,2018,2026,11,0.0,0.8598726114649682,0.14331210191082802,1.1464968152866242,0.7165605095541401,0.8598726114649682,0.4299363057324841,0.0,0.0,0.7165605095541401,0.28662420382165604,38.83757961783439,30.668789808917197,21.353503184713375,15.621019108280255,54.31528662420382
182001,0.0,10,4.0,3.0,10.0,7.0,7.0,6.0,3.0,0.0,0.0,0.0,8.0,0.0,112.0,98.0,208.0,24.0,24.0,0.0,69.0,57.0,356.0,Yannick Carrasco,2,2018,2022,6,0.0,2.528089887640449,1.0112359550561798,2.528089887640449,1.7696629213483146,1.7696629213483146,0.7584269662921348,0.0,0.0,2.0224719101123596,0.0,28.314606741573034,24.775280898876403,17.4438202247191,14.410112359550562,52.58426966292134
184661,0.0,8,2.0,4.0,2.0,1.0,4.0,5.0,3.0,0.0,0.0,2.0,4.0,1.0,104.0,82.0,162.0,20.0,20.0,0.0,76.0,58.0,326.0,Leon Goretzka,3,2018,2026,7,0.0,2.208588957055215,0.5521472392638037,0.5521472392638037,0.27607361963190186,1.1042944785276074,0.8282208588957055,0.0,0.0,1.1042944785276074,0.27607361963190186,28.711656441717793,22.63803680981595,20.98159509202454,16.012269938650306,44.7239263803681
186795,1.0,2,1.0,0.0,0.0,0.0,4.0,4.0,0.0,0.0,0.0,0.0,1.0,0.0,421.0,393.0,496.0,20.0,18.0,0.0,140.0,122.0,576.0,Andreas Christensen,2,2018,2022,7,0.15625,0.3125,0.15625,0.0,0.0,0.625,0.0,0.0,0.0,0.15625,0.0,65.78125,61.40625,21.875,19.0625,77.5
187729,1.0,2,1.0,0.0,2.0,1.0,1.0,6.0,0.0,0.0,0.0,0.0,1.0,0.0,288.0,237.0,371.0,22.0,13.0,0.0,99.0,65.0,648.0,Romain Saïss,2,2018,2022,8,0.1388888888888889,0.2777777777777778,0.1388888888888889,0.2777777777777778,0.1388888888888889,0.1388888888888889,0.0,0.0,0.0,0.1388888888888889,0.0,40.0,32.916666666666664,13.75,9.027777777777777,51.52777777777778
190437,0.0,7,1.0,5.0,5.0,0.0,1.0,6.0,3.0,0.0,0.0,1.0,2.0,1.0,145.0,121.0,208.0,21.0,28.0,0.0,81.0,63.0,395.0,Mario Pašalić,2,2022,2026,11,0.0,1.5949367088607593,0.22784810126582278,1.1392405063291138,0.0,0.22784810126582278,0.6835443037974683,0.0,0.0,0.45569620253164556,0.22784810126582278,33.0379746835443,27.569620253164555,18.455696202531644,14.354430379746834,47.392405063291136
190839,0.0,4,1.0,0.0,2.0,2.0,7.0,6.0,8.0,1.0,1.0,0.0,23.0,9.0,393.0,336.0,506.0,20.0,20.0,0.0,217.0,178.0,515.0,Luke Shaw,2,2014,2022,6,0.0,0.6990291262135923,0.17475728155339806,0.34951456310679613,0.34951456310679613,1.2233009708737863,1.3980582524271845,0.17475728155339806,0.17475728155339806,4.019417475728155,1.5728155339805825,68.67961165048544,58.71844660194175,37.922330097087375,31.106796116504853,88.42718446601941
192144,3.0,25,9.0,12.0,5.0,2.0,8.0,8.0,4.0,0.0,2.0,5.0,1.0,0.0,129.0,88.0,222.0,43.0,47.0,1.0,85.0,50.0,531.0,Aleksandar Mitrović,2,2018,2022,6,0.5084745762711864,4.23728813559322,1.5254237288135593,0.847457627118644,0.3389830508474576,1.3559322033898304,0.6779661016949152,0.0,0.3389830508474576,0.1694915254237288,0.0,21.864406779661017,14.915254237288135,14.406779661016948,8.47457627118644,37.62711864406779
192442,3.0,21,8.0,8.0,2.0,0.0,3.0,10.0,3.0,0.0,0.0,2.0,4.0,0.0,119.0,78.0,197.0,26.0,27.0,0.0,89.0,52.0,436.0,Raúl Jiménez,4,2014,2026,10,0.6192660550458716,4.3348623853211015,1.651376146788991,0.41284403669724773,0.0,0.6192660550458716,0.6192660550458716,0.0,0.0,0.8256880733944955,0.0,24.564220183486242,16.100917431192663,18.371559633027523,10.733944954128441,40.665137614678905
196468,0.0,0,0.0,0.0,6.0,4.0,5.0,2.0,0.0,0.0,0.0,0.0,6.0,2.0,40.0,26.0,135.0,23.0,10.0,0.0,28.0,19.0,270.0,Mehrdad Pooladi,1,2014,2014,3,0.0,0.0,0.0,2.0,1.3333333333333333,1.6666666666666667,0.0,0.0,0.0,2.0,0.6666666666666666,13.333333333333334,8.666666666666666,9.333333333333334,6.333333333333333,45.0
196472,0.0,1,0.0,0.0,3.0,1.0,2.0,3.0,3.0,0.0,1.0,0.0,3.0,2.0,65.0,55.0,141.0,6.0,10.0,0.0,38.0,34.0,270.0,Pejman Montazeri,1,2014,2014,3,0.0,0.3333333333333333,0.0,1.0,0.3333333333333333,0.6666666666666666,1.0,0.0,0.3333333333333333,1.0,0.6666666666666666,21.666666666666668,18.333333333333332,12.666666666666666,11.333333333333334,47.0
197736,0.0,8,2.0,3.0,6.0,3.0,3.0,6.0,3.0,0.0,0.0,0.0,3.0,1.0,153.0,125.0,227.0,26.0,20.0,0.0,82.0,63.0,360.0,Ayan Aznov Sadakov,1,1986,1986,4,0.0,2.0,0.5,1.5,0.75,0.75,0.75,0.0,0.0,0.75,0.25,38.25,31.25,20.5,15.75,56.75
198028,1.0,6,3.0,1.0,4.0,0.0,9.0,3.0,3.0,0.0,1.0,1.0,2.0,0.0,145.0,113.0,220.0,20.0,20.0,0.0,88.0,62.0,368.0,Dele Alli,1,2018,2018,5,0.24456521739130438,1.4673913043478262,0.7336956521739131,0.9782608695652175,0.0,2.2010869565217392,0.7336956521739131,0.0,0.24456521739130438,0.48913043478260876,0.0,35.46195652173913,27.635869565217394,21.521739130434785,15.163043478260871,53.80434782608696
204790,0.0,10,2.0,6.0,27.0,14.0,11.0,26.0,13.0,1.0,1.0,0.0,23.0,6.0,467.0,394.0,676.0,70.0,80.0,1.0,323.0,267.0,866.0,Héctor Herrera,3,2014,2022,10,0.0,1.0392609699769053,0.20785219399538107,2.8060046189376444,1.4549653579676676,1.1431870669745958,1.351039260969977,0.10392609699769054,0.10392609699769054,2.3903002309468824,0.6235565819861432,48.53348729792148,40.94688221709007,33.568129330254045,27.74826789838337,70.2540415704388
205508,1.0,16,2.0,6.0,11.0,5.0,5.0,9.0,7.0,1.0,1.0,3.0,2.0,1.0,217.0,201.0,302.0,20.0,27.0,1.0,160.0,147.0,527.0,Jesse Lingard,1,2018,2018,6,0.17077798861480076,2.732447817836812,0.3415559772296015,1.8785578747628084,0.8538899430740039,0.8538899430740039,1.1954459203036054,0.17077798861480076,0.17077798861480076,0.3415559772296015,0.17077798861480076,37.05882352941177,34.326375711574954,27.324478178368125,25.104364326375713,51.57495256166983
206622,0.0,6,0.0,5.0,3.0,1.0,4.0,1.0,1.0,0.0,0.0,0.0,6.0,0.0,153.0,120.0,200.0,15.0,5.0,0.0,59.0,46.0,270.0,Abdelkarim Hassan,1,2022,2022,3,0.0,2.0,0.0,1.0,0.3333333333333333,1.3333333333333333,0.3333333333333333,0.0,0.0,2.0,0.0,51.0,40.0,19.666666666666668,15.333333333333334,66.66666666666667
217704,1.0,11,4.0,4.0,29.0,10.0,16.0,11.0,18.0,1.0,3.0,1.0,17.0,4.0,225.0,181.0,385.0,38.0,56.0,1.0,161.0,121.0,634.0,Sadio Mané,2,2018,2026,7,0.14195583596214512,1.5615141955835963,0.5678233438485805,4.116719242902208,1.4195583596214512,2.271293375394322,2.555205047318612,0.14195583596214512,0.42586750788643535,2.413249211356467,0.5678233438485805,31.94006309148265,25.694006309148264,22.854889589905362,17.176656151419557,54.65299684542587
220833,0.0,2,0.0,1.0,0.0,0.0,2.0,3.0,0.0,0.0,0.0,0.0,0.0,0.0,105.0,85.0,166.0,17.0,10.0,0.0,31.0,19.0,480.0,Gustavo Gómez,1,2026,2026,5,0.0,0.375,0.0,0.0,0.0,0.375,0.0,0.0,0.0,0.0,0.0,19.6875,15.9375,5.8125,3.5625,31.125
221162,2.0,15,5.0,7.0,11.0,2.0,5.0,2.0,19.0,3.0,6.0,0.0,28.0,7.0,293.0,233.0,389.0,14.0,15.0,0.0,217.0,171.0,519.0,Juan Fernando Quintero,3,2014,2026,11,0.3468208092485549,2.601156069364162,0.8670520231213873,1.907514450867052,0.3468208092485549,0.8670520231213873,3.294797687861272,0.5202312138728323,1.0404624277456647,4.855491329479769,1.2138728323699421,50.809248554913296,40.40462427745665,37.63005780346821,29.653179190751445,67.45664739884393
223340,0.0,2,0.0,2.0,0.0,0.0,0.0,4.0,0.0,0.0,0.0,0.0,0.0,0.0,142.0,116.0,191.0,13.0,11.0,0.0,47.0,26.0,270.0,Shoja Khalilzadeh,1,2026,2026,3,0.0,0.6666666666666666,0.0,0.0,0.0,0.0,0.0,0.0,0.0,0.0,0.0,47.333333333333336,38.666666666666664,15.666666666666666,8.666666666666666,63.666666666666664
227224,0.0,0,0.0,0.0,0.0,0.0,0.0,1.0,0.0,0.0,0.0,0.0,0.0,0.0,158.0,139.0,176.0,8.0,6.0,0.0,48.0,36.0,313.0,Miloš Veljković,2,2018,2022,4,0.0,0.0,0.0,0.0,0.0,0.0,0.0,0.0,0.0,0.0,0.0,45.43130990415335,39.96805111821086,13.801916932907348,10.351437699680512,50.60702875399361
227672,0.0,1,1.0,0.0,2.0,1.0,1.0,5.0,2.0,0.0,1.0,0.0,1.0,0.0,379.0,367.0,419.0,7.0,14.0,0.0,223.0,214.0,373.0,Jonathan Tah,1,2026,2026,4,0.0,0.24128686327077745,0.24128686327077745,0.4825737265415549,0.24128686327077745,0.24128686327077745,0.4825737265415549,0.0,0.24128686327077745,0.24128686327077745,0.0,91.44772117962465,88.55227882037532,53.806970509383376,51.63538873994638,101.09919571045576
228364,0.0,2,0.0,2.0,2.0,1.0,3.0,5.0,3.0,0.0,2.0,0.0,5.0,2.0,164.0,148.0,231.0,19.0,15.0,0.0,96.0,87.0,310.0,Fredrik Aursnes,1,2026,2026,6,0.0,0.5806451612903225,0.0,0.5806451612903225,0.29032258064516125,0.8709677419354839,0.8709677419354839,0.0,0.5806451612903225,1.4516129032258063,0.5806451612903225,47.61290322580645,42.96774193548387,27.870967741935484,25.258064516129032,67.06451612903226
233746,0.0,2,0.0,1.0,1.0,0.0,6.0,3.0,0.0,0.0,0.0,0.0,2.0,0.0,311.0,260.0,414.0,24.0,19.0,0.0,89.0,61.0,540.0,Boualem Khoukhi,2,2022,2026,6,0.0,0.3333333333333333,0.0,0.16666666666666666,0.0,1.0,0.0,0.0,0.0,0.3333333333333333,0.0,51.833333333333336,43.333333333333336,14.833333333333334,10.166666666666666,69.0
234148,0.0,1,0.0,0.0,6.0,2.0,4.0,11.0,2.0,0.0,0.0,0.0,1.0,0.0,352.0,310.0,449.0,24.0,32.0,0.0,195.0,163.0,595.0,N'Golo Kanté,1,2018,2018,7,0.0,0.1512605042016807,0.0,0.9075630252100841,0.3025210084033614,0.6050420168067228,0.3025210084033614,0.0,0.0,0.1512605042016807,0.0,53.2436974789916,46.89075630252101,29.495798319327733,24.65546218487395,67.91596638655463
238612,0.0,1,0.0,1.0,2.0,2.0,3.0,1.0,2.0,1.0,0.0,0.0,4.0,0.0,165.0,129.0,217.0,14.0,9.0,0.0,61.0,38.0,360.0,Chancel Mbemba,1,2026,2026,4,0.0,0.25,0.0,0.5,0.5,0.75,0.5,0.25,0.0,1.0,0.0,41.25,32.25,15.25,9.5,54.25
238636,0.0,0,0.0,0.0,3.0,2.0,4.0,7.0,1.0,0.0,0.0,0.0,8.0,4.0,98.0,70.0,184.0,23.0,15.0,0.0,49.0,28.0,360.0,Juwon Oshaniwa,1,2014,2014,4,0.0,0.0,0.0,0.75,0.5,1.0,0.25,0.0,0.0,2.0,1.0,24.5,17.5,12.25,7.0,46.0
238708,2.0,9,5.0,3.0,6.0,3.0,2.0,7.0,3.0,1.0,1.0,1.0,1.0,0.0,90.0,53.0,136.0,20.0,41.0,0.0,59.0,29.0,323.0,Islam Slimani,1,2014,2014,4,0.5572755417956656,2.5077399380804954,1.393188854489164,1.671826625386997,0.8359133126934984,0.5572755417956656,0.8359133126934984,0.2786377708978328,0.2786377708978328,0.2786377708978328,0.0,25.077399380804952,14.76780185758514,16.439628482972136,8.08049535603715,37.89473684210526
243583,0.0,2,0.0,2.0,0.0,0.0,2.0,3.0,3.0,0.0,1.0,1.0,6.0,1.0,241.0,219.0,335.0,21.0,8.0,0.0,138.0,127.0,442.0,Douglas Santos,1,2026,2026,5,0.0,0.4072398190045249,0.0,0.0,0.0,0.4072398190045249,0.6108597285067873,0.0,0.20361990950226244,1.2217194570135745,0.20361990950226244,49.07239819004525,44.59276018099547,28.099547511312217,25.859728506787327,68.21266968325791
243893,0.0,1,1.0,0.0,1.0,0.0,1.0,6.0,3.0,0.0,0.0,0.0,14.0,4.0,124.0,104.0,218.0,15.0,21.0,0.0,66.0,52.0,270.0,Ahmed Fathi,1,2018,2018,3,0.0,0.3333333333333333,0.3333333333333333,0.3333333333333333,0.0,0.3333333333333333,1.0,0.0,0.0,4.666666666666667,1.3333333333333333,41.333333333333336,34.666666666666664,22.0,17.333333333333332,72.66666666666667
246999,1.0,7,1.0,3.0,11.0,8.0,6.0,8.0,11.0,3.0,2.0,0.0,33.0,8.0,348.0,293.0,536.0,36.0,23.0,0.0,215.0,179.0,639.0,Raphaël Guerreiro,2,2018,2022,8,0.14084507042253522,0.9859154929577465,0.14084507042253522,1.5492957746478875,1.1267605633802817,0.8450704225352114,1.5492957746478875,0.4225352112676057,0.28169014084507044,4.647887323943662,1.1267605633802817,49.014084507042256,41.267605633802816,30.281690140845072,25.211267605633804,75.49295774647888
247665,0.0,0,0.0,0.0,2.0,1.0,1.0,2.0,2.0,0.0,0.0,0.0,6.0,3.0,161.0,126.0,243.0,10.0,14.0,0.0,88.0,63.0,270.0,Miguel Trauco,1,2018,2018,3,0.0,0.0,0.0,0.6666666666666666,0.3333333333333333,0.3333333333333333,0.6666666666666666,0.0,0.0,2.0,1.0,53.666666666666664,42.0,29.333333333333332,21.0,81.0
248331,0.0,5,1.0,3.0,1.0,1.0,2.0,9.0,2.0,0.0,0.0,1.0,0.0,0.0,408.0,372.0,483.0,26.0,17.0,0.0,174.0,150.0,570.0,Brandon Mechele,1,2026,2026,6,0.0,0.7894736842105263,0.15789473684210528,0.15789473684210528,0.15789473684210528,0.31578947368421056,0.31578947368421056,0.0,0.0,0.0,0.0,64.42105263157895,58.73684210526316,27.47368421052632,23.68421052631579,76.26315789473685
249399,0.0,9,4.0,2.0,6.0,2.0,20.0,9.0,13.0,1.0,2.0,1.0,26.0,6.0,858.0,752.0,1047.0,42.0,42.0,0.0,476.0,398.0,1097.0,Rodrigo De Paul,2,2022,2026,14,0.0,0.7383773928896992,0.32816773017319967,0.4922515952597995,0.16408386508659983,1.6408386508659982,1.0665451230628988,0.08204193254329992,0.16408386508659983,2.1330902461257977,0.4922515952597995,70.39197812215133,61.69553327256153,39.05195989061076,32.652689152233364,85.897903372835
249437,1.0,19,4.0,9.0,38.0,14.0,10.0,20.0,13.0,1.0,2.0,0.0,48.0,8.0,366.0,283.0,624.0,46.0,75.0,0.0,224.0,160.0,903.0,Hakim Ziyech,2,2018,2022,10,0.09966777408637874,1.893687707641196,0.39867109634551495,3.787375415282392,1.3953488372093024,0.9966777408637874,1.2956810631229236,0.09966777408637874,0.19933554817275748,4.78405315614618,0.7973421926910299,36.478405315614616,28.205980066445182,22.325581395348838,15.946843853820598,62.19269102990033
250737,1.0,18,5.0,10.0,6.0,3.0,8.0,23.0,11.0,2.0,3.0,1.0,9.0,2.0,636.0,561.0,803.0,55.0,58.0,0.0,415.0,361.0,1068.0,Adrien Rabiot,2,2022,2026,13,0.08426966292134831,1.5168539325842696,0.42134831460674155,0.5056179775280899,0.25280898876404495,0.6741573033707865,0.9269662921348314,0.16853932584269662,0.25280898876404495,0.7584269662921348,0.16853932584269662,53.59550561797752,47.2752808988764,34.97191011235955,30.42134831460674,67.66853932584269
255389,0.0,5,2.0,2.0,6.0,3.0,8.0,15.0,6.0,0.0,0.0,0.0,1.0,1.0,811.0,760.0,906.0,38.0,25.0,0.0,463.0,427.0,697.0,Leandro Paredes,2,2022,2026,12,0.0,0.6456241032998565,0.2582496413199426,0.7747489239598279,0.38737446197991393,1.0329985652797704,0.7747489239598279,0.0,0.0,0.1291248206599713,0.1291248206599713,104.72022955523673,98.1348637015782,59.78479196556671,55.136298421807744,116.987087517934
257205,0.0,7,1.0,4.0,24.0,14.0,14.0,11.0,4.0,0.0,0.0,0.0,7.0,4.0,124.0,95.0,233.0,42.0,36.0,0.0,76.0,58.0,482.0,Sofiane Boufal,1,2022,2022,7,0.0,1.3070539419087137,0.18672199170124482,4.481327800829876,2.6141078838174274,2.6141078838174274,0.7468879668049793,0.0,0.0,1.3070539419087137,0.7468879668049793,23.15352697095436,17.738589211618258,14.190871369294607,10.8298755186722,43.50622406639005
259117,0.0,15,5.0,5.0,8.0,3.0,21.0,3.0,29.0,2.0,12.0,0.0,84.0,15.0,790.0,717.0,1045.0,48.0,32.0,0.0,534.0,476.0,893.0,Joshua Kimmich,3,2018,2026,10,0.0,1.5117581187010078,0.503919372900336,0.8062709966405375,0.3023516237402016,2.116461366181411,2.9227323628219484,0.20156774916013437,1.2094064949608063,8.465845464725644,1.5117581187010078,79.61926091825308,72.26203807390817,53.81858902575588,47.973124300111984,105.31914893617021
268693,0.0,3,0.0,3.0,0.0,0.0,3.0,6.0,2.0,0.0,0.0,0.0,0.0,0.0,143.0,129.0,176.0,11.0,15.0,0.0,82.0,74.0,270.0,José Juan Vázquez,1,2014,2014,3,0.0,1.0,0.0,0.0,0.0,1.0,0.6666666666666666,0.0,0.0,0.0,0.0,47.666666666666664,43.0,27.333333333333332,24.666666666666668,58.666666666666664
280435,0.0,1,0.0,1.0,0.0,0.0,0.0,3.0,1.0,0.0,0.0,0.0,3.0,2.0,174.0,134.0,214.0,9.0,11.0,0.0,81.0,49.0,332.0,Abdou Diallo,1,2022,2022,4,0.0,0.2710843373493976,0.0,0.0,0.0,0.0,0.2710843373493976,0.0,0.0,0.8132530120481927,0.5421686746987951,47.16867469879518,36.325301204819276,21.957831325301203,13.283132530120481,58.01204819277108
280955,0.0,4,0.0,2.0,0.0,0.0,2.0,5.0,2.0,0.0,0.0,0.0,2.0,0.0,284.0,261.0,316.0,6.0,16.0,0.0,133.0,115.0,325.0,Rúben Neves,2,2022,2026,7,0.0,1.1076923076923078,0.0,0.0,0.0,0.5538461538461539,0.5538461538461539,0.0,0.0,0.5538461538461539,0.0,78.64615384615385,72.27692307692307,36.83076923076923,31.846153846153847,87.50769230769231
282229,0.0,4,0.0,2.0,3.0,2.0,7.0,8.0,4.0,0.0,0.0,0.0,0.0,0.0,591.0,542.0,706.0,26.0,17.0,0.0,199.0,171.0,780.0,Nico Elvedi,2,2022,2026,8,0.0,0.46153846153846156,0.0,0.3461538461538462,0.23076923076923078,0.8076923076923077,0.46153846153846156,0.0,0.0,0.0,0.0,68.1923076923077,62.53846153846154,22.961538461538463,19.730769230769234,81.46153846153847
284441,0.0,3,1.0,1.0,12.0,8.0,5.0,2.0,3.0,1.0,0.0,0.0,6.0,1.0,115.0,100.0,170.0,22.0,17.0,0.0,93.0,79.0,274.0,Ruben Loftus-Cheek,1,2018,2018,4,0.0,0.9854014598540146,0.3284671532846716,3.9416058394160585,2.6277372262773726,1.6423357664233578,0.9854014598540146,0.3284671532846716,0.0,1.9708029197080292,0.3284671532846716,37.77372262773723,32.846715328467155,30.547445255474454,25.948905109489054,55.839416058394164
287833,0.0,2,0.0,0.0,4.0,3.0,2.0,0.0,1.0,0.0,0.0,0.0,4.0,2.0,89.0,72.0,147.0,9.0,8.0,0.0,36.0,26.0,301.0,Steven Moreira,1,2026,2026,4,0.0,0.5980066445182725,0.0,1.196013289036545,0.8970099667774086,0.5980066445182725,0.29900332225913623,0.0,0.0,1.196013289036545,0.5980066445182725,26.611295681063122,21.528239202657808,10.764119601328904,7.774086378737541,43.95348837209302
288205,2.0,20,6.0,10.0,9.0,5.0,16.0,5.0,15.0,4.0,7.0,1.0,52.0,12.0,509.0,440.0,699.0,43.0,37.0,2.0,359.0,299.0,868.0,Bruno Fernandes,3,2018,2026,11,0.20737327188940094,2.0737327188940093,0.6221198156682028,0.9331797235023042,0.5184331797235023,1.6589861751152075,1.555299539170507,0.4147465437788019,0.7258064516129032,5.391705069124424,1.2442396313364057,52.77649769585254,45.622119815668206,37.223502304147466,31.002304147465438,72.47695852534562
290623,1.0,7,2.0,4.0,0.0,0.0,6.0,3.0,4.0,0.0,0.0,1.0,4.0,1.0,89.0,69.0,129.0,15.0,13.0,0.0,53.0,38.0,270.0,Fakhreddine Ben Youssef,1,2018,2018,3,0.3333333333333333,2.3333333333333335,0.6666666666666666,0.0,0.0,2.0,1.3333333333333333,0.0,0.0,1.3333333333333333,0.3333333333333333,29.666666666666668,23.0,17.666666666666668,12.666666666666666,43.0
293519,1.0,9,2.0,5.0,23.0,5.0,2.0,3.0,7.0,1.0,3.0,2.0,12.0,2.0,244.0,207.0,330.0,16.0,37.0,0.0,202.0,166.0,438.0,Leroy Sané,2,2022,2026,6,0.20547945205479454,1.8493150684931507,0.4109589041095891,4.726027397260275,1.0273972602739727,0.4109589041095891,1.4383561643835618,0.20547945205479454,0.6164383561643836,2.4657534246575343,0.4109589041095891,50.136986301369866,42.53424657534247,41.5068493150685,34.109589041095894,67.8082191780822
295339,0.0,1,1.0,0.0,1.0,0.0,2.0,3.0,0.0,0.0,0.0,1.0,0.0,0.0,255.0,227.0,308.0,22.0,21.0,0.0,69.0,50.0,368.0,Rami Rabia,1,2026,2026,5,0.0,0.24456521739130438,0.24456521739130438,0.24456521739130438,0.0,0.48913043478260876,0.0,0.0,0.0,0.0,0.0,62.364130434782616,55.51630434782609,16.875,12.228260869565219,75.32608695652175
295361,1.0,16,4.0,9.0,15.0,8.0,3.0,8.0,3.0,1.0,1.0,0.0,5.0,0.0,165.0,129.0,276.0,27.0,36.0,0.0,115.0,89.0,400.0,Mahmoud Trézéguet,2,2018,2026,7,0.22499999999999998,3.5999999999999996,0.8999999999999999,3.375,1.7999999999999998,0.6749999999999999,0.6749999999999999,0.22499999999999998,0.22499999999999998,1.125,0.0,37.125,29.025,25.875,20.025,62.099999999999994
303826,0.0,1,0.0,1.0,3.0,1.0,3.0,2.0,1.0,0.0,0.0,0.0,0.0,0.0,174.0,157.0,207.0,13.0,18.0,0.0,84.0,72.0,287.0,Karim Boudiaf,2,2022,2026,5,0.0,0.313588850174216,0.0,0.940766550522648,0.313588850174216,0.940766550522648,0.313588850174216,0.0,0.0,0.0,0.0,54.56445993031358,49.23344947735191,26.341463414634145,22.578397212543553,64.91289198606272
308526,0.0,1,0.0,0.0,1.0,1.0,1.0,3.0,3.0,0.0,0.0,0.0,0.0,0.0,141.0,128.0,176.0,13.0,8.0,0.0,48.0,44.0,270.0,Daniel Amartey,1,2022,2022,3,0.0,0.3333333333333333,0.0,0.3333333333333333,0.3333333333333333,0.3333333333333333,1.0,0.0,0.0,0.0,0.0,47.0,42.666666666666664,16.0,14.666666666666666,58.666666666666664
309078,0.0,5,0.0,2.0,9.0,1.0,2.0,6.0,4.0,0.0,1.0,1.0,5.0,1.0,121.0,94.0,169.0,19.0,40.0,0.0,82.0,63.0,341.0,Alexander Sørloth,1,2026,2026,5,0.0,1.3196480938416422,0.0,2.375366568914956,0.26392961876832843,0.5278592375366569,1.0557184750733137,0.0,0.26392961876832843,1.3196480938416422,0.26392961876832843,31.935483870967744,24.809384164222873,21.642228739002935,16.627565982404693,44.60410557184751
311456,0.0,2,0.0,1.0,2.0,0.0,11.0,4.0,5.0,0.0,0.0,0.0,20.0,6.0,277.0,228.0,445.0,32.0,20.0,0.0,173.0,143.0,640.0,Guillermo Varela,3,2018,2026,8,0.0,0.28125,0.0,0.28125,0.0,1.546875,0.703125,0.0,0.0,2.8125,0.84375,38.953125,32.0625,24.328125,20.109375,62.578125
314096,0.0,5,1.0,2.0,0.0,0.0,0.0,5.0,0.0,0.0,0.0,0.0,1.0,0.0,222.0,191.0,292.0,13.0,16.0,0.0,73.0,53.0,360.0,Carlos Salcedo,1,2018,2018,4,0.0,1.25,0.25,0.0,0.0,0.0,0.0,0.0,0.0,0.25,0.0,55.5,47.75,18.25,13.25,73.0
316148,0.0,4,0.0,4.0,6.0,4.0,7.0,5.0,3.0,0.0,0.0,0.0,1.0,0.0,327.0,282.0,414.0,31.0,16.0,0.0,161.0,123.0,540.0,Thomas Partey,2,2022,2026,6,0.0,0.6666666666666666,0.0,1.0,0.6666666666666666,1.1666666666666667,0.5,0.0,0.0,0.16666666666666666,0.0,54.5,47.0,26.833333333333332,20.5,69.0
318941,0.0,1,0.0,0.0,3.0,2.0,5.0,10.0,0.0,0.0,0.0,0.0,0.0,0.0,535.0,488.0,608.0,33.0,23.0,0.0,196.0,162.0,720.0,Rúben Dias,2,2022,2026,8,0.0,0.125,0.0,0.375,0.25,0.625,0.0,0.0,0.0,0.0,0.0,66.875,61.0,24.5,20.25,76.0
318963,1.0,3,1.0,2.0,8.0,6.0,4.0,16.0,7.0,2.0,2.0,0.0,16.0,5.0,132.0,96.0,224.0,25.0,31.0,0.0,92.0,63.0,402.0,Aleksandr Golovin,1,2018,2018,4,0.22388059701492538,0.6716417910447761,0.22388059701492538,1.791044776119403,1.3432835820895521,0.8955223880597015,1.5671641791044775,0.44776119402985076,0.44776119402985076,3.582089552238806,1.1194029850746268,29.55223880597015,21.492537313432834,20.597014925373134,14.104477611940299,50.14925373134328
320209,1.0,2,2.0,0.0,0.0,0.0,1.0,1.0,0.0,0.0,0.0,1.0,0.0,0.0,107.0,89.0,164.0,14.0,7.0,0.0,30.0,14.0,315.0,Kendall Waston,2,2018,2022,4,0.2857142857142857,0.5714285714285714,0.5714285714285714,0.0,0.0,0.2857142857142857,0.0,0.0,0.0,0.0,0.0,30.571428571428573,25.428571428571427,8.571428571428571,4.0,46.857142857142854
325355,1.0,7,2.0,4.0,4.0,1.0,9.0,11.0,1.0,0.0,0.0,0.0,3.0,0.0,407.0,330.0,568.0,51.0,41.0,0.0,166.0,108.0,900.0,José María Giménez,3,2014,2022,10,0.1,0.7,0.2,0.4,0.1,0.9,0.1,0.0,0.0,0.3,0.0,40.7,33.0,16.6,10.8,56.8
329417,0.0,3,1.0,2.0,3.0,0.0,3.0,10.0,8.0,1.0,2.0,0.0,23.0,6.0,407.0,354.0,579.0,33.0,26.0,0.0,193.0,163.0,748.0,Timothy Castagne,2,2022,2026,9,0.0,0.36096256684491973,0.12032085561497326,0.36096256684491973,0.0,0.36096256684491973,0.9625668449197861,0.12032085561497326,0.24064171122994651,2.7673796791443848,0.7219251336898395,48.970588235294116,42.59358288770053,23.221925133689837,19.61229946524064,69.66577540106951
331209,0.0,4,0.0,4.0,11.0,7.0,6.0,6.0,9.0,0.0,0.0,2.0,10.0,1.0,472.0,411.0,576.0,25.0,30.0,0.0,302.0,253.0,700.0,Bernardo Silva,3,2018,2026,13,0.0,0.5142857142857143,0.0,1.4142857142857144,0.9,0.7714285714285715,1.1571428571428573,0.0,0.0,1.2857142857142858,0.1285714285714286,60.68571428571428,52.84285714285714,38.82857142857143,32.52857142857143,74.05714285714286
331447,1.0,9,1.0,6.0,20.0,9.0,6.0,10.0,6.0,0.0,1.0,0.0,2.0,1.0,231.0,172.0,343.0,38.0,51.0,0.0,156.0,112.0,506.0,Sergej Milinković-Savić,2,2018,2022,6,0.17786561264822134,1.6007905138339922,0.17786561264822134,3.557312252964427,1.6007905138339922,1.0671936758893281,1.0671936758893281,0.0,0.17786561264822134,0.3557312252964427,0.17786561264822134,41.08695652173913,30.592885375494074,27.74703557312253,19.920948616600793,61.00790513833993
331737,2.0,15,4.0,7.0,5.0,3.0,14.0,14.0,14.0,2.0,2.0,1.0,18.0,4.0,426.0,369.0,556.0,44.0,33.0,0.0,246.0,196.0,749.0,Youri Tielemans,3,2018,2026,12,0.24032042723631508,1.802403204272363,0.48064085447263016,0.6008010680907877,0.3604806408544726,1.6822429906542056,1.6822429906542056,0.24032042723631508,0.24032042723631508,2.1628838451268355,0.48064085447263016,51.18825100133511,44.33911882510013,29.559412550066753,23.551401869158877,66.8090787716956
331837,0.0,7,2.0,3.0,12.0,7.0,5.0,11.0,5.0,0.0,1.0,1.0,9.0,3.0,80.0,54.0,155.0,27.0,31.0,0.0,54.0,35.0,326.0,Alireza Jahanbakhsh,4,2014,2026,10,0.0,1.9325153374233128,0.5521472392638037,3.312883435582822,1.9325153374233128,1.3803680981595092,1.3803680981595092,0.0,0.27607361963190186,2.4846625766871164,0.8282208588957055,22.085889570552148,14.9079754601227,14.9079754601227,9.662576687116564,42.79141104294479
332547,0.0,0,0.0,0.0,2.0,2.0,1.0,1.0,2.0,0.0,0.0,0.0,17.0,3.0,133.0,109.0,204.0,5.0,8.0,0.0,68.0,54.0,270.0,Ali Maâloul,2,2018,2022,3,0.0,0.0,0.0,0.6666666666666666,0.6666666666666666,0.3333333333333333,0.6666666666666666,0.0,0.0,5.666666666666667,1.0,44.333333333333336,36.333333333333336,22.666666666666668,18.0,68.0
333275,0.0,3,1.0,2.0,1.0,0.0,3.0,3.0,2.0,0.0,0.0,1.0,2.0,0.0,94.0,60.0,178.0,17.0,20.0,0.0,34.0,18.0,390.0,Junior Alonso,1,2026,2026,5,0.0,0.6923076923076924,0.23076923076923078,0.23076923076923078,0.0,0.6923076923076924,0.46153846153846156,0.0,0.0,0.46153846153846156,0.0,21.692307692307693,13.846153846153847,7.846153846153847,4.153846153846154,41.07692307692308
333373,0.0,4,0.0,0.0,12.0,7.0,7.0,2.0,2.0,0.0,0.0,0.0,4.0,0.0,69.0,47.0,137.0,25.0,21.0,0.0,34.0,20.0,288.0,Miguel Almirón,1,2026,2026,4,0.0,1.25,0.0,3.75,2.1875,2.1875,0.625,0.0,0.0,1.25,0.0,21.5625,14.6875,10.625,6.25,42.8125
333441,1.0,1,1.0,0.0,1.0,1.0,3.0,6.0,0.0,0.0,0.0,0.0,0.0,0.0,271.0,242.0,343.0,25.0,33.0,0.0,77.0,61.0,466.0,Yasser Ibrahim,1,2026,2026,5,0.19313304721030042,0.19313304721030042,0.19313304721030042,0.19313304721030042,0.19313304721030042,0.5793991416309012,0.0,0.0,0.0,0.0,0.0,52.33905579399141,46.738197424892704,14.871244635193133,11.781115879828326,66.24463519313305
333493,0.0,2,0.0,1.0,2.0,1.0,3.0,17.0,1.0,0.0,0.0,0.0,1.0,0.0,121.0,103.0,167.0,12.0,26.0,0.0,64.0,52.0,349.0,Pablo Mastroeni,2,2002,2006,5,0.0,0.5157593123209169,0.0,0.5157593123209169,0.25787965616045844,0.7736389684813754,0.25787965616045844,0.0,0.0,0.25787965616045844,0.0,31.20343839541547,26.56160458452722,16.50429799426934,13.40974212034384,43.06590257879656
333589,0.0,1,0.0,1.0,3.0,1.0,5.0,4.0,3.0,0.0,0.0,0.0,9.0,2.0,93.0,69.0,172.0,21.0,12.0,0.0,63.0,46.0,302.0,Diego Laxalt,1,2018,2018,4,0.0,0.29801324503311255,0.0,0.8940397350993378,0.29801324503311255,1.490066225165563,0.8940397350993378,0.0,0.0,2.6821192052980134,0.5960264900662251,27.71523178807947,20.562913907284766,18.774834437086092,13.708609271523178,51.258278145695364
336551,0.0,1,0.0,1.0,1.0,0.0,4.0,4.0,3.0,0.0,0.0,0.0,13.0,1.0,109.0,77.0,175.0,10.0,9.0,0.0,65.0,44.0,270.0,Collins Fai,1,2022,2022,3,0.0,0.3333333333333333,0.0,0.3333333333333333,0.0,1.3333333333333333,1.0,0.0,0.0,4.333333333333333,0.3333333333333333,36.333333333333336,25.666666666666668,21.666666666666668,14.666666666666666,58.333333333333336
338991,0.0,2,0.0,1.0,2.0,2.0,2.0,2.0,0.0,0.0,0.0,0.0,0.0,0.0,114.0,85.0,147.0,12.0,13.0,0.0,49.0,25.0,270.0,William Troost-Ekong,1,2018,2018,3,0.0,0.6666666666666666,0.0,0.6666666666666666,0.6666666666666666,0.6666666666666666,0.0,0.0,0.0,0.0,0.0,38.0,28.333333333333332,16.333333333333332,8.333333333333334,49.0
344847,0.0,4,2.0,2.0,19.0,2.0,9.0,4.0,5.0,0.0,0.0,1.0,35.0,6.0,339.0,273.0,549.0,37.0,35.0,0.0,173.0,134.0,780.0,Johan Mojica,2,2018,2026,8,0.0,0.46153846153846156,0.23076923076923078,2.1923076923076925,0.23076923076923078,1.0384615384615385,0.576923076923077,0.0,0.0,4.038461538461538,0.6923076923076924,39.11538461538462,31.500000000000004,19.961538461538463,15.461538461538463,63.346153846153854
352296,4.0,21,10.0,4.0,17.0,8.0,27.0,14.0,13.0,3.0,6.0,4.0,3.0,1.0,173.0,129.0,341.0,56.0,77.0,0.0,118.0,85.0,966.0,Breel Embolo,3,2018,2026,14,0.3726708074534162,1.956521739130435,0.9316770186335405,1.5838509316770188,0.7453416149068324,2.515527950310559,1.2111801242236027,0.27950310559006214,0.5590062111801243,0.27950310559006214,0.09316770186335405,16.11801242236025,12.018633540372672,10.993788819875776,7.919254658385094,31.77018633540373
352370,0.0,4,1.0,3.0,10.0,4.0,15.0,8.0,4.0,2.0,0.0,0.0,11.0,4.0,211.0,164.0,401.0,44.0,28.0,0.0,126.0,92.0,603.0,Lucas Hernández,2,2018,2022,8,0.0,0.5970149253731343,0.14925373134328357,1.4925373134328357,0.5970149253731343,2.2388059701492535,0.5970149253731343,0.29850746268656714,0.0,1.6417910447761193,0.5970149253731343,31.492537313432834,24.477611940298505,18.80597014925373,13.731343283582088,59.850746268656714
353138,0.0,1,0.0,0.0,1.0,1.0,1.0,2.0,4.0,1.0,0.0,0.0,6.0,2.0,229.0,212.0,286.0,11.0,12.0,0.0,132.0,121.0,313.0,Marcos Llorente,2,2022,2026,4,0.0,0.28753993610223644,0.0,0.28753993610223644,0.28753993610223644,0.28753993610223644,1.1501597444089458,0.28753993610223644,0.0,1.7252396166134185,0.5750798722044729,65.84664536741214,60.95846645367412,37.95527156549521,34.79233226837061,82.23642172523961
355174,0.0,3,0.0,2.0,7.0,6.0,2.0,4.0,4.0,2.0,3.0,0.0,11.0,3.0,176.0,160.0,242.0,19.0,15.0,0.0,93.0,82.0,444.0,Patrick Berg,1,2026,2026,6,0.0,0.6081081081081081,0.0,1.4189189189189189,1.2162162162162162,0.4054054054054054,0.8108108108108107,0.4054054054054054,0.6081081081081081,2.22972972972973,0.6081081081081081,35.67567567567568,32.43243243243243,18.85135135135135,16.62162162162162,49.05405405405405
355486,0.0,3,0.0,3.0,1.0,0.0,3.0,7.0,1.0,0.0,1.0,1.0,3.0,1.0,119.0,80.0,195.0,16.0,19.0,0.0,62.0,31.0,333.0,Stefan Posch,1,2026,2026,4,0.0,0.8108108108108107,0.0,0.27027027027027023,0.0,0.8108108108108107,0.27027027027027023,0.0,0.27027027027027023,0.8108108108108107,0.27027027027027023,32.16216216216216,21.62162162162162,16.756756756756754,8.378378378378377,52.7027027027027
355492,0.0,1,0.0,1.0,7.0,5.0,3.0,6.0,1.0,1.0,0.0,0.0,4.0,0.0,135.0,114.0,205.0,18.0,20.0,0.0,90.0,71.0,360.0,Konrad Laimer,1,2026,2026,4,0.0,0.25,0.0,1.75,1.25,0.75,0.25,0.25,0.0,1.0,0.0,33.75,28.5,22.5,17.75,51.25
355796,0.0,7,1.0,2.0,1.0,0.0,8.0,9.0,6.0,0.0,1.0,0.0,1.0,1.0,375.0,323.0,444.0,28.0,25.0,0.0,190.0,156.0,587.0,Jefferson Lerma,2,2018,2026,9,0.0,1.0732538330494037,0.15332197614991483,0.15332197614991483,0.0,1.2265758091993186,0.919931856899489,0.0,0.15332197614991483,0.15332197614991483,0.15332197614991483,57.49574105621806,49.522998296422486,29.131175468483818,23.918228279386714,68.07495741056218
357584,0.0,2,0.0,2.0,4.0,2.0,2.0,4.0,2.0,0.0,1.0,0.0,21.0,5.0,218.0,183.0,344.0,22.0,15.0,0.0,110.0,83.0,425.0,Borna Sosa,1,2022,2022,5,0.0,0.4235294117647059,0.0,0.8470588235294118,0.4235294117647059,0.4235294117647059,0.4235294117647059,0.0,0.21176470588235294,4.447058823529412,1.0588235294117647,46.16470588235294,38.752941176470586,23.294117647058822,17.576470588235292,72.84705882352941
357596,1.0,8,2.0,4.0,5.0,3.0,6.0,9.0,2.0,0.0,0.0,1.0,7.0,3.0,91.0,77.0,161.0,21.0,31.0,1.0,57.0,45.0,394.0,Nikola Vlašić,2,2022,2026,9,0.22842639593908629,1.8274111675126903,0.45685279187817257,1.1421319796954315,0.6852791878172588,1.3705583756345177,0.45685279187817257,0.0,0.0,1.5989847715736039,0.6852791878172588,20.78680203045685,17.58883248730964,13.020304568527918,10.279187817258883,36.77664974619289
359226,1.0,4,2.0,0.0,3.0,1.0,2.0,7.0,2.0,0.0,0.0,0.0,2.0,0.0,191.0,163.0,219.0,9.0,11.0,0.0,112.0,88.0,347.0,Franck Kessié,1,2026,2026,4,0.25936599423631124,1.037463976945245,0.5187319884726225,0.7780979827089337,0.25936599423631124,0.5187319884726225,0.5187319884726225,0.0,0.0,0.5187319884726225,0.0,49.538904899135446,42.27665706051873,29.048991354466857,22.824207492795388,56.80115273775216
359272,0.0,1,0.0,1.0,4.0,0.0,8.0,20.0,3.0,0.0,0.0,0.0,3.0,0.0,426.0,370.0,530.0,29.0,37.0,0.0,170.0,134.0,819.0,Sofyan Amrabat,3,2018,2026,11,0.0,0.10989010989010989,0.0,0.43956043956043955,0.0,0.8791208791208791,0.32967032967032966,0.0,0.0,0.32967032967032966,0.0,46.81318681318682,40.659340659340664,18.681318681318682,14.725274725274726,58.24175824175824
359332,0.0,0,0.0,0.0,1.0,1.0,2.0,5.0,0.0,0.0,0.0,0.0,0.0,0.0,144.0,113.0,194.0,16.0,16.0,0.0,46.0,29.0,461.0,Majid Hosseini,2,2018,2022,6,0.0,0.0,0.0,0.19522776572668116,0.19522776572668116,0.3904555314533623,0.0,0.0,0.0,0.0,0.0,28.112798264642084,22.06073752711497,8.980477223427332,5.661605206073753,37.87418655097614
359334,0.0,10,4.0,6.0,4.0,2.0,13.0,13.0,2.0,0.0,0.0,1.0,4.0,1.0,231.0,179.0,362.0,49.0,43.0,1.0,114.0,72.0,649.0,Saeid Ezatolahi,3,2018,2026,8,0.0,1.386748844375963,0.5546995377503852,0.5546995377503852,0.2773497688751926,1.802773497688752,0.2773497688751926,0.0,0.0,0.5546995377503852,0.1386748844375963,32.03389830508475,24.822804314329737,15.808936825885977,9.984591679506934,50.20030816640986
360396,3.0,3,3.0,0.0,1.0,1.0,6.0,6.0,1.0,0.0,0.0,0.0,0.0,0.0,160.0,145.0,213.0,24.0,17.0,0.0,40.0,30.0,301.0,Yerry Mina,2,2018,2026,4,0.8970099667774086,0.8970099667774086,0.8970099667774086,0.29900332225913623,0.29900332225913623,1.7940199335548173,0.29900332225913623,0.0,0.0,0.0,0.0,47.840531561461795,43.35548172757475,11.960132890365449,8.970099667774086,63.68770764119601
361004,1.0,12,3.0,6.0,4.0,1.0,4.0,3.0,4.0,0.0,0.0,1.0,13.0,3.0,170.0,141.0,234.0,7.0,14.0,0.0,139.0,116.0,362.0,Marco Asensio,2,2018,2022,7,0.24861878453038674,2.983425414364641,0.7458563535911602,0.994475138121547,0.24861878453038674,0.994475138121547,0.994475138121547,0.0,0.0,3.2320441988950277,0.7458563535911602,42.26519337016575,35.05524861878453,34.55801104972376,28.839779005524864,58.1767955801105
362682,0.0,4,1.0,2.0,1.0,0.0,4.0,3.0,1.0,1.0,1.0,0.0,1.0,0.0,248.0,198.0,285.0,18.0,15.0,0.0,109.0,75.0,270.0,Joachim Andersen,1,2022,2022,3,0.0,1.3333333333333333,0.3333333333333333,0.3333333333333333,0.0,1.3333333333333333,0.3333333333333333,0.3333333333333333,0.3333333333333333,0.3333333333333333,0.0,82.66666666666667,66.0,36.333333333333336,25.0,95.0
368120,0.0,3,0.0,1.0,3.0,0.0,4.0,5.0,5.0,0.0,0.0,0.0,4.0,1.0,414.0,370.0,480.0,20.0,22.0,0.0,236.0,198.0,558.0,Nabil Bentaleb,2,2014,2026,7,0.0,0.48387096774193544,0.0,0.48387096774193544,0.0,0.6451612903225806,0.8064516129032258,0.0,0.0,0.6451612903225806,0.16129032258064516,66.77419354838709,59.677419354838705,38.064516129032256,31.93548387096774,77.41935483870968
383560,1.0,6,2.0,3.0,2.0,2.0,11.0,10.0,5.0,0.0,0.0,1.0,2.0,1.0,1053.0,957.0,1205.0,66.0,35.0,0.0,392.0,334.0,1320.0,Manuel Akanji,3,2018,2026,14,0.06818181818181819,0.4090909090909091,0.13636363636363638,0.13636363636363638,0.13636363636363638,0.75,0.34090909090909094,0.0,0.0,0.13636363636363638,0.06818181818181819,71.79545454545455,65.25,26.727272727272727,22.772727272727273,82.1590909090909
385320,1.0,18,5.0,5.0,26.0,16.0,25.0,13.0,14.0,1.0,3.0,0.0,29.0,4.0,134.0,106.0,309.0,56.0,49.0,0.0,105.0,82.0,570.0,Hirving Lozano,2,2018,2022,7,0.15789473684210528,2.8421052631578947,0.7894736842105263,4.105263157894737,2.5263157894736845,3.947368421052632,2.210526315789474,0.15789473684210528,0.4736842105263158,4.578947368421053,0.6315789473684211,21.157894736842106,16.736842105263158,16.578947368421055,12.947368421052632,48.78947368421053
386958,0.0,2,0.0,2.0,0.0,0.0,1.0,5.0,0.0,0.0,0.0,1.0,0.0,0.0,210.0,191.0,267.0,13.0,10.0,0.0,85.0,71.0,441.0,Shogo Taniguchi,2,2022,2026,5,0.0,0.4081632653061224,0.0,0.0,0.0,0.2040816326530612,0.0,0.0,0.0,0.0,0.0,42.857142857142854,38.97959183673469,17.346938775510203,14.489795918367346,54.48979591836734
537552,0.0,7,1.0,2.0,14.0,5.0,6.0,9.0,10.0,1.0,1.0,1.0,7.0,1.0,259.0,216.0,373.0,35.0,54.0,0.0,159.0,127.0,603.0,Jae-sung Lee,3,2018,2026,8,0.0,1.044776119402985,0.14925373134328357,2.08955223880597,0.7462686567164178,0.8955223880597015,1.4925373134328357,0.14925373134328357,0.14925373134328357,1.044776119402985,0.14925373134328357,38.656716417910445,32.23880597014925,23.73134328358209,18.955223880597014,55.67164179104478
541426,0.0,2,1.0,1.0,3.0,1.0,2.0,6.0,1.0,0.0,0.0,0.0,2.0,0.0,93.0,82.0,145.0,18.0,21.0,0.0,53.0,43.0,304.0,Daler Kuzyaev,1,2018,2018,5,0.0,0.5921052631578947,0.29605263157894735,0.8881578947368421,0.29605263157894735,0.5921052631578947,0.29605263157894735,0.0,0.0,0.5921052631578947,0.0,27.532894736842106,24.276315789473685,15.69078947368421,12.730263157894736,42.92763157894737
546416,0.0,1,0.0,1.0,3.0,1.0,3.0,14.0,2.0,0.0,0.0,0.0,0.0,0.0,133.0,104.0,226.0,28.0,27.0,0.0,73.0,56.0,480.0,Andrés Cubas,1,2026,2026,5,0.0,0.1875,0.0,0.5625,0.1875,0.5625,0.375,0.0,0.0,0.0,0.0,24.9375,19.5,13.6875,10.5,42.375
547410,0.0,9,3.0,3.0,9.0,4.0,4.0,3.0,6.0,4.0,2.0,2.0,15.0,4.0,356.0,317.0,441.0,15.0,21.0,0.0,214.0,179.0,471.0,Martin Ødegaard,1,2026,2026,5,0.0,1.7197452229299364,0.5732484076433121,1.7197452229299364,0.7643312101910827,0.7643312101910827,1.1464968152866242,0.7643312101910827,0.38216560509554137,2.8662420382165603,0.7643312101910827,68.02547770700637,60.57324840764331,40.89171974522293,34.203821656050955,84.26751592356688
548050,0.0,7,0.0,6.0,3.0,1.0,1.0,8.0,2.0,0.0,0.0,0.0,3.0,0.0,84.0,61.0,139.0,14.0,18.0,0.0,51.0,32.0,285.0,Saman Ghoddos,3,2018,2026,7,0.0,2.210526315789474,0.0,0.9473684210526316,0.31578947368421056,0.31578947368421056,0.6315789473684211,0.0,0.0,0.9473684210526316,0.0,26.526315789473685,19.263157894736842,16.105263157894736,10.105263157894738,43.89473684210527
566102,0.0,8,2.0,6.0,3.0,3.0,7.0,8.0,6.0,0.0,0.0,1.0,0.0,0.0,570.0,484.0,708.0,38.0,43.0,0.0,215.0,154.0,870.0,Davinson Sánchez,2,2018,2026,9,0.0,0.8275862068965518,0.20689655172413796,0.3103448275862069,0.3103448275862069,0.7241379310344828,0.6206896551724138,0.0,0.0,0.0,0.0,58.96551724137932,50.06896551724138,22.24137931034483,15.931034482758621,73.24137931034483
576220,0.0,5,1.0,2.0,23.0,11.0,9.0,8.0,2.0,0.0,0.0,0.0,19.0,2.0,369.0,286.0,611.0,40.0,39.0,0.0,156.0,94.0,853.0,Aziz Behich,3,2018,2026,10,0.0,0.5275498241500586,0.10550996483001172,2.4267291910902697,1.160609613130129,0.9495896834701055,0.21101992966002345,0.0,0.0,2.004689331770223,0.21101992966002345,38.93317702227433,30.17584994138335,16.45955451348183,9.917936694021101,64.46658851113716
576384,0.0,2,1.0,1.0,2.0,2.0,1.0,2.0,1.0,0.0,1.0,2.0,1.0,1.0,286.0,258.0,358.0,30.0,13.0,1.0,82.0,65.0,480.0,Kristoffer Ajer,1,2026,2026,5,0.0,0.375,0.1875,0.375,0.375,0.1875,0.1875,0.0,0.1875,0.1875,0.1875,53.625,48.375,15.375,12.1875,67.125
577726,0.0,2,0.0,1.0,1.0,1.0,5.0,1.0,0.0,0.0,0.0,0.0,0.0,0.0,390.0,361.0,437.0,22.0,10.0,0.0,174.0,155.0,360.0,Ramy Bensebaini,1,2026,2026,4,0.0,0.5,0.0,0.25,0.25,1.25,0.0,0.0,0.0,0.0,0.0,97.5,90.25,43.5,38.75,109.25
577792,2.0,6,4.0,1.0,13.0,5.0,21.0,16.0,6.0,0.0,1.0,0.0,3.0,0.0,95.0,71.0,191.0,44.0,65.0,1.0,54.0,37.0,339.0,Carlos Tenorio,2,2002,2006,6,0.5309734513274337,1.592920353982301,1.0619469026548674,3.4513274336283186,1.3274336283185841,5.575221238938053,1.592920353982301,0.0,0.26548672566371684,0.7964601769911505,0.0,25.221238938053098,18.849557522123895,14.336283185840708,9.823008849557523,50.70796460176991
578560,0.0,3,0.0,2.0,10.0,3.0,12.0,10.0,6.0,0.0,1.0,0.0,24.0,5.0,201.0,161.0,352.0,34.0,32.0,1.0,116.0,90.0,464.0,Marcos Acuña,2,2018,2022,7,0.0,0.5818965517241379,0.0,1.939655172413793,0.5818965517241379,2.3275862068965516,1.1637931034482758,0.0,0.1939655172413793,4.655172413793103,0.9698275862068965,38.98706896551724,31.228448275862068,22.5,17.456896551724135,68.27586206896551
589620,0.0,1,1.0,0.0,6.0,1.0,7.0,6.0,1.0,0.0,0.0,0.0,8.0,0.0,123.0,98.0,176.0,24.0,27.0,0.0,89.0,72.0,294.0,Nahitan Nández,1,2018,2018,5,0.0,0.30612244897959184,0.30612244897959184,1.836734693877551,0.30612244897959184,2.142857142857143,0.30612244897959184,0.0,0.0,2.4489795918367347,0.0,37.6530612244898,30.0,27.244897959183675,22.040816326530614,53.87755102040816
591706,0.0,2,0.0,1.0,5.0,1.0,4.0,8.0,5.0,0.0,0.0,0.0,2.0,0.0,397.0,352.0,501.0,27.0,30.0,0.0,171.0,139.0,791.0,Ellyes Skhiri,3,2018,2026,9,0.0,0.2275600505689001,0.0,0.5689001264222503,0.11378002528445005,0.4551201011378002,0.5689001264222503,0.0,0.0,0.2275600505689001,0.0,45.17067003792667,40.05056890012642,19.456384323640957,15.815423514538557,57.00379266750948
604162,0.0,0,0.0,0.0,0.0,0.0,9.0,10.0,1.0,0.0,0.0,0.0,0.0,0.0,152.0,119.0,204.0,23.0,19.0,0.0,58.0,31.0,280.0,Francisco Silva,1,2014,2014,3,0.0,0.0,0.0,0.0,0.0,2.892857142857143,0.3214285714285714,0.0,0.0,0.0,0.0,48.857142857142854,38.25,18.642857142857142,9.964285714285714,65.57142857142857
606326,0.0,0,0.0,0.0,1.0,1.0,1.0,10.0,0.0,0.0,0.0,0.0,0.0,0.0,112.0,78.0,161.0,14.0,20.0,0.0,56.0,28.0,360.0,Yong-Hyung Cho,1,2010,2010,4,0.0,0.0,0.0,0.25,0.25,0.25,0.0,0.0,0.0,0.0,0.0,28.0,19.5,14.0,7.0,40.25
754794,0.0,2,0.0,1.0,5.0,2.0,6.0,4.0,3.0,0.0,0.0,0.0,11.0,1.0,148.0,124.0,216.0,19.0,19.0,0.0,81.0,64.0,306.0,Lucas Torreira,1,2018,2018,5,0.0,0.5882352941176471,0.0,1.4705882352941178,0.5882352941176471,1.7647058823529411,0.8823529411764706,0.0,0.0,3.235294117647059,0.29411764705882354,43.529411764705884,36.470588235294116,23.823529411764707,18.823529411764707,63.529411764705884
757770,1.0,10,4.0,1.0,4.0,2.0,8.0,4.0,5.0,0.0,0.0,0.0,20.0,6.0,147.0,121.0,217.0,18.0,17.0,0.0,103.0,84.0,294.0,Luis Chávez,2,2022,2026,4,0.30612244897959184,3.061224489795918,1.2244897959183674,1.2244897959183674,0.6122448979591837,2.4489795918367347,1.530612244897959,0.0,0.0,6.122448979591836,1.836734693877551,45.0,37.04081632653061,31.53061224489796,25.714285714285715,66.42857142857143
758168,0.0,1,0.0,1.0,2.0,1.0,6.0,3.0,2.0,1.0,1.0,0.0,2.0,0.0,303.0,277.0,350.0,15.0,9.0,0.0,121.0,101.0,390.0,Moussa Niakhaté,1,2026,2026,4,0.0,0.23076923076923078,0.0,0.46153846153846156,0.23076923076923078,1.3846153846153848,0.46153846153846156,0.23076923076923078,0.23076923076923078,0.46153846153846156,0.0,69.92307692307693,63.92307692307693,27.923076923076923,23.30769230769231,80.76923076923077
759520,1.0,6,3.0,1.0,10.0,0.0,10.0,23.0,6.0,4.0,2.0,0.0,23.0,3.0,314.0,243.0,550.0,41.0,57.0,0.0,208.0,150.0,870.0,Denzel Dumfries,2,2022,2026,9,0.10344827586206898,0.6206896551724138,0.3103448275862069,1.0344827586206897,0.0,1.0344827586206897,0.6206896551724138,0.4137931034482759,0.20689655172413796,2.3793103448275863,0.3103448275862069,32.48275862068966,25.13793103448276,21.517241379310345,15.517241379310345,56.896551724137936
770253,0.0,6,0.0,5.0,12.0,10.0,4.0,15.0,4.0,0.0,0.0,0.0,34.0,7.0,380.0,295.0,672.0,52.0,37.0,0.0,195.0,140.0,977.0,Jesús Gallardo,3,2018,2026,12,0.0,0.5527123848515865,0.0,1.105424769703173,0.9211873080859775,0.36847492323439096,0.36847492323439096,0.0,0.0,3.1320368474923233,0.6448311156601843,35.00511770726714,27.175025588536336,17.96315250767656,12.896622313203684,61.90378710337768
770677,0.0,6,2.0,1.0,10.0,4.0,3.0,8.0,3.0,1.0,2.0,0.0,13.0,3.0,208.0,182.0,326.0,23.0,28.0,0.0,107.0,90.0,466.0,Denis Zakaria,3,2018,2026,8,0.0,1.1587982832618025,0.38626609442060084,1.9313304721030042,0.7725321888412017,0.5793991416309012,0.5793991416309012,0.19313304721030042,0.38626609442060084,2.5107296137339055,0.5793991416309012,40.17167381974249,35.15021459227468,20.665236051502145,17.381974248927037,62.96137339055794
782502,0.0,0,0.0,0.0,0.0,0.0,2.0,5.0,1.0,1.0,1.0,0.0,2.0,1.0,166.0,121.0,237.0,24.0,17.0,0.0,73.0,44.0,510.0,Ilya Kutepov,1,2018,2018,5,0.0,0.0,0.0,0.0,0.0,0.3529411764705882,0.1764705882352941,0.1764705882352941,0.1764705882352941,0.3529411764705882,0.1764705882352941,29.294117647058822,21.352941176470587,12.88235294117647,7.764705882352941,41.8235294117647
783278,1.0,5,2.0,1.0,19.0,3.0,10.0,2.0,10.0,1.0,0.0,0.0,31.0,7.0,153.0,112.0,290.0,28.0,36.0,0.0,101.0,71.0,538.0,Junya Ito,2,2022,2026,8,0.16728624535315986,0.8364312267657993,0.3345724907063197,3.1784386617100373,0.5018587360594795,1.6728624535315986,1.6728624535315986,0.16728624535315986,0.0,5.185873605947955,1.1710037174721188,25.594795539033456,18.7360594795539,16.895910780669144,11.87732342007435,48.513011152416354
783374,0.0,5,0.0,2.0,1.0,1.0,4.0,6.0,2.0,1.0,0.0,0.0,5.0,1.0,62.0,43.0,107.0,10.0,19.0,0.0,38.0,22.0,380.0,Iñaki Williams,2,2022,2026,5,0.0,1.1842105263157894,0.0,0.23684210526315788,0.23684210526315788,0.9473684210526315,0.47368421052631576,0.23684210526315788,0.0,1.1842105263157894,0.23684210526315788,14.68421052631579,10.18421052631579,9.0,5.2105263157894735,25.342105263157894
784655,1.0,8,2.0,4.0,0.0,0.0,3.0,1.0,7.0,0.0,1.0,2.0,8.0,2.0,293.0,264.0,344.0,12.0,5.0,0.0,183.0,163.0,331.0,Fabián Ruiz,1,2026,2026,8,0.2719033232628399,2.175226586102719,0.5438066465256798,0.0,0.0,0.8157099697885197,1.9033232628398793,0.0,0.2719033232628399,2.175226586102719,0.5438066465256798,79.66767371601209,71.78247734138974,49.7583081570997,44.3202416918429,93.53474320241692
784677,0.0,4,2.0,2.0,2.0,1.0,0.0,2.0,1.0,0.0,0.0,1.0,0.0,0.0,202.0,162.0,281.0,23.0,11.0,0.0,67.0,39.0,390.0,Diney Borges,1,2026,2026,4,0.0,0.9230769230769231,0.46153846153846156,0.46153846153846156,0.23076923076923078,0.0,0.23076923076923078,0.0,0.0,0.0,0.0,46.61538461538462,37.38461538461539,15.461538461538463,9.0,64.84615384615385
786129,0.0,2,0.0,1.0,0.0,0.0,3.0,5.0,2.0,0.0,1.0,0.0,2.0,0.0,181.0,134.0,242.0,20.0,21.0,0.0,64.0,33.0,540.0,Morteza Pouraliganji,2,2018,2022,6,0.0,0.3333333333333333,0.0,0.0,0.0,0.5,0.3333333333333333,0.0,0.16666666666666666,0.3333333333333333,0.0,30.166666666666668,22.333333333333332,10.666666666666666,5.5,40.333333333333336
786133,3.0,7,3.0,2.0,3.0,3.0,10.0,8.0,11.0,1.0,1.0,1.0,37.0,11.0,229.0,156.0,420.0,39.0,32.0,0.0,131.0,83.0,720.0,Ramin Rezaeian,3,2018,2026,8,0.375,0.875,0.375,0.375,0.375,1.25,1.375,0.125,0.125,4.625,1.375,28.625,19.5,16.375,10.375,52.5
786186,1.0,9,6.0,3.0,24.0,10.0,10.0,9.0,4.0,0.0,0.0,0.0,5.0,0.0,132.0,102.0,236.0,30.0,40.0,0.0,89.0,67.0,423.0,Hwang Hee-chan,3,2018,2026,8,0.2127659574468085,1.9148936170212765,1.276595744680851,5.106382978723404,2.127659574468085,2.127659574468085,0.851063829787234,0.0,0.0,1.0638297872340425,0.0,28.085106382978722,21.70212765957447,18.93617021276596,14.25531914893617,50.212765957446805
787505,1.0,4,2.0,2.0,5.0,1.0,4.0,9.0,2.0,0.0,0.0,1.0,11.0,3.0,339.0,289.0,497.0,25.0,23.0,0.0,199.0,158.0,629.0,Benjamin Pavard,2,2018,2022,7,0.14308426073131955,0.5723370429252782,0.2861685214626391,0.7154213036565977,0.14308426073131955,0.5723370429252782,0.2861685214626391,0.0,0.0,1.573926868044515,0.4292527821939587,48.50556438791733,41.351351351351354,28.47376788553259,22.60731319554849,71.11287758346582
787885,0.0,3,1.0,1.0,3.0,1.0,7.0,5.0,2.0,0.0,0.0,0.0,2.0,0.0,145.0,120.0,221.0,33.0,19.0,0.0,85.0,64.0,270.0,Wilfred Ndidi,1,2018,2018,3,0.0,1.0,0.3333333333333333,1.0,0.3333333333333333,2.3333333333333335,0.6666666666666666,0.0,0.0,0.6666666666666666,0.0,48.333333333333336,40.0,28.333333333333332,21.333333333333332,73.66666666666667
788027,1.0,8,2.0,5.0,4.0,2.0,17.0,8.0,13.0,2.0,3.0,0.0,19.0,6.0,421.0,373.0,598.0,49.0,33.0,0.0,235.0,206.0,763.0,Theo Hernández,2,2022,2026,11,0.11795543905635648,0.9436435124508519,0.23591087811271297,0.47182175622542594,0.23591087811271297,2.0052424639580604,1.5334207077326343,0.23591087811271297,0.35386631716906947,2.241153342070773,0.7077326343381389,49.65923984272608,43.99737876802097,27.719528178243774,24.298820445609437,70.53735255570118
789071,1.0,25,8.0,10.0,30.0,12.0,16.0,11.0,15.0,3.0,3.0,3.0,11.0,2.0,419.0,370.0,590.0,43.0,50.0,1.0,318.0,279.0,863.0,Dani Olmo,2,2022,2026,12,0.10428736964078796,2.6071842410196986,0.8342989571263036,3.1286210892236386,1.2514484356894555,1.6685979142526073,1.5643105446118193,0.3128621089223639,0.3128621089223639,1.1471610660486675,0.2085747392815759,43.69640787949015,38.58632676709154,33.16338354577057,29.09617612977984,61.52954808806489
790179,2.0,12,5.0,2.0,5.0,2.0,1.0,7.0,4.0,0.0,0.0,2.0,3.0,2.0,50.0,38.0,94.0,9.0,23.0,0.0,43.0,32.0,326.0,Cyle Larin,2,2022,2026,7,0.5521472392638037,3.312883435582822,1.3803680981595092,1.3803680981595092,0.5521472392638037,0.27607361963190186,1.1042944785276074,0.0,0.0,0.8282208588957055,0.5521472392638037,13.803680981595091,10.49079754601227,11.871165644171779,8.83435582822086,25.950920245398773
790503,0.0,2,0.0,2.0,0.0,0.0,2.0,7.0,0.0,0.0,0.0,0.0,0.0,0.0,99.0,80.0,153.0,6.0,11.0,0.0,29.0,15.0,270.0,Karim Haggui,1,2006,2006,3,0.0,0.6666666666666666,0.0,0.0,0.0,0.6666666666666666,0.0,0.0,0.0,0.0,0.0,33.0,26.666666666666668,9.666666666666666,5.0,51.0
790965,2.0,5,3.0,1.0,11.0,4.0,8.0,9.0,5.0,1.0,1.0,0.0,14.0,4.0,132.0,102.0,257.0,23.0,26.0,0.0,107.0,80.0,500.0,Ritsu Doan,2,2022,2026,8,0.36,0.9,0.54,1.98,0.72,1.44,0.9,0.18,0.18,2.52,0.72,23.76,18.36,19.26,14.4,46.260000000000005
790989,0.0,3,1.0,0.0,2.0,0.0,0.0,6.0,3.0,2.0,2.0,0.0,0.0,0.0,229.0,210.0,286.0,15.0,13.0,0.0,80.0,72.0,399.0,Ko Itakura,2,2022,2026,5,0.0,0.6766917293233082,0.22556390977443608,0.45112781954887216,0.0,0.0,0.6766917293233082,0.45112781954887216,0.45112781954887216,0.0,0.0,51.65413533834586,47.368421052631575,18.045112781954888,16.240601503759397,64.51127819548871
791190,0.0,10,2.0,3.0,17.0,11.0,15.0,20.0,6.0,1.0,0.0,2.0,7.0,2.0,560.0,480.0,742.0,67.0,58.0,0.0,326.0,279.0,849.0,Rodrigo Bentancur,3,2018,2026,11,0.0,1.0600706713780919,0.21201413427561838,1.802120141342756,1.1660777385159011,1.5901060070671378,0.6360424028268551,0.10600706713780919,0.0,0.7420494699646643,0.21201413427561838,59.36395759717314,50.88339222614841,34.55830388692579,29.575971731448764,78.65724381625442
791509,0.0,3,1.0,1.0,10.0,4.0,15.0,16.0,2.0,0.0,0.0,0.0,6.0,2.0,184.0,153.0,308.0,54.0,44.0,0.0,101.0,78.0,540.0,Andranik Teymourian,2,2006,2014,6,0.0,0.5,0.16666666666666666,1.6666666666666667,0.6666666666666666,2.5,0.3333333333333333,0.0,0.0,1.0,0.3333333333333333,30.666666666666668,25.5,16.833333333333332,13.0,51.333333333333336
791574,0.0,0,0.0,0.0,5.0,3.0,2.0,2.0,1.0,0.0,0.0,0.0,5.0,2.0,146.0,118.0,215.0,10.0,8.0,0.0,76.0,57.0,270.0,Mohamed Abdel Shafi,1,2018,2018,3,0.0,0.0,0.0,1.6666666666666667,1.0,0.6666666666666666,0.3333333333333333,0.0,0.0,1.6666666666666667,0.6666666666666666,48.666666666666664,39.333333333333336,25.333333333333332,19.0,71.66666666666667
791642,0.0,1,0.0,1.0,2.0,1.0,6.0,1.0,7.0,1.0,0.0,0.0,24.0,6.0,316.0,265.0,473.0,21.0,10.0,0.0,175.0,134.0,600.0,Josip Juranović,1,2022,2022,6,0.0,0.15,0.0,0.3,0.15,0.8999999999999999,1.05,0.15,0.0,3.5999999999999996,0.8999999999999999,47.4,39.75,26.25,20.099999999999998,70.95
792276,0.0,1,0.0,1.0,10.0,3.0,9.0,6.0,0.0,0.0,0.0,0.0,4.0,1.0,117.0,92.0,223.0,29.0,26.0,0.0,42.0,27.0,270.0,Yunlong Xu,1,2002,2002,3,0.0,0.3333333333333333,0.0,3.3333333333333335,1.0,3.0,0.0,0.0,0.0,1.3333333333333333,0.3333333333333333,39.0,30.666666666666668,14.0,9.0,74.33333333333333
793167,0.0,0,0.0,0.0,3.0,3.0,2.0,6.0,2.0,0.0,0.0,0.0,1.0,0.0,431.0,409.0,490.0,14.0,16.0,0.0,204.0,187.0,480.0,Sander Berge,1,2026,2026,5,0.0,0.0,0.0,0.5625,0.5625,0.375,0.375,0.0,0.0,0.1875,0.0,80.8125,76.6875,38.25,35.0625,91.875
794338,2.0,9,3.0,2.0,8.0,5.0,5.0,3.0,6.0,0.0,1.0,1.0,9.0,3.0,296.0,251.0,393.0,24.0,30.0,0.0,194.0,159.0,655.0,Daichi Kamada,2,2022,2026,8,0.2748091603053435,1.2366412213740459,0.4122137404580153,1.099236641221374,0.6870229007633588,0.6870229007633588,0.8244274809160306,0.0,0.13740458015267176,1.2366412213740459,0.4122137404580153,40.67175572519084,34.48854961832061,26.65648854961832,21.84732824427481,54.0
794541,0.0,4,0.0,4.0,9.0,3.0,10.0,2.0,9.0,0.0,1.0,0.0,24.0,7.0,240.0,206.0,323.0,15.0,19.0,0.0,138.0,113.0,509.0,Akram Afif,2,2022,2026,6,0.0,0.7072691552062867,0.0,1.5913555992141453,0.5304518664047151,1.768172888015717,1.5913555992141453,0.0,0.1768172888015717,4.243614931237721,1.237721021611002,42.43614931237721,36.42436149312377,24.400785854616895,19.9803536345776,57.111984282907656
794839,0.0,12,2.0,6.0,16.0,9.0,7.0,7.0,8.0,1.0,2.0,3.0,6.0,1.0,120.0,90.0,229.0,36.0,32.0,1.0,96.0,70.0,498.0,Gabriel Jesus,2,2018,2022,8,0.0,2.1686746987951806,0.3614457831325301,2.891566265060241,1.6265060240963856,1.2650602409638554,1.4457831325301205,0.18072289156626506,0.3614457831325301,1.0843373493975903,0.18072289156626506,21.686746987951807,16.265060240963855,17.349397590361445,12.650602409638555,41.3855421686747
794939,0.0,5,3.0,2.0,5.0,3.0,5.0,8.0,6.0,2.0,3.0,1.0,12.0,2.0,422.0,382.0,561.0,19.0,20.0,0.0,273.0,246.0,750.0,Marc Cucurella,1,2026,2026,8,0.0,0.6,0.36,0.6,0.36,0.6,0.72,0.24,0.36,1.44,0.24,50.63999999999999,45.839999999999996,32.76,29.52,67.32
795222,1.0,3,1.0,0.0,7.0,4.0,12.0,10.0,6.0,1.0,1.0,0.0,4.0,1.0,591.0,536.0,706.0,46.0,25.0,0.0,351.0,310.0,807.0,Frenkie de Jong,2,2022,2026,9,0.11152416356877323,0.3345724907063197,0.11152416356877323,0.7806691449814126,0.44609665427509293,1.338289962825279,0.6691449814126395,0.11152416356877323,0.11152416356877323,0.44609665427509293,0.11152416356877323,65.91078066914498,59.77695167286245,39.1449814126394,34.572490706319705,78.7360594795539
795696,0.0,0,0.0,0.0,0.0,0.0,3.0,1.0,1.0,0.0,0.0,0.0,0.0,0.0,184.0,172.0,202.0,7.0,2.0,0.0,50.0,41.0,270.0,Jack Hendry,1,2026,2026,3,0.0,0.0,0.0,0.0,0.0,1.0,0.3333333333333333,0.0,0.0,0.0,0.0,61.333333333333336,57.333333333333336,16.666666666666668,13.666666666666666,67.33333333333333
796326,0.0,1,1.0,0.0,0.0,0.0,4.0,6.0,1.0,0.0,0.0,0.0,1.0,1.0,108.0,94.0,166.0,12.0,14.0,0.0,42.0,29.0,360.0,Fidel Escobar,2,2018,2026,4,0.0,0.25,0.25,0.0,0.0,1.0,0.25,0.0,0.0,0.25,0.25,27.0,23.5,10.5,7.25,41.5
796500,0.0,0,0.0,0.0,1.0,0.0,2.0,3.0,1.0,0.0,0.0,0.0,0.0,0.0,104.0,85.0,146.0,10.0,13.0,0.0,33.0,23.0,286.0,Assim Madibo,2,2022,2026,4,0.0,0.0,0.0,0.3146853146853147,0.0,0.6293706293706294,0.3146853146853147,0.0,0.0,0.0,0.0,32.72727272727273,26.74825174825175,10.384615384615385,7.237762237762238,45.94405594405595
797157,8.0,58,26.0,17.0,182.0,103.0,157.0,41.0,71.0,8.0,14.0,2.0,107.0,25.0,882.0,683.0,1688.0,310.0,228.0,3.0,688.0,507.0,1940.0,Diego Armando Maradona,4,1982,1994,21,0.37113402061855666,2.690721649484536,1.2061855670103092,8.443298969072165,4.778350515463917,7.283505154639175,3.2938144329896906,0.37113402061855666,0.6494845360824741,4.963917525773195,1.1597938144329896,40.91752577319588,31.685567010309278,31.917525773195873,23.52061855670103,78.30927835051546
798583,0.0,5,2.0,1.0,3.0,2.0,7.0,11.0,6.0,1.0,2.0,1.0,0.0,0.0,793.0,722.0,944.0,55.0,43.0,0.0,352.0,309.0,1141.0,Dayot Upamecano,2,2022,2026,13,0.0,0.39439088518843124,0.1577563540753725,0.23663453111305874,0.1577563540753725,0.5521472392638037,0.4732690622261175,0.07887817703768625,0.1577563540753725,0.0,0.0,62.55039439088519,56.95004382120947,27.765118317265557,24.37335670464505,74.46099912357582
799054,0.0,4,1.0,1.0,1.0,0.0,11.0,7.0,5.0,1.0,0.0,0.0,4.0,1.0,186.0,163.0,240.0,16.0,18.0,0.0,99.0,83.0,523.0,Djibril Sow,2,2022,2026,8,0.0,0.6883365200764818,0.17208413001912046,0.17208413001912046,0.0,1.892925430210325,0.8604206500956023,0.17208413001912046,0.0,0.6883365200764818,0.17208413001912046,32.007648183556405,28.049713193116634,17.036328871892927,14.282982791587,41.30019120458891
800419,0.0,1,0.0,0.0,4.0,3.0,11.0,10.0,4.0,0.0,1.0,0.0,2.0,0.0,499.0,448.0,612.0,41.0,32.0,0.0,272.0,241.0,702.0,Tyler Adams,2,2022,2026,8,0.0,0.12820512820512822,0.0,0.5128205128205129,0.38461538461538464,1.4102564102564104,0.5128205128205129,0.0,0.12820512820512822,0.25641025641025644,0.0,63.97435897435898,57.43589743589744,34.871794871794876,30.897435897435898,78.46153846153847
801211,0.0,2,0.0,2.0,3.0,1.0,8.0,11.0,3.0,0.0,0.0,0.0,2.0,0.0,85.0,65.0,162.0,24.0,31.0,0.0,38.0,24.0,409.0,Selim Amallah,1,2022,2022,7,0.0,0.4400977995110025,0.0,0.6601466992665037,0.22004889975550124,1.76039119804401,0.6601466992665037,0.0,0.0,0.4400977995110025,0.0,18.704156479217605,14.30317848410758,8.361858190709047,5.28117359413203,35.6479217603912
801411,0.0,5,1.0,3.0,0.0,0.0,3.0,4.0,1.0,0.0,1.0,2.0,1.0,0.0,192.0,161.0,239.0,20.0,17.0,0.0,103.0,84.0,315.0,Derek Cornelius,1,2026,2026,4,0.0,1.4285714285714286,0.2857142857142857,0.0,0.0,0.8571428571428571,0.2857142857142857,0.0,0.2857142857142857,0.2857142857142857,0.0,54.857142857142854,46.0,29.428571428571427,24.0,68.28571428571429
801455,0.0,10,3.0,6.0,17.0,8.0,15.0,10.0,7.0,1.0,2.0,2.0,5.0,0.0,82.0,50.0,166.0,37.0,35.0,1.0,66.0,39.0,379.0,Jozy Altidore,2,2010,2014,5,0.0,2.3746701846965697,0.7124010554089709,4.036939313984169,1.8997361477572559,3.5620052770448547,1.6622691292875988,0.23746701846965698,0.47493403693931396,1.1873350923482848,0.0,19.472295514511874,11.87335092348285,15.672823218997362,9.261213720316622,39.41952506596306
803021,0.0,2,0.0,2.0,1.0,1.0,0.0,2.0,1.0,0.0,0.0,0.0,0.0,0.0,103.0,90.0,153.0,12.0,4.0,0.0,43.0,36.0,270.0,Sherel Constancio Floranus,1,2026,2026,3,0.0,0.6666666666666666,0.0,0.3333333333333333,0.3333333333333333,0.0,0.3333333333333333,0.0,0.0,0.0,0.0,34.333333333333336,30.0,14.333333333333334,12.0,51.0
803033,0.0,4,1.0,2.0,1.0,1.0,1.0,9.0,3.0,1.0,0.0,0.0,7.0,2.0,173.0,142.0,238.0,21.0,20.0,0.0,95.0,73.0,342.0,Teun Koopmeiners,2,2022,2026,9,0.0,1.0526315789473684,0.2631578947368421,0.2631578947368421,0.2631578947368421,0.2631578947368421,0.7894736842105263,0.2631578947368421,0.0,1.842105263157895,0.5263157894736842,45.526315789473685,37.36842105263158,25.0,19.210526315789476,62.631578947368425
803174,0.0,0,0.0,0.0,14.0,10.0,1.0,6.0,6.0,0.0,1.0,0.0,39.0,4.0,382.0,309.0,602.0,38.0,30.0,0.0,214.0,170.0,708.0,Antonee Robinson,2,2022,2026,8,0.0,0.0,0.0,1.7796610169491527,1.2711864406779663,0.1271186440677966,0.7627118644067797,0.0,0.1271186440677966,4.957627118644068,0.5084745762711864,48.559322033898304,39.279661016949156,27.203389830508478,21.610169491525426,76.52542372881356
804096,0.0,5,1.0,1.0,0.0,0.0,10.0,0.0,2.0,0.0,0.0,1.0,18.0,2.0,248.0,219.0,357.0,22.0,15.0,0.0,148.0,127.0,336.0,Mohammed Alburayk,2,2018,2022,5,0.0,1.3392857142857142,0.26785714285714285,0.0,0.0,2.6785714285714284,0.5357142857142857,0.0,0.0,4.821428571428571,0.5357142857142857,66.42857142857143,58.660714285714285,39.64285714285714,34.01785714285714,95.625
804430,0.0,1,0.0,1.0,0.0,0.0,1.0,2.0,0.0,0.0,0.0,0.0,1.0,1.0,79.0,62.0,112.0,8.0,5.0,0.0,19.0,6.0,270.0,Ali Gabr,1,2018,2018,3,0.0,0.3333333333333333,0.0,0.0,0.0,0.3333333333333333,0.0,0.0,0.0,0.3333333333333333,0.3333333333333333,26.333333333333332,20.666666666666668,6.333333333333333,2.0,37.333333333333336
804434,0.0,1,0.0,1.0,1.0,1.0,2.0,6.0,3.0,0.0,0.0,1.0,2.0,0.0,221.0,178.0,280.0,17.0,14.0,0.0,118.0,87.0,370.0,Takehiro Tomiyasu,2,2022,2026,6,0.0,0.24324324324324326,0.0,0.24324324324324326,0.24324324324324326,0.4864864864864865,0.7297297297297298,0.0,0.0,0.4864864864864865,0.0,53.756756756756765,43.2972972972973,28.702702702702705,21.162162162162165,68.10810810810811
804508,1.0,12,6.0,3.0,5.0,1.0,7.0,4.0,9.0,2.0,2.0,2.0,1.0,1.0,69.0,47.0,130.0,16.0,24.0,0.0,59.0,39.0,360.0,Viktor Gyökeres,1,2026,2026,4,0.25,3.0,1.5,1.25,0.25,1.75,2.25,0.5,0.5,0.25,0.25,17.25,11.75,14.75,9.75,32.5
805078,0.0,3,0.0,1.0,6.0,2.0,3.0,5.0,10.0,0.0,1.0,0.0,11.0,6.0,332.0,288.0,459.0,37.0,27.0,0.0,192.0,162.0,525.0,Mathías Olivera,2,2022,2026,6,0.0,0.5142857142857143,0.0,1.0285714285714287,0.34285714285714286,0.5142857142857143,1.7142857142857144,0.0,0.17142857142857143,1.885714285714286,1.0285714285714287,56.91428571428572,49.371428571428574,32.91428571428572,27.771428571428572,78.68571428571428
805123,3.0,11,3.0,7.0,3.0,1.0,9.0,5.0,1.0,0.0,0.0,2.0,0.0,0.0,70.0,57.0,128.0,16.0,21.0,1.0,40.0,33.0,360.0,Yoane Wissa,1,2026,2026,4,0.75,2.75,0.75,0.75,0.25,2.25,0.25,0.0,0.0,0.0,0.0,17.5,14.25,10.0,8.25,32.0
805137,0.0,1,0.0,1.0,0.0,0.0,3.0,2.0,1.0,0.0,0.0,0.0,0.0,0.0,105.0,71.0,149.0,10.0,7.0,0.0,40.0,20.0,322.0,Omar Alderete,1,2026,2026,4,0.0,0.2795031055900621,0.0,0.0,0.0,0.8385093167701863,0.2795031055900621,0.0,0.0,0.0,0.0,29.34782608695652,19.84472049689441,11.180124223602483,5.590062111801242,41.64596273291925
805465,0.0,1,1.0,0.0,7.0,2.0,3.0,11.0,6.0,0.0,0.0,0.0,21.0,7.0,197.0,163.0,313.0,19.0,32.0,0.0,112.0,89.0,359.0,Pervis Estupiñán,2,2022,2026,5,0.0,0.25069637883008355,0.25069637883008355,1.7548746518105849,0.5013927576601671,0.7520891364902507,1.5041782729805013,0.0,0.0,5.264623955431754,1.7548746518105849,49.38718662952646,40.863509749303624,28.077994428969358,22.311977715877436,78.46796657381616
808680,0.0,2,1.0,0.0,1.0,1.0,2.0,9.0,2.0,0.0,0.0,0.0,0.0,0.0,382.0,316.0,478.0,44.0,24.0,0.0,134.0,79.0,750.0,Harry Souttar,2,2022,2026,8,0.0,0.24,0.12,0.12,0.12,0.24,0.24,0.0,0.0,0.0,0.0,45.839999999999996,37.919999999999995,16.08,9.479999999999999,57.36
812531,0.0,1,1.0,0.0,8.0,4.0,3.0,3.0,2.0,0.0,0.0,0.0,5.0,1.0,132.0,93.0,264.0,36.0,25.0,0.0,64.0,40.0,457.0,Milad Mohammadi,3,2018,2026,8,0.0,0.19693654266958427,0.19693654266958427,1.5754923413566742,0.7877461706783371,0.5908096280087528,0.39387308533916854,0.0,0.0,0.9846827133479212,0.19693654266958427,25.995623632385122,18.315098468271337,12.603938730853393,7.87746170678337,51.991247264770244
812533,2.0,14,5.0,7.0,16.0,5.0,13.0,12.0,13.0,1.0,2.0,5.0,2.0,0.0,201.0,140.0,357.0,58.0,67.0,1.0,124.0,78.0,732.0,Mehdi Taremi,3,2018,2026,9,0.24590163934426232,1.7213114754098362,0.6147540983606558,1.9672131147540985,0.6147540983606558,1.598360655737705,1.598360655737705,0.12295081967213116,0.24590163934426232,0.24590163934426232,0.0,24.713114754098363,17.213114754098363,15.245901639344263,9.59016393442623,43.89344262295082
814590,4.0,28,13.0,11.0,34.0,16.0,7.0,10.0,5.0,1.0,4.0,5.0,29.0,2.0,240.0,200.0,396.0,31.0,46.0,0.0,175.0,139.0,588.0,Marcus Rashford,3,2018,2026,17,0.6122448979591837,4.285714285714286,1.989795918367347,5.204081632653061,2.4489795918367347,1.0714285714285714,0.7653061224489796,0.15306122448979592,0.6122448979591837,4.438775510204081,0.30612244897959184,36.734693877551024,30.612244897959183,26.785714285714285,21.275510204081634,60.61224489795919
814594,1.0,19,5.0,9.0,35.0,15.0,29.0,15.0,29.0,3.0,3.0,1.0,52.0,17.0,795.0,684.0,1264.0,103.0,97.0,1.0,416.0,349.0,1473.0,Achraf Hakimi,3,2018,2026,16,0.06109979633401222,1.1608961303462322,0.30549898167006106,2.1384928716904277,0.9164969450101833,1.7718940936863543,1.7718940936863543,0.18329938900203666,0.18329938900203666,3.1771894093686353,1.0386965376782078,48.574338085539715,41.79226069246436,25.417515274949082,21.323828920570264,77.23014256619145
815080,0.0,5,1.0,1.0,5.0,0.0,2.0,4.0,3.0,0.0,0.0,0.0,7.0,2.0,103.0,85.0,153.0,9.0,17.0,0.0,51.0,36.0,283.0,Jamiro Monteiro,1,2026,2026,4,0.0,1.5901060070671378,0.31802120141342755,1.5901060070671378,0.0,0.6360424028268551,0.9540636042402827,0.0,0.0,2.2261484098939928,0.6360424028268551,32.75618374558304,27.031802120141343,16.219081272084807,11.448763250883392,48.657243816254415
817957,1.0,13,7.0,3.0,33.0,14.0,19.0,3.0,12.0,3.0,3.0,2.0,35.0,4.0,189.0,149.0,360.0,40.0,42.0,2.0,142.0,105.0,539.0,Christian Pulišić,2,2022,2026,8,0.16697588126159554,2.170686456400742,1.1688311688311688,5.510204081632653,2.3376623376623376,3.1725417439703154,2.0037105751391464,0.5009276437847866,0.5009276437847866,5.8441558441558445,0.6679035250463822,31.558441558441558,24.879406307977735,23.710575139146567,17.532467532467532,60.111317254174395
817979,0.0,0,0.0,0.0,0.0,0.0,3.0,3.0,0.0,0.0,0.0,0.0,0.0,0.0,157.0,140.0,201.0,10.0,8.0,0.0,49.0,36.0,360.0,Axel Tuanzebe,1,2026,2026,4,0.0,0.0,0.0,0.0,0.0,0.75,0.0,0.0,0.0,0.0,0.0,39.25,35.0,12.25,9.0,50.25
818244,6.0,31,12.0,9.0,40.0,21.0,8.0,7.0,31.0,4.0,8.0,1.0,62.0,15.0,528.0,422.0,781.0,54.0,56.0,0.0,432.0,335.0,1206.0,Ousmane Dembélé,3,2018,2026,19,0.44776119402985076,2.3134328358208953,0.8955223880597015,2.9850746268656714,1.5671641791044775,0.5970149253731343,2.3134328358208953,0.29850746268656714,0.5970149253731343,4.626865671641791,1.1194029850746268,39.40298507462686,31.492537313432834,32.23880597014925,25.0,58.28358208955224
818406,0.0,2,1.0,1.0,3.0,3.0,3.0,8.0,1.0,1.0,1.0,1.0,2.0,0.0,369.0,317.0,450.0,30.0,21.0,0.0,130.0,93.0,585.0,César Montes,2,2022,2026,7,0.0,0.3076923076923077,0.15384615384615385,0.46153846153846156,0.46153846153846156,0.46153846153846156,0.15384615384615385,0.15384615384615385,0.15384615384615385,0.3076923076923077,0.0,56.76923076923077,48.76923076923077,20.0,14.307692307692308,69.23076923076923
818481,0.0,2,0.0,2.0,0.0,0.0,0.0,5.0,1.0,0.0,0.0,1.0,0.0,0.0,291.0,264.0,328.0,10.0,7.0,1.0,95.0,71.0,479.0,Jhon Lucumí,1,2026,2026,5,0.0,0.3757828810020877,0.0,0.0,0.0,0.0,0.18789144050104384,0.0,0.0,0.0,0.0,54.67640918580376,49.603340292275576,17.849686847599166,13.340292275574113,61.628392484342385
818485,0.0,4,0.0,2.0,12.0,4.0,11.0,11.0,4.0,0.0,0.0,0.0,8.0,2.0,199.0,153.0,281.0,33.0,39.0,0.0,119.0,86.0,430.0,Ibrahim Al Shahrani,2,1998,2002,6,0.0,0.8372093023255814,0.0,2.511627906976744,0.8372093023255814,2.302325581395349,0.8372093023255814,0.0,0.0,1.6744186046511629,0.4186046511627907,41.651162790697676,32.02325581395349,24.906976744186046,18.0,58.81395348837209
818548,1.0,13,5.0,5.0,3.0,2.0,1.0,7.0,0.0,0.0,0.0,4.0,3.0,0.0,66.0,56.0,111.0,12.0,27.0,2.0,50.0,41.0,270.0,Katlego Mphela,1,2010,2010,3,0.3333333333333333,4.333333333333333,1.6666666666666667,1.0,0.6666666666666666,0.3333333333333333,0.0,0.0,0.0,1.0,0.0,22.0,18.666666666666668,16.666666666666668,13.666666666666666,37.0
822519,0.0,5,1.0,0.0,0.0,0.0,3.0,7.0,1.0,0.0,0.0,0.0,3.0,1.0,254.0,232.0,315.0,14.0,14.0,0.0,117.0,103.0,348.0,Éder Militão,1,2022,2022,4,0.0,1.293103448275862,0.25862068965517243,0.0,0.0,0.7758620689655172,0.25862068965517243,0.0,0.0,0.7758620689655172,0.25862068965517243,65.6896551724138,60.0,30.25862068965517,26.637931034482758,81.46551724137932
822572,0.0,0,0.0,0.0,0.0,0.0,2.0,1.0,0.0,0.0,0.0,0.0,0.0,0.0,186.0,165.0,234.0,14.0,6.0,0.0,27.0,15.0,360.0,Kye Rowles,1,2022,2022,4,0.0,0.0,0.0,0.0,0.0,0.5,0.0,0.0,0.0,0.0,0.0,46.5,41.25,6.75,3.75,58.5
822729,0.0,0,0.0,0.0,0.0,0.0,0.0,7.0,1.0,0.0,0.0,0.0,5.0,0.0,136.0,130.0,207.0,12.0,14.0,0.0,70.0,66.0,300.0,Alan Franco,2,2022,2026,6,0.0,0.0,0.0,0.0,0.0,0.0,0.3,0.0,0.0,1.5,0.0,40.8,39.0,21.0,19.8,62.099999999999994
822933,0.0,2,0.0,0.0,1.0,0.0,4.0,8.0,4.0,1.0,0.0,0.0,7.0,0.0,150.0,124.0,227.0,11.0,17.0,0.0,79.0,61.0,307.0,Gonzalo Montiel,2,2022,2026,10,0.0,0.5863192182410424,0.0,0.2931596091205212,0.0,1.1726384364820848,1.1726384364820848,0.2931596091205212,0.0,2.0521172638436482,0.0,43.97394136807818,36.351791530944624,23.159609120521175,17.882736156351793,66.54723127035831
823622,5.0,23,12.0,9.0,4.0,2.0,5.0,4.0,6.0,1.0,1.0,1.0,3.0,1.0,153.0,126.0,249.0,20.0,30.0,1.0,95.0,71.0,605.0,Mikel Oyarzabal,1,2026,2026,8,0.743801652892562,3.4214876033057853,1.7851239669421488,0.5950413223140496,0.2975206611570248,0.743801652892562,0.8925619834710744,0.1487603305785124,0.1487603305785124,0.4462809917355372,0.1487603305785124,22.760330578512395,18.74380165289256,14.132231404958677,10.56198347107438,37.04132231404959
823941,1.0,8,6.0,1.0,4.0,1.0,1.0,4.0,7.0,3.0,3.0,1.0,3.0,0.0,79.0,61.0,118.0,7.0,20.0,1.0,57.0,43.0,358.0,Alexander Isak,1,2026,2026,4,0.25139664804469275,2.011173184357542,1.5083798882681565,1.005586592178771,0.25139664804469275,0.25139664804469275,1.759776536312849,0.7541899441340782,0.7541899441340782,0.7541899441340782,0.0,19.860335195530727,15.335195530726256,14.329608938547485,10.810055865921788,29.664804469273744
823984,3.0,24,8.0,11.0,11.0,2.0,10.0,9.0,6.0,1.0,3.0,7.0,2.0,1.0,134.0,105.0,234.0,22.0,45.0,2.0,75.0,50.0,549.0,Lautaro Martínez,2,2022,2026,13,0.49180327868852464,3.934426229508197,1.3114754098360657,1.8032786885245902,0.3278688524590164,1.639344262295082,0.9836065573770493,0.1639344262295082,0.49180327868852464,0.3278688524590164,0.1639344262295082,21.9672131147541,17.213114754098363,12.295081967213115,8.196721311475411,38.36065573770492
825719,1.0,1,1.0,0.0,0.0,0.0,1.0,4.0,0.0,0.0,0.0,0.0,0.0,0.0,339.0,300.0,388.0,12.0,10.0,0.0,84.0,57.0,477.0,Issa Diop,1,2026,2026,5,0.18867924528301888,0.18867924528301888,0.18867924528301888,0.0,0.0,0.18867924528301888,0.0,0.0,0.0,0.0,0.0,63.9622641509434,56.60377358490566,15.849056603773585,10.754716981132075,73.20754716981132
825838,0.0,0,0.0,0.0,2.0,1.0,0.0,1.0,0.0,0.0,0.0,0.0,0.0,0.0,100.0,88.0,139.0,10.0,8.0,0.0,19.0,11.0,270.0,Armando Obispo,1,2026,2026,3,0.0,0.0,0.0,0.6666666666666666,0.3333333333333333,0.0,0.0,0.0,0.0,0.0,0.0,33.333333333333336,29.333333333333332,6.333333333333333,3.6666666666666665,46.333333333333336
826169,0.0,0,0.0,0.0,0.0,0.0,2.0,1.0,0.0,0.0,0.0,0.0,0.0,0.0,153.0,145.0,193.0,10.0,9.0,0.0,59.0,55.0,270.0,Hannes Delcroix,1,2026,2026,3,0.0,0.0,0.0,0.0,0.0,0.6666666666666666,0.0,0.0,0.0,0.0,0.0,51.0,48.333333333333336,19.666666666666668,18.333333333333332,64.33333333333333
826215,0.0,2,1.0,1.0,0.0,0.0,5.0,4.0,2.0,0.0,1.0,1.0,1.0,0.0,268.0,246.0,335.0,26.0,8.0,0.0,112.0,98.0,355.0,Ibrahima Konaté,2,2022,2026,7,0.0,0.5070422535211268,0.2535211267605634,0.0,0.0,1.2676056338028168,0.5070422535211268,0.0,0.2535211267605634,0.2535211267605634,0.0,67.94366197183098,62.36619718309859,28.394366197183096,24.84507042253521,84.92957746478872
826545,0.0,4,0.0,0.0,8.0,3.0,1.0,2.0,5.0,1.0,1.0,0.0,15.0,3.0,241.0,205.0,391.0,23.0,23.0,0.0,133.0,107.0,480.0,Mohamed Hany,1,2026,2026,5,0.0,0.75,0.0,1.5,0.5625,0.1875,0.9375,0.1875,0.1875,2.8125,0.5625,45.1875,38.4375,24.9375,20.0625,73.3125
826643,22.0,81,44.0,21.0,134.0,63.0,29.0,14.0,39.0,6.0,8.0,16.0,42.0,7.0,579.0,481.0,1049.0,104.0,132.0,2.0,484.0,402.0,1829.0,Kylian Mbappé,3,2018,2026,22,1.082558775287042,3.985784581738655,2.165117550574084,6.593767085839256,3.1000546746856203,1.4270092946965554,1.9190814652815746,0.2952433023510115,0.3936577364680153,2.0667031164570804,0.3444505194095134,28.490978676872608,23.66867140513942,23.816293056314926,19.781301257517768,51.61837069436851
827212,0.0,6,2.0,0.0,5.0,4.0,7.0,11.0,5.0,0.0,2.0,0.0,14.0,1.0,587.0,499.0,814.0,52.0,36.0,0.0,339.0,291.0,1097.0,Jules Koundé,2,2022,2026,14,0.0,0.4922515952597995,0.16408386508659983,0.41020966271649956,0.32816773017319967,0.5742935278030994,0.41020966271649956,0.0,0.16408386508659983,1.1485870556061988,0.08204193254329992,48.15861440291705,40.938924339106656,27.81221513217867,23.874202370100274,66.78213309024613
827606,0.0,8,0.0,5.0,4.0,3.0,10.0,16.0,15.0,0.0,1.0,0.0,6.0,1.0,1495.0,1394.0,1626.0,71.0,35.0,0.0,819.0,749.0,1116.0,Rodri,2,2022,2026,12,0.0,0.6451612903225806,0.0,0.3225806451612903,0.24193548387096772,0.8064516129032258,1.2096774193548387,0.0,0.08064516129032258,0.48387096774193544,0.08064516129032258,120.56451612903226,112.41935483870968,66.04838709677419,60.40322580645161,131.1290322580645
827679,1.0,3,2.0,1.0,4.0,3.0,11.0,8.0,0.0,0.0,0.0,1.0,3.0,0.0,468.0,454.0,564.0,29.0,17.0,0.0,208.0,199.0,647.0,Ezri Konsa,1,2026,2026,8,0.1391035548686244,0.41731066460587324,0.2782071097372488,0.5564142194744977,0.41731066460587324,1.5301391035548686,0.0,0.0,0.0,0.41731066460587324,0.0,65.10046367851622,63.15301391035548,28.933539412673877,27.68160741885626,78.45440494590417
828524,0.0,10,4.0,5.0,9.0,6.0,3.0,14.0,0.0,0.0,0.0,1.0,1.0,0.0,264.0,222.0,357.0,41.0,36.0,0.0,169.0,137.0,511.0,Mohamed Kanno,3,2018,2026,7,0.0,1.761252446183953,0.7045009784735812,1.5851272015655578,1.0567514677103718,0.5283757338551859,0.0,0.0,0.0,0.1761252446183953,0.0,46.49706457925636,39.099804305283755,29.765166340508806,24.129158512720156,62.87671232876712
828640,0.0,0,0.0,0.0,0.0,0.0,0.0,3.0,0.0,0.0,0.0,0.0,0.0,0.0,169.0,152.0,194.0,7.0,10.0,0.0,31.0,21.0,270.0,Joe Rodon,1,2022,2022,3,0.0,0.0,0.0,0.0,0.0,0.0,0.0,0.0,0.0,0.0,0.0,56.333333333333336,50.666666666666664,10.333333333333334,7.0,64.66666666666667
829207,0.0,4,1.0,2.0,12.0,7.0,16.0,9.0,9.0,0.0,2.0,1.0,3.0,1.0,219.0,178.0,344.0,37.0,22.0,1.0,151.0,116.0,592.0,Richie Laryea,2,2022,2026,8,0.0,0.6081081081081081,0.15202702702702703,1.8243243243243243,1.0641891891891893,2.4324324324324325,1.3682432432432432,0.0,0.30405405405405406,0.4560810810810811,0.15202702702702703,33.29391891891892,27.06081081081081,22.95608108108108,17.635135135135137,52.2972972972973
829932,1.0,3,1.0,2.0,3.0,3.0,6.0,21.0,0.0,0.0,0.0,1.0,0.0,0.0,804.0,746.0,944.0,54.0,41.0,0.0,266.0,235.0,1159.0,Cristian Romero,2,2022,2026,14,0.07765314926660914,0.23295944779982744,0.07765314926660914,0.23295944779982744,0.23295944779982744,0.4659188955996549,0.0,0.0,0.0,0.0,0.0,62.43313201035375,57.92924935289042,20.65573770491803,18.24849007765315,73.30457290767903
831005,0.0,11,8.0,1.0,20.0,5.0,7.0,3.0,12.0,0.0,3.0,2.0,31.0,8.0,168.0,133.0,280.0,21.0,34.0,0.0,118.0,90.0,447.0,Raphinha,2,2022,2026,7,0.0,2.214765100671141,1.610738255033557,4.026845637583892,1.006711409395973,1.4093959731543624,2.4161073825503356,0.0,0.6040268456375839,6.241610738255034,1.610738255033557,33.8255033557047,26.778523489932887,23.758389261744966,18.120805369127517,56.375838926174495
831488,0.0,2,0.0,2.0,0.0,0.0,0.0,4.0,0.0,0.0,0.0,0.0,0.0,0.0,170.0,145.0,230.0,25.0,17.0,0.0,56.0,36.0,318.0,Nikola Katić,1,2026,2026,4,0.0,0.5660377358490566,0.0,0.0,0.0,0.0,0.0,0.0,0.0,0.0,0.0,48.113207547169814,41.0377358490566,15.849056603773585,10.18867924528302,65.09433962264151
831799,1.0,3,1.0,2.0,5.0,3.0,0.0,6.0,6.0,1.0,0.0,0.0,11.0,2.0,539.0,444.0,758.0,27.0,32.0,0.0,293.0,235.0,1099.0,Nahuel Molina,2,2022,2026,14,0.0818926296633303,0.2456778889899909,0.0818926296633303,0.40946314831665154,0.2456778889899909,0.0,0.4913557779799818,0.0818926296633303,0.0,0.9008189262966334,0.1637852593266606,44.140127388535035,36.360327570518656,23.994540491355778,19.24476797088262,62.07461328480437
831808,0.0,17,3.0,10.0,8.0,5.0,2.0,7.0,5.0,0.0,2.0,0.0,18.0,3.0,300.0,252.0,403.0,18.0,26.0,2.0,204.0,164.0,507.0,Federico Valverde,2,2022,2026,6,0.0,3.0177514792899407,0.5325443786982248,1.4201183431952662,0.8875739644970414,0.35502958579881655,0.8875739644970414,0.0,0.35502958579881655,3.195266272189349,0.5325443786982248,53.25443786982248,44.73372781065088,36.213017751479285,29.112426035502956,71.53846153846153
832420,2.0,4,2.0,2.0,4.0,0.0,4.0,4.0,2.0,0.0,0.0,0.0,3.0,0.0,47.0,36.0,111.0,17.0,22.0,0.0,29.0,24.0,428.0,Daizen Maeda,2,2022,2026,6,0.4205607476635514,0.8411214953271028,0.4205607476635514,0.8411214953271028,0.0,0.8411214953271028,0.4205607476635514,0.0,0.0,0.6308411214953271,0.0,9.883177570093459,7.570093457943925,6.098130841121495,5.046728971962617,23.3411214953271
832868,0.0,2,2.0,0.0,8.0,3.0,2.0,10.0,5.0,1.0,2.0,0.0,8.0,1.0,165.0,144.0,304.0,19.0,31.0,0.0,97.0,82.0,525.0,Jorge Sánchez,2,2022,2026,6,0.0,0.34285714285714286,0.34285714285714286,1.3714285714285714,0.5142857142857143,0.34285714285714286,0.8571428571428572,0.17142857142857143,0.34285714285714286,1.3714285714285714,0.17142857142857143,28.28571428571429,24.685714285714287,16.62857142857143,14.057142857142859,52.114285714285714
833352,0.0,7,2.0,4.0,10.0,5.0,6.0,7.0,7.0,0.0,2.0,1.0,17.0,4.0,167.0,148.0,249.0,22.0,28.0,0.0,92.0,79.0,472.0,Yoel Bárcenas,2,2018,2026,6,0.0,1.3347457627118644,0.3813559322033898,1.9067796610169492,0.9533898305084746,1.1440677966101696,1.3347457627118644,0.0,0.3813559322033898,3.2415254237288136,0.7627118644067796,31.843220338983052,28.220338983050848,17.54237288135593,15.063559322033898,47.478813559322035
833956,0.0,1,0.0,1.0,2.0,1.0,3.0,7.0,2.0,0.0,0.0,0.0,9.0,2.0,121.0,97.0,205.0,10.0,13.0,0.0,64.0,45.0,360.0,Matty Cash,1,2022,2022,4,0.0,0.25,0.0,0.5,0.25,0.75,0.5,0.0,0.0,2.25,0.5,30.25,24.25,16.0,11.25,51.25
834308,0.0,0,0.0,0.0,3.0,1.0,7.0,5.0,1.0,0.0,0.0,0.0,5.0,1.0,121.0,100.0,197.0,19.0,12.0,0.0,44.0,35.0,332.0,Gabriel Gudmundsson,1,2026,2026,4,0.0,0.0,0.0,0.8132530120481927,0.2710843373493976,1.897590361445783,0.2710843373493976,0.0,0.0,1.355421686746988,0.2710843373493976,32.8012048192771,27.10843373493976,11.927710843373493,9.487951807228916,53.403614457831324
835485,0.0,6,1.0,1.0,14.0,7.0,10.0,3.0,8.0,4.0,3.0,1.0,8.0,3.0,162.0,141.0,248.0,21.0,24.0,0.0,112.0,98.0,462.0,Brahim Díaz,1,2026,2026,6,0.0,1.1688311688311688,0.1948051948051948,2.727272727272727,1.3636363636363635,1.9480519480519478,1.5584415584415583,0.7792207792207791,0.5844155844155844,1.5584415584415583,0.5844155844155844,31.558441558441555,27.467532467532465,21.818181818181817,19.09090909090909,48.31168831168831
836168,0.0,3,0.0,2.0,0.0,0.0,3.0,9.0,0.0,0.0,0.0,0.0,1.0,0.0,272.0,244.0,355.0,30.0,16.0,0.0,90.0,74.0,540.0,Nikola Milenković,2,2018,2022,6,0.0,0.5,0.0,0.0,0.0,0.5,0.0,0.0,0.0,0.16666666666666666,0.0,45.333333333333336,40.666666666666664,15.0,12.333333333333334,59.166666666666664
836705,5.0,17,10.0,4.0,4.0,0.0,4.0,6.0,4.0,0.0,1.0,3.0,3.0,2.0,155.0,128.0,226.0,21.0,29.0,0.0,114.0,93.0,458.0,Kai Havertz,2,2022,2026,6,0.9825327510917031,3.3406113537117905,1.9650655021834063,0.7860262008733625,0.0,0.7860262008733625,0.7860262008733625,0.0,0.19650655021834063,0.5895196506550219,0.39301310043668125,30.458515283842797,25.1528384279476,22.40174672489083,18.27510917030568,44.41048034934498
837099,0.0,5,1.0,3.0,4.0,2.0,6.0,4.0,3.0,0.0,0.0,0.0,11.0,4.0,120.0,97.0,201.0,19.0,10.0,0.0,74.0,52.0,347.0,Aubrey Modiba,1,2026,2026,4,0.0,1.296829971181556,0.25936599423631124,1.037463976945245,0.5187319884726225,1.5561959654178674,0.7780979827089337,0.0,0.0,2.8530259365994235,1.037463976945245,31.123919308357348,25.15850144092219,19.19308357348703,13.487031700288185,52.13256484149856
839493,0.0,7,3.0,2.0,13.0,7.0,9.0,7.0,7.0,0.0,1.0,2.0,11.0,4.0,167.0,132.0,296.0,35.0,27.0,0.0,97.0,72.0,450.0,Amir Murillo,2,2018,2026,5,0.0,1.4,0.6,2.6,1.4,1.8,1.4,0.0,0.2,2.2,0.8,33.4,26.4,19.4,14.4,59.2
839638,0.0,4,1.0,3.0,0.0,0.0,4.0,6.0,0.0,0.0,0.0,0.0,1.0,1.0,139.0,123.0,181.0,15.0,10.0,0.0,59.0,46.0,270.0,Ricardo Adé,1,2026,2026,3,0.0,1.3333333333333333,0.3333333333333333,0.0,0.0,1.3333333333333333,0.0,0.0,0.0,0.3333333333333333,0.3333333333333333,46.333333333333336,41.0,19.666666666666668,15.333333333333334,60.333333333333336
839956,7.0,20,13.0,4.0,4.0,1.0,3.0,5.0,6.0,0.0,1.0,5.0,1.0,0.0,56.0,35.0,120.0,22.0,21.0,1.0,40.0,25.0,465.0,Erling Haaland,1,2026,2026,5,1.3548387096774193,3.8709677419354835,2.5161290322580645,0.7741935483870968,0.1935483870967742,0.5806451612903225,1.161290322580645,0.0,0.1935483870967742,0.1935483870967742,0.0,10.838709677419354,6.774193548387096,7.741935483870967,4.838709677419355,23.2258064516129
839981,1.0,9,5.0,1.0,9.0,3.0,8.0,7.0,15.0,2.0,5.0,2.0,9.0,1.0,376.0,321.0,489.0,33.0,30.0,0.0,266.0,225.0,551.0,Lucas Paquetá,2,2022,2026,8,0.1633393829401089,1.4700544464609802,0.8166969147005445,1.4700544464609802,0.49001814882032674,1.3067150635208713,2.4500907441016335,0.3266787658802178,0.8166969147005445,1.4700544464609802,0.1633393829401089,61.415607985480946,52.43194192377496,43.44827586206897,36.75136116152451,79.87295825771325
840217,3.0,8,4.0,1.0,4.0,0.0,6.0,5.0,6.0,0.0,3.0,1.0,2.0,0.0,56.0,40.0,107.0,12.0,20.0,0.0,41.0,27.0,326.0,Richarlison,1,2022,2022,4,0.8282208588957055,2.208588957055215,1.1042944785276074,1.1042944785276074,0.0,1.656441717791411,1.656441717791411,0.0,0.8282208588957055,0.5521472392638037,0.0,15.460122699386503,11.042944785276074,11.319018404907975,7.45398773006135,29.539877300613497
841802,0.0,0,0.0,0.0,1.0,1.0,0.0,4.0,0.0,0.0,0.0,0.0,9.0,0.0,173.0,139.0,237.0,19.0,17.0,0.0,80.0,51.0,270.0,Andrés Andrade,1,2026,2026,3,0.0,0.0,0.0,0.3333333333333333,0.3333333333333333,0.0,0.0,0.0,0.0,3.0,0.0,57.666666666666664,46.333333333333336,26.666666666666668,17.0,79.0
842253,0.0,6,2.0,4.0,9.0,2.0,13.0,7.0,1.0,0.0,0.0,0.0,23.0,5.0,103.0,85.0,201.0,23.0,41.0,0.0,75.0,63.0,478.0,José Luis Rodríguez,2,2018,2026,6,0.0,1.1297071129707112,0.3765690376569038,1.694560669456067,0.3765690376569038,2.4476987447698746,0.1882845188284519,0.0,0.0,4.330543933054393,0.9414225941422595,19.393305439330543,16.00418410041841,14.121338912133892,11.861924686192468,37.84518828451883
843114,4.0,14,6.0,5.0,9.0,6.0,7.0,5.0,10.0,1.0,1.0,1.0,4.0,3.0,135.0,111.0,219.0,21.0,26.0,1.0,92.0,74.0,414.0,Julián Quiñones,1,2026,2026,5,0.8695652173913044,3.0434782608695654,1.3043478260869565,1.956521739130435,1.3043478260869565,1.5217391304347827,2.173913043478261,0.2173913043478261,0.2173913043478261,0.8695652173913044,0.6521739130434783,29.347826086956523,24.1304347826087,20.0,16.086956521739133,47.608695652173914
843200,0.0,2,1.0,1.0,4.0,2.0,2.0,1.0,5.0,1.0,1.0,0.0,10.0,3.0,151.0,124.0,230.0,20.0,8.0,0.0,83.0,65.0,323.0,Diogo Dalot,2,2022,2026,5,0.0,0.5572755417956656,0.2786377708978328,1.1145510835913313,0.5572755417956656,0.5572755417956656,1.393188854489164,0.2786377708978328,0.2786377708978328,2.786377708978328,0.8359133126934984,42.074303405572756,34.55108359133127,23.126934984520123,18.11145510835913,64.08668730650155
843665,1.0,4,2.0,1.0,26.0,12.0,4.0,4.0,7.0,0.0,1.0,1.0,10.0,1.0,100.0,77.0,209.0,21.0,28.0,0.0,75.0,52.0,285.0,Alphonso Davies,2,2022,2026,4,0.31578947368421056,1.2631578947368423,0.6315789473684211,8.210526315789474,3.7894736842105265,1.2631578947368423,2.210526315789474,0.0,0.31578947368421056,3.1578947368421053,0.31578947368421056,31.578947368421055,24.315789473684212,23.68421052631579,16.42105263157895,66.0
844096,1.0,9,4.0,3.0,8.0,6.0,2.0,5.0,8.0,0.0,1.0,0.0,6.0,1.0,237.0,226.0,314.0,24.0,16.0,0.0,140.0,131.0,381.0,Jhon Arias,1,2026,2026,5,0.23622047244094488,2.1259842519685037,0.9448818897637795,1.889763779527559,1.4173228346456692,0.47244094488188976,1.889763779527559,0.0,0.23622047244094488,1.4173228346456692,0.23622047244094488,55.98425196850393,53.38582677165354,33.07086614173228,30.944881889763778,74.1732283464567
844942,0.0,0,0.0,0.0,5.0,3.0,3.0,2.0,4.0,0.0,0.0,0.0,4.0,0.0,203.0,171.0,306.0,22.0,15.0,0.0,108.0,81.0,448.0,Gideon Mensah,2,2022,2026,5,0.0,0.0,0.0,1.0044642857142856,0.6026785714285714,0.6026785714285714,0.8035714285714286,0.0,0.0,0.8035714285714286,0.0,40.78125,34.35267857142857,21.69642857142857,16.272321428571427,61.473214285714285
845271,1.0,2,1.0,0.0,0.0,0.0,2.0,3.0,1.0,0.0,0.0,0.0,2.0,0.0,157.0,123.0,208.0,11.0,8.0,0.0,59.0,37.0,322.0,Dylan Bronn,3,2018,2026,5,0.2795031055900621,0.5590062111801242,0.2795031055900621,0.0,0.0,0.5590062111801242,0.2795031055900621,0.0,0.0,0.5590062111801242,0.0,43.88198757763975,34.378881987577635,16.490683229813662,10.341614906832298,58.13664596273291
845286,5.0,31,10.0,13.0,31.0,16.0,33.0,8.0,12.0,1.0,0.0,5.0,19.0,2.0,199.0,151.0,415.0,76.0,58.0,2.0,150.0,111.0,980.0,Ismaïla Sarr,3,2018,2026,11,0.45918367346938777,2.846938775510204,0.9183673469387755,2.846938775510204,1.4693877551020407,3.030612244897959,1.1020408163265305,0.09183673469387754,0.0,1.7448979591836733,0.18367346938775508,18.27551020408163,13.86734693877551,13.775510204081632,10.193877551020408,38.11224489795918
846470,3.0,10,4.0,4.0,8.0,5.0,4.0,2.0,1.0,0.0,0.0,1.0,0.0,0.0,83.0,52.0,143.0,35.0,22.0,0.0,40.0,22.0,565.0,Youssef En-Nesyri,2,2018,2022,8,0.4778761061946903,1.592920353982301,0.6371681415929203,1.2743362831858407,0.7964601769911505,0.6371681415929203,0.1592920353982301,0.0,0.0,0.0,0.0,13.221238938053098,8.283185840707965,6.371681415929204,3.504424778761062,22.778761061946902
847030,0.0,4,2.0,1.0,10.0,5.0,7.0,7.0,1.0,0.0,0.0,0.0,5.0,1.0,354.0,312.0,545.0,50.0,32.0,0.0,129.0,105.0,853.0,Noussair Mazraoui,2,2022,2026,11,0.0,0.4220398593200469,0.21101992966002345,1.0550996483001172,0.5275498241500586,0.738569753810082,0.10550996483001172,0.0,0.0,0.5275498241500586,0.10550996483001172,37.35052754982415,32.91910902696366,13.610785463071512,11.07854630715123,57.50293083235639
847151,0.0,3,1.0,1.0,10.0,9.0,7.0,13.0,3.0,0.0,1.0,0.0,1.0,0.0,419.0,353.0,553.0,54.0,39.0,0.0,194.0,144.0,682.0,Edson Álvarez,3,2018,2026,10,0.0,0.3958944281524927,0.13196480938416422,1.3196480938416422,1.187683284457478,0.9237536656891496,0.3958944281524927,0.0,0.13196480938416422,0.13196480938416422,0.0,55.29325513196481,46.58357771260997,25.60117302052786,19.00293255131965,72.97653958944282
847467,0.0,1,0.0,1.0,0.0,0.0,0.0,3.0,0.0,0.0,0.0,0.0,0.0,0.0,205.0,182.0,241.0,7.0,9.0,0.0,66.0,52.0,270.0,Marin Pongračić,1,2026,2026,3,0.0,0.3333333333333333,0.0,0.0,0.0,0.0,0.0,0.0,0.0,0.0,0.0,68.33333333333333,60.666666666666664,22.0,17.333333333333332,80.33333333333333
847938,0.0,2,0.0,2.0,6.0,3.0,8.0,2.0,5.0,0.0,0.0,0.0,10.0,4.0,176.0,140.0,237.0,19.0,12.0,0.0,102.0,77.0,360.0,Aiden O'Neill,1,2026,2026,4,0.0,0.5,0.0,1.5,0.75,2.0,1.25,0.0,0.0,2.5,1.0,44.0,35.0,25.5,19.25,59.25
851671,1.0,17,4.0,7.0,18.0,7.0,15.0,11.0,5.0,2.0,1.0,4.0,8.0,1.0,171.0,134.0,280.0,34.0,35.0,0.0,118.0,86.0,537.0,João Félix,2,2022,2026,7,0.16759776536312848,2.8491620111731844,0.6703910614525139,3.016759776536313,1.1731843575418994,2.5139664804469275,0.8379888268156425,0.33519553072625696,0.16759776536312848,1.3407821229050279,0.16759776536312848,28.65921787709497,22.45810055865922,19.77653631284916,14.41340782122905,46.927374301675975
855810,1.0,7,3.0,2.0,4.0,3.0,1.0,3.0,6.0,0.0,1.0,1.0,8.0,3.0,132.0,114.0,186.0,6.0,21.0,0.0,98.0,85.0,396.0,Timothy Weah,2,2022,2026,6,0.22727272727272727,1.5909090909090908,0.6818181818181818,0.9090909090909091,0.6818181818181818,0.22727272727272727,1.3636363636363635,0.0,0.22727272727272727,1.8181818181818181,0.6818181818181818,29.999999999999996,25.909090909090907,22.27272727272727,19.318181818181817,42.272727272727266
855833,3.0,18,6.0,8.0,19.0,4.0,9.0,7.0,3.0,1.0,2.0,4.0,13.0,1.0,164.0,124.0,288.0,18.0,44.0,2.0,125.0,95.0,502.0,Ferran Torres,2,2022,2026,12,0.5378486055776893,3.2270916334661357,1.0756972111553786,3.406374501992032,0.7171314741035857,1.6135458167330679,0.5378486055776893,0.17928286852589642,0.35856573705179284,2.3306772908366535,0.17928286852589642,29.402390438247014,22.231075697211157,22.410358565737052,17.03187250996016,51.63346613545817
856076,0.0,1,1.0,0.0,5.0,2.0,3.0,7.0,9.0,1.0,2.0,0.0,38.0,9.0,187.0,163.0,321.0,17.0,22.0,0.0,108.0,92.0,351.0,David Raum,2,2022,2026,5,0.0,0.25641025641025644,0.25641025641025644,1.2820512820512822,0.5128205128205129,0.7692307692307693,2.307692307692308,0.25641025641025644,0.5128205128205129,9.743589743589745,2.307692307692308,47.94871794871795,41.794871794871796,27.692307692307693,23.58974358974359,82.3076923076923
856250,1.0,5,1.0,3.0,1.0,1.0,2.0,6.0,2.0,0.0,1.0,0.0,2.0,1.0,162.0,137.0,207.0,21.0,12.0,0.0,57.0,37.0,270.0,Ladislav Krejčí,1,2026,2026,3,0.3333333333333333,1.6666666666666667,0.3333333333333333,0.3333333333333333,0.3333333333333333,0.6666666666666666,0.6666666666666666,0.0,0.3333333333333333,0.6666666666666666,0.3333333333333333,54.0,45.666666666666664,19.0,12.333333333333334,69.0
856714,1.0,6,3.0,2.0,10.0,5.0,2.0,7.0,18.0,2.0,3.0,0.0,48.0,16.0,649.0,607.0,795.0,30.0,23.0,0.0,314.0,282.0,976.0,Declan Rice,2,2022,2026,12,0.09221311475409835,0.5532786885245902,0.2766393442622951,0.9221311475409836,0.4610655737704918,0.1844262295081967,1.6598360655737705,0.1844262295081967,0.2766393442622951,4.426229508196721,1.4754098360655736,59.846311475409834,55.9733606557377,28.954918032786885,26.004098360655735,73.30942622950819
859025,1.0,9,2.0,3.0,6.0,4.0,13.0,12.0,10.0,1.0,2.0,0.0,5.0,0.0,735.0,665.0,874.0,57.0,25.0,0.0,407.0,360.0,983.0,Aurélien Tchouaméni,2,2022,2026,11,0.09155645981688708,0.8240081383519837,0.18311291963377416,0.5493387589013224,0.3662258392675483,1.190233977619532,0.9155645981688708,0.09155645981688708,0.18311291963377416,0.4577822990844354,0.0,67.293997965412,60.88504577822991,37.26347914547304,32.960325534079345,80.02034587995931
859999,1.0,5,2.0,1.0,6.0,5.0,7.0,9.0,3.0,1.0,2.0,0.0,3.0,0.0,613.0,559.0,734.0,42.0,22.0,0.0,284.0,244.0,927.0,Lisandro Martínez,2,2022,2026,12,0.0970873786407767,0.48543689320388345,0.1941747572815534,0.5825242718446602,0.48543689320388345,0.6796116504854368,0.2912621359223301,0.0970873786407767,0.1941747572815534,0.2912621359223301,0.0,59.51456310679611,54.27184466019417,27.57281553398058,23.689320388349515,71.26213592233009
860307,0.0,0,0.0,0.0,0.0,0.0,2.0,3.0,1.0,1.0,0.0,0.0,1.0,0.0,143.0,132.0,208.0,14.0,8.0,0.0,68.0,64.0,309.0,Facundo Medina,1,2026,2026,5,0.0,0.0,0.0,0.0,0.0,0.5825242718446603,0.29126213592233013,0.29126213592233013,0.0,0.29126213592233013,0.0,41.650485436893206,38.44660194174757,19.80582524271845,18.64077669902913,60.58252427184466
862967,6.0,15,9.0,2.0,24.0,8.0,8.0,11.0,13.0,1.0,1.0,0.0,45.0,11.0,212.0,157.0,398.0,40.0,53.0,0.0,175.0,127.0,824.0,Cody Gakpo,2,2022,2026,9,0.6553398058252428,1.6383495145631068,0.9830097087378641,2.621359223300971,0.8737864077669903,0.8737864077669903,1.4199029126213594,0.1092233009708738,0.1092233009708738,4.915048543689321,1.2014563106796117,23.155339805825243,17.148058252427184,19.114077669902915,13.871359223300972,43.47087378640777
863653,0.0,0,0.0,0.0,5.0,2.0,1.0,1.0,3.0,0.0,0.0,0.0,6.0,1.0,105.0,83.0,211.0,17.0,11.0,0.0,65.0,50.0,355.0,Aaron Wan-Bissaka,1,2026,2026,4,0.0,0.0,0.0,1.2676056338028168,0.5070422535211268,0.2535211267605634,0.7605633802816901,0.0,0.0,1.5211267605633803,0.2535211267605634,26.619718309859152,21.04225352112676,16.47887323943662,12.676056338028168,53.49295774647887
865500,0.0,5,0.0,3.0,9.0,7.0,5.0,4.0,13.0,3.0,4.0,0.0,38.0,10.0,198.0,163.0,299.0,22.0,17.0,0.0,148.0,118.0,447.0,Roberto Alvarado,2,2022,2026,6,0.0,1.006711409395973,0.0,1.8120805369127517,1.4093959731543624,1.006711409395973,2.61744966442953,0.6040268456375839,0.8053691275167785,7.651006711409396,2.013422818791946,39.86577181208054,32.81879194630872,29.798657718120804,23.758389261744966,60.20134228187919
865740,0.0,0,0.0,0.0,0.0,0.0,1.0,7.0,2.0,0.0,1.0,0.0,0.0,0.0,170.0,139.0,202.0,16.0,10.0,0.0,61.0,39.0,270.0,Chris Mepham,1,2022,2022,3,0.0,0.0,0.0,0.0,0.0,0.3333333333333333,0.6666666666666666,0.0,0.3333333333333333,0.0,0.0,56.666666666666664,46.333333333333336,20.333333333333332,13.0,67.33333333333333
866469,0.0,13,4.0,4.0,9.0,4.0,9.0,6.0,10.0,4.0,3.0,4.0,18.0,3.0,243.0,207.0,345.0,28.0,24.0,0.0,160.0,129.0,486.0,Bruno Guimarães,2,2022,2026,7,0.0,2.4074074074074074,0.7407407407407407,1.6666666666666665,0.7407407407407407,1.6666666666666665,1.8518518518518516,0.7407407407407407,0.5555555555555555,3.333333333333333,0.5555555555555555,45.0,38.33333333333333,29.629629629629626,23.888888888888886,63.888888888888886
867475,1.0,5,1.0,2.0,7.0,3.0,3.0,6.0,10.0,0.0,0.0,1.0,5.0,0.0,77.0,59.0,110.0,15.0,25.0,0.0,58.0,41.0,360.0,Abdelkarim Krimau,1,1986,1986,4,0.25,1.25,0.25,1.75,0.75,0.75,2.5,0.0,0.0,1.25,0.0,19.25,14.75,14.5,10.25,27.5
868812,5.0,26,15.0,7.0,48.0,21.0,17.0,4.0,17.0,3.0,3.0,5.0,24.0,2.0,220.0,187.0,404.0,44.0,52.0,1.0,188.0,156.0,743.0,Vinícius Júnior,2,2022,2026,9,0.6056527590847913,3.1493943472409147,1.816958277254374,5.814266487213997,2.5437415881561236,2.0592193808882904,2.0592193808882904,0.3633916554508748,0.3633916554508748,2.9071332436069985,0.24226110363391654,26.648721399730817,22.651413189771194,22.772543741588155,18.89636608344549,48.93674293405114
869038,0.0,0,0.0,0.0,5.0,1.0,1.0,3.0,0.0,0.0,0.0,0.0,7.0,2.0,83.0,66.0,152.0,14.0,12.0,0.0,43.0,29.0,270.0,Nouhou Tolo,1,2022,2022,3,0.0,0.0,0.0,1.6666666666666667,0.3333333333333333,0.3333333333333333,0.0,0.0,0.0,2.3333333333333335,0.6666666666666666,27.666666666666668,22.0,14.333333333333334,9.666666666666666,50.666666666666664
869792,0.0,1,0.0,0.0,0.0,0.0,3.0,1.0,3.0,1.0,1.0,0.0,3.0,2.0,430.0,412.0,485.0,24.0,7.0,0.0,176.0,167.0,450.0,Gabriel Magalhães,1,2026,2026,5,0.0,0.2,0.0,0.0,0.0,0.6,0.6,0.2,0.2,0.6,0.4,86.0,82.4,35.2,33.4,97.0
870360,2.0,3,2.0,1.0,0.0,0.0,1.0,9.0,3.0,0.0,2.0,1.0,8.0,2.0,186.0,165.0,281.0,14.0,16.0,1.0,79.0,66.0,399.0,Daniel Muñoz,1,2026,2026,5,0.45112781954887216,0.6766917293233082,0.45112781954887216,0.0,0.0,0.22556390977443608,0.6766917293233082,0.0,0.45112781954887216,1.8045112781954886,0.45112781954887216,41.95488721804511,37.21804511278195,17.81954887218045,14.887218045112782,63.38345864661654
871886,1.0,3,1.0,2.0,3.0,3.0,3.0,7.0,2.0,0.0,0.0,0.0,2.0,1.0,228.0,194.0,279.0,24.0,13.0,0.0,106.0,83.0,365.0,Ao Tanaka,2,2022,2026,6,0.24657534246575344,0.7397260273972603,0.24657534246575344,0.7397260273972603,0.7397260273972603,0.7397260273972603,0.4931506849315069,0.0,0.0,0.4931506849315069,0.24657534246575344,56.21917808219178,47.83561643835617,26.136986301369863,20.465753424657535,68.79452054794521
872919,2.0,9,5.0,1.0,16.0,7.0,8.0,10.0,14.0,2.0,3.0,3.0,38.0,9.0,181.0,134.0,305.0,26.0,32.0,0.0,138.0,97.0,578.0,Rubén Vargas,2,2022,2026,10,0.31141868512110726,1.4013840830449826,0.7785467128027681,2.491349480968858,1.0899653979238755,1.245674740484429,2.179930795847751,0.31141868512110726,0.4671280276816609,5.916955017301038,1.4013840830449826,28.183391003460205,20.865051903114185,21.4878892733564,15.103806228373701,47.49134948096886
873106,0.0,1,0.0,1.0,1.0,0.0,0.0,10.0,3.0,0.0,0.0,0.0,9.0,2.0,251.0,222.0,319.0,12.0,20.0,0.0,133.0,112.0,405.0,Hiroki Itō,2,2022,2026,5,0.0,0.2222222222222222,0.0,0.2222222222222222,0.0,0.0,0.6666666666666666,0.0,0.0,2.0,0.4444444444444444,55.77777777777778,49.333333333333336,29.555555555555557,24.88888888888889,70.88888888888889
873534,0.0,4,1.0,3.0,11.0,8.0,8.0,8.0,6.0,0.0,1.0,0.0,16.0,9.0,329.0,291.0,443.0,35.0,28.0,0.0,233.0,205.0,572.0,Krépin Diatta,2,2022,2026,7,0.0,0.6293706293706294,0.15734265734265734,1.7307692307692308,1.2587412587412588,1.2587412587412588,0.9440559440559441,0.0,0.15734265734265734,2.5174825174825175,1.4160839160839163,51.76573426573427,45.78671328671329,36.66083916083916,32.25524475524476,69.7027972027972
873554,0.0,11,1.0,4.0,18.0,8.0,8.0,3.0,3.0,0.0,0.0,1.0,5.0,0.0,76.0,62.0,149.0,22.0,21.0,0.0,55.0,43.0,326.0,Omar Marmoush,1,2026,2026,5,0.0,3.03680981595092,0.27607361963190186,4.969325153374233,2.208588957055215,2.208588957055215,0.8282208588957055,0.0,0.0,1.3803680981595092,0.0,20.98159509202454,17.116564417177916,15.184049079754601,11.871165644171779,41.13496932515337
877102,0.0,1,0.0,1.0,0.0,0.0,0.0,2.0,1.0,0.0,0.0,0.0,0.0,0.0,158.0,137.0,186.0,9.0,4.0,0.0,29.0,19.0,354.0,Nayef Aguerd,1,2022,2022,4,0.0,0.2542372881355932,0.0,0.0,0.0,0.0,0.2542372881355932,0.0,0.0,0.0,0.0,40.16949152542373,34.83050847457627,7.372881355932204,4.830508474576272,47.28813559322034
877103,0.0,2,1.0,0.0,0.0,0.0,4.0,1.0,0.0,0.0,0.0,0.0,0.0,0.0,163.0,145.0,208.0,14.0,2.0,1.0,39.0,31.0,308.0,Jawad El Yamiq,1,2022,2022,6,0.0,0.5844155844155845,0.29220779220779225,0.0,0.0,1.168831168831169,0.0,0.0,0.0,0.0,0.0,47.629870129870135,42.37012987012987,11.396103896103897,9.058441558441558,60.77922077922078
877994,0.0,1,0.0,1.0,3.0,2.0,13.0,4.0,2.0,0.0,0.0,0.0,0.0,0.0,535.0,513.0,607.0,30.0,13.0,0.0,249.0,237.0,669.0,Marc Guéhi,1,2026,2026,8,0.0,0.13452914798206278,0.0,0.40358744394618834,0.26905829596412556,1.748878923766816,0.26905829596412556,0.0,0.0,0.0,0.0,71.97309417040358,69.01345291479821,33.497757847533634,31.883408071748878,81.6591928251121
878081,0.0,4,4.0,0.0,6.0,2.0,3.0,11.0,0.0,0.0,0.0,1.0,0.0,0.0,47.0,33.0,90.0,19.0,30.0,0.0,29.0,17.0,356.0,Ermedin Demirović,1,2026,2026,4,0.0,1.0112359550561798,1.0112359550561798,1.5168539325842696,0.5056179775280899,0.7584269662921348,0.0,0.0,0.0,0.0,0.0,11.882022471910112,8.342696629213483,7.331460674157303,4.297752808988764,22.752808988764045
879346,0.0,8,3.0,3.0,7.0,4.0,0.0,3.0,1.0,0.0,0.0,2.0,0.0,0.0,95.0,85.0,137.0,9.0,15.0,1.0,47.0,39.0,270.0,Scott McTominay,1,2026,2026,3,0.0,2.6666666666666665,1.0,2.3333333333333335,1.3333333333333333,0.0,0.3333333333333333,0.0,0.0,0.0,0.0,31.666666666666668,28.333333333333332,15.666666666666666,13.0,45.666666666666664
879349,0.0,1,0.0,0.0,10.0,3.0,4.0,4.0,2.0,1.0,0.0,0.0,13.0,3.0,150.0,133.0,203.0,12.0,13.0,0.0,109.0,95.0,352.0,Pedro Neto,1,2026,2026,5,0.0,0.2556818181818182,0.0,2.556818181818182,0.7670454545454546,1.0227272727272727,0.5113636363636364,0.2556818181818182,0.0,3.3238636363636367,0.7670454545454546,38.35227272727273,34.00568181818182,27.869318181818183,24.289772727272727,51.90340909090909
879618,0.0,2,1.0,1.0,0.0,0.0,3.0,5.0,0.0,0.0,0.0,0.0,0.0,0.0,254.0,226.0,329.0,19.0,21.0,0.0,69.0,56.0,540.0,Montassar Talbi,2,2022,2026,6,0.0,0.3333333333333333,0.16666666666666666,0.0,0.0,0.5,0.0,0.0,0.0,0.0,0.0,42.333333333333336,37.666666666666664,11.5,9.333333333333334,54.833333333333336
879694,2.0,12,5.0,2.0,5.0,0.0,5.0,7.0,5.0,1.0,0.0,0.0,4.0,2.0,220.0,184.0,293.0,20.0,28.0,0.0,134.0,111.0,388.0,Pape Gueye,2,2022,2026,7,0.4639175257731959,2.7835051546391756,1.1597938144329898,1.1597938144329898,0.0,1.1597938144329898,1.1597938144329898,0.23195876288659795,0.0,0.9278350515463918,0.4639175257731959,51.03092783505155,42.680412371134025,31.082474226804127,25.747422680412374,67.9639175257732
879802,0.0,8,3.0,4.0,9.0,8.0,4.0,0.0,7.0,0.0,2.0,0.0,11.0,5.0,101.0,85.0,157.0,16.0,8.0,2.0,73.0,62.0,315.0,John Yeboah,1,2026,2026,4,0.0,2.2857142857142856,0.8571428571428571,2.5714285714285716,2.2857142857142856,1.1428571428571428,2.0,0.0,0.5714285714285714,3.142857142857143,1.4285714285714286,28.857142857142858,24.285714285714285,20.857142857142858,17.714285714285715,44.857142857142854
881117,1.0,4,2.0,1.0,2.0,2.0,6.0,3.0,6.0,0.0,0.0,0.0,5.0,1.0,193.0,176.0,247.0,17.0,14.0,0.0,87.0,74.0,270.0,Teboho Mokoena,1,2026,2026,3,0.3333333333333333,1.3333333333333333,0.6666666666666666,0.6666666666666666,0.6666666666666666,2.0,2.0,0.0,0.0,1.6666666666666667,0.3333333333333333,64.33333333333333,58.666666666666664,29.0,24.666666666666668,82.33333333333333
881831,1.0,5,2.0,3.0,0.0,0.0,3.0,4.0,1.0,0.0,1.0,0.0,2.0,1.0,201.0,155.0,266.0,22.0,14.0,0.0,92.0,65.0,436.0,Abdulelah Al-Amri,2,2022,2026,6,0.20642201834862386,1.0321100917431194,0.41284403669724773,0.0,0.0,0.6192660550458716,0.20642201834862386,0.0,0.20642201834862386,0.41284403669724773,0.20642201834862386,41.4908256880734,31.9954128440367,18.990825688073397,13.417431192660551,54.90825688073395
881837,0.0,0,0.0,0.0,0.0,0.0,6.0,2.0,0.0,0.0,0.0,0.0,0.0,0.0,140.0,110.0,189.0,15.0,9.0,0.0,46.0,26.0,393.0,Hassan Tambakti,2,2022,2026,5,0.0,0.0,0.0,0.0,0.0,1.3740458015267176,0.0,0.0,0.0,0.0,0.0,32.06106870229008,25.19083969465649,10.534351145038169,5.954198473282443,43.282442748091604
881844,0.0,4,0.0,2.0,3.0,1.0,3.0,8.0,4.0,1.0,0.0,0.0,16.0,6.0,131.0,95.0,237.0,15.0,22.0,1.0,59.0,35.0,377.0,Ángelo Preciado,2,2022,2026,7,0.0,0.9549071618037135,0.0,0.7161803713527851,0.23872679045092837,0.7161803713527851,0.9549071618037135,0.23872679045092837,0.0,3.819628647214854,1.4323607427055702,31.273209549071616,22.679045092838194,14.084880636604774,8.355437665782492,56.57824933687002
881848,0.0,1,0.0,1.0,1.0,0.0,0.0,1.0,1.0,1.0,1.0,0.0,0.0,0.0,206.0,168.0,235.0,11.0,7.0,0.0,54.0,27.0,283.0,Félix Torres,2,2022,2026,4,0.0,0.31802120141342755,0.0,0.31802120141342755,0.0,0.0,0.31802120141342755,0.31802120141342755,0.31802120141342755,0.0,0.0,65.51236749116607,53.42756183745583,17.17314487632509,8.586572438162545,74.73498233215548
881931,0.0,10,2.0,6.0,11.0,7.0,4.0,14.0,13.0,0.0,1.0,2.0,13.0,3.0,357.0,282.0,478.0,25.0,40.0,0.0,274.0,209.0,719.0,Weston McKennie,2,2022,2026,9,0.0,1.2517385257301807,0.25034770514603616,1.376912378303199,0.8762169680111266,0.5006954102920723,1.627260083449235,0.0,0.12517385257301808,1.627260083449235,0.37552155771905427,44.68706536856745,35.2990264255911,34.29763560500695,26.16133518776078,59.83310152990264
883537,1.0,19,6.0,4.0,16.0,4.0,9.0,7.0,10.0,1.0,1.0,3.0,4.0,1.0,162.0,138.0,249.0,17.0,35.0,1.0,138.0,116.0,478.0,Luis Díaz,1,2026,2026,5,0.1882845188284519,3.577405857740586,1.1297071129707112,3.0125523012552304,0.7531380753138076,1.694560669456067,1.882845188284519,0.1882845188284519,0.1882845188284519,0.7531380753138076,0.1882845188284519,30.502092050209207,25.98326359832636,25.98326359832636,21.84100418410042,46.88284518828452
884189,0.0,5,1.0,4.0,5.0,4.0,12.0,5.0,1.0,0.0,0.0,1.0,5.0,3.0,165.0,121.0,281.0,32.0,19.0,1.0,73.0,43.0,533.0,Pedro Miguel,2,2022,2026,6,0.0,0.8442776735459662,0.16885553470919323,0.8442776735459662,0.6754221388367729,2.026266416510319,0.16885553470919323,0.0,0.0,0.8442776735459662,0.5065666041275797,27.861163227016885,20.43151969981238,12.326454033771107,7.26078799249531,47.4484052532833
885908,0.0,1,0.0,0.0,4.0,2.0,1.0,3.0,3.0,0.0,1.0,0.0,10.0,3.0,168.0,151.0,241.0,14.0,13.0,0.0,98.0,85.0,327.0,Reece James,1,2026,2026,5,0.0,0.27522935779816515,0.0,1.1009174311926606,0.5504587155963303,0.27522935779816515,0.8256880733944955,0.0,0.27522935779816515,2.7522935779816513,0.8256880733944955,46.23853211009175,41.559633027522935,26.972477064220183,23.394495412844037,66.3302752293578
886223,1.0,7,1.0,3.0,3.0,3.0,8.0,3.0,14.0,0.0,3.0,0.0,46.0,16.0,370.0,326.0,492.0,28.0,16.0,0.0,274.0,235.0,517.0,Stephen Eustaquio,2,2022,2026,7,0.17408123791102514,1.2185686653771761,0.17408123791102514,0.5222437137330754,0.5222437137330754,1.3926499032882012,2.4371373307543522,0.0,0.5222437137330754,8.007736943907156,2.7852998065764023,64.4100580270793,56.7504835589942,47.69825918762089,40.90909090909091,85.64796905222437
886363,3.0,11,5.0,5.0,5.0,2.0,3.0,1.0,1.0,0.0,0.0,0.0,4.0,0.0,89.0,78.0,148.0,14.0,13.0,0.0,55.0,46.0,293.0,Matheus Cunha,1,2026,2026,5,0.9215017064846417,3.378839590443686,1.5358361774744027,1.5358361774744027,0.6143344709897611,0.9215017064846417,0.30716723549488056,0.0,0.0,1.2286689419795223,0.0,27.33788395904437,23.959044368600683,16.89419795221843,14.129692832764505,45.460750853242324
888854,1.0,5,2.0,0.0,2.0,2.0,0.0,1.0,3.0,0.0,0.0,0.0,8.0,1.0,78.0,58.0,135.0,12.0,14.0,0.0,46.0,30.0,315.0,Connor Metcalfe,1,2026,2026,4,0.2857142857142857,1.4285714285714286,0.5714285714285714,0.5714285714285714,0.5714285714285714,0.0,0.8571428571428571,0.0,0.0,2.2857142857142856,0.2857142857142857,22.285714285714285,16.571428571428573,13.142857142857142,8.571428571428571,38.57142857142857
888906,0.0,0,0.0,0.0,2.0,1.0,0.0,4.0,0.0,0.0,0.0,0.0,0.0,0.0,110.0,98.0,160.0,11.0,8.0,0.0,26.0,18.0,270.0,Yazan Al-Arab,1,2026,2026,3,0.0,0.0,0.0,0.6666666666666666,0.3333333333333333,0.0,0.0,0.0,0.0,0.0,0.0,36.666666666666664,32.666666666666664,8.666666666666666,6.0,53.333333333333336
889378,0.0,2,1.0,1.0,2.0,1.0,3.0,12.0,4.0,2.0,3.0,0.0,7.0,3.0,232.0,194.0,284.0,20.0,22.0,0.0,145.0,117.0,346.0,Nicolas Raskin,1,2026,2026,6,0.0,0.5202312138728323,0.26011560693641617,0.5202312138728323,0.26011560693641617,0.7803468208092486,1.0404624277456647,0.5202312138728323,0.7803468208092486,1.8208092485549132,0.7803468208092486,60.346820809248555,50.46242774566474,37.716763005780344,30.433526011560694,73.87283236994219
889689,1.0,10,3.0,4.0,8.0,2.0,4.0,8.0,4.0,1.0,1.0,0.0,8.0,2.0,460.0,390.0,532.0,17.0,29.0,0.0,276.0,227.0,599.0,Hwang In-beom,2,2022,2026,7,0.15025041736227043,1.5025041736227045,0.4507512520868113,1.2020033388981635,0.30050083472454087,0.6010016694490817,0.6010016694490817,0.15025041736227043,0.15025041736227043,1.2020033388981635,0.30050083472454087,69.1151919866444,58.59766277128547,41.469115191986646,34.10684474123539,79.93322203672787
889785,0.0,1,0.0,1.0,0.0,0.0,2.0,0.0,1.0,0.0,0.0,0.0,1.0,1.0,243.0,220.0,286.0,17.0,8.0,0.0,78.0,59.0,360.0,Johan Vásquez,1,2026,2026,4,0.0,0.25,0.0,0.0,0.0,0.5,0.25,0.0,0.0,0.25,0.25,60.75,55.0,19.5,14.75,71.5
892624,0.0,3,0.0,1.0,1.0,1.0,1.0,8.0,2.0,0.0,0.0,0.0,1.0,0.0,145.0,121.0,187.0,17.0,16.0,0.0,88.0,67.0,333.0,Samuel Moutoussamy,1,2026,2026,4,0.0,0.8108108108108107,0.0,0.27027027027027023,0.27027027027027023,0.27027027027027023,0.5405405405405405,0.0,0.0,0.27027027027027023,0.0,39.189189189189186,32.7027027027027,23.783783783783782,18.10810810810811,50.54054054054054
893307,0.0,2,0.0,1.0,6.0,1.0,6.0,4.0,3.0,1.0,0.0,0.0,2.0,0.0,114.0,76.0,178.0,24.0,33.0,0.0,86.0,49.0,508.0,Firas Al-Buraikan,2,2022,2026,6,0.0,0.3543307086614173,0.0,1.0629921259842519,0.17716535433070865,1.0629921259842519,0.5314960629921259,0.17716535433070865,0.0,0.3543307086614173,0.0,20.196850393700785,13.464566929133857,15.236220472440944,8.681102362204724,31.53543307086614
895324,2.0,20,8.0,8.0,9.0,6.0,25.0,10.0,13.0,2.0,2.0,5.0,3.0,0.0,689.0,624.0,892.0,71.0,73.0,2.0,437.0,393.0,1304.0,Alexis Mac Allister,2,2022,2026,14,0.13803680981595093,1.3803680981595092,0.5521472392638037,0.6211656441717791,0.41411042944785276,1.7254601226993864,0.897239263803681,0.13803680981595093,0.13803680981595093,0.20705521472392638,0.0,47.55368098159509,43.06748466257669,30.161042944785276,27.124233128834355,61.56441717791411
896569,0.0,3,1.0,2.0,1.0,1.0,1.0,2.0,3.0,0.0,0.0,0.0,1.0,0.0,424.0,392.0,469.0,24.0,9.0,0.0,148.0,127.0,514.0,Kim Min-jae,2,2022,2026,6,0.0,0.5252918287937743,0.17509727626459143,0.17509727626459143,0.17509727626459143,0.17509727626459143,0.5252918287937743,0.0,0.0,0.17509727626459143,0.0,74.24124513618676,68.63813229571984,25.914396887159533,22.237354085603112,82.12062256809338
897291,0.0,2,0.0,2.0,3.0,1.0,6.0,5.0,7.0,1.0,1.0,0.0,36.0,8.0,200.0,161.0,358.0,24.0,25.0,0.0,120.0,91.0,499.0,Ismail Jakobs,2,2022,2026,7,0.0,0.36072144288577157,0.0,0.5410821643286573,0.18036072144288579,1.0821643286573146,1.2625250501002003,0.18036072144288579,0.18036072144288579,6.492985971943888,1.4428857715430863,36.07214428857716,29.038076152304612,21.643286573146295,16.412825651302605,64.5691382765531
898741,0.0,1,0.0,0.0,3.0,2.0,5.0,7.0,1.0,0.0,0.0,0.0,2.0,0.0,346.0,300.0,428.0,23.0,30.0,0.0,128.0,101.0,540.0,Yassine Meriah,2,2018,2022,6,0.0,0.16666666666666666,0.0,0.5,0.3333333333333333,0.8333333333333334,0.16666666666666666,0.0,0.0,0.3333333333333333,0.0,57.666666666666664,50.0,21.333333333333332,16.833333333333332,71.33333333333333
902029,0.0,6,2.0,1.0,9.0,6.0,8.0,5.0,3.0,0.0,1.0,0.0,3.0,1.0,504.0,478.0,557.0,21.0,16.0,0.0,294.0,273.0,499.0,Vitinha,2,2022,2026,8,0.0,1.0821643286573146,0.36072144288577157,1.623246492985972,1.0821643286573146,1.4428857715430863,0.5410821643286573,0.0,0.18036072144288579,0.5410821643286573,0.18036072144288579,90.90180360721443,86.2124248496994,53.02605210420842,49.23847695390781,100.46092184368737
904897,0.0,5,0.0,2.0,7.0,2.0,3.0,5.0,2.0,2.0,0.0,0.0,4.0,1.0,128.0,112.0,180.0,12.0,16.0,0.0,86.0,74.0,347.0,Ryan Gravenberch,1,2026,2026,4,0.0,1.296829971181556,0.0,1.8155619596541785,0.5187319884726225,0.7780979827089337,0.5187319884726225,0.5187319884726225,0.0,1.037463976945245,0.25936599423631124,33.19884726224784,29.048991354466857,22.305475504322768,19.19308357348703,46.68587896253602
905352,1.0,5,2.0,2.0,6.0,5.0,1.0,3.0,4.0,1.0,1.0,0.0,10.0,2.0,107.0,95.0,159.0,12.0,6.0,0.0,73.0,62.0,310.0,Keito Nakamura,1,2026,2026,4,0.29032258064516125,1.4516129032258063,0.5806451612903225,1.7419354838709677,1.4516129032258063,0.29032258064516125,1.161290322580645,0.29032258064516125,0.29032258064516125,2.9032258064516125,0.5806451612903225,31.064516129032256,27.58064516129032,21.193548387096772,18.0,46.16129032258064
906021,0.0,9,1.0,2.0,27.0,15.0,6.0,6.0,6.0,1.0,2.0,0.0,12.0,2.0,271.0,240.0,426.0,27.0,39.0,0.0,165.0,141.0,607.0,Sergiño Dest,2,2022,2026,9,0.0,1.3344316309719935,0.14827018121911037,4.003294892915981,2.224052718286656,0.8896210873146623,0.8896210873146623,0.14827018121911037,0.29654036243822074,1.7792421746293245,0.29654036243822074,40.18121911037891,35.584843492586494,24.46457990115321,20.906095551894563,63.163097199341024
906838,1.0,5,1.0,3.0,8.0,6.0,3.0,5.0,2.0,0.0,0.0,0.0,2.0,0.0,160.0,136.0,232.0,22.0,15.0,0.0,61.0,53.0,351.0,Kevin Pina,1,2026,2026,4,0.25641025641025644,1.2820512820512822,0.25641025641025644,2.0512820512820515,1.5384615384615385,0.7692307692307693,0.5128205128205129,0.0,0.0,0.5128205128205129,0.0,41.02564102564103,34.871794871794876,15.64102564102564,13.58974358974359,59.48717948717949
907152,0.0,2,1.0,1.0,2.0,0.0,10.0,5.0,1.0,0.0,0.0,0.0,9.0,1.0,202.0,187.0,261.0,26.0,15.0,0.0,80.0,66.0,270.0,Lewis Ferguson,1,2026,2026,3,0.0,0.6666666666666666,0.3333333333333333,0.6666666666666666,0.0,3.3333333333333335,0.3333333333333333,0.0,0.0,3.0,0.3333333333333333,67.33333333333333,62.333333333333336,26.666666666666668,22.0,87.0
907463,1.0,8,3.0,2.0,8.0,2.0,3.0,3.0,2.0,1.0,2.0,0.0,2.0,0.0,144.0,127.0,205.0,23.0,21.0,1.0,107.0,94.0,272.0,Felix Nmecha,1,2026,2026,4,0.33088235294117646,2.6470588235294117,0.9926470588235294,2.6470588235294117,0.6617647058823529,0.9926470588235294,0.6617647058823529,0.33088235294117646,0.6617647058823529,0.6617647058823529,0.0,47.64705882352941,42.02205882352941,35.404411764705884,31.10294117647059,67.83088235294117
910031,1.0,12,5.0,2.0,6.0,2.0,7.0,13.0,10.0,1.0,1.0,0.0,42.0,6.0,217.0,176.0,334.0,18.0,29.0,1.0,178.0,144.0,487.0,Alex Baena,1,2026,2026,7,0.18480492813141683,2.217659137577002,0.9240246406570841,1.108829568788501,0.36960985626283366,1.2936344969199178,1.8480492813141682,0.18480492813141683,0.18480492813141683,7.7618069815195065,1.108829568788501,40.10266940451745,32.525667351129364,32.8952772073922,26.611909650924023,61.72484599589322
911566,1.0,4,1.0,2.0,1.0,1.0,9.0,15.0,0.0,0.0,0.0,1.0,0.0,0.0,173.0,127.0,352.0,50.0,41.0,0.0,53.0,23.0,744.0,Celso Ayala,2,1998,2002,8,0.12096774193548386,0.48387096774193544,0.12096774193548386,0.12096774193548386,0.12096774193548386,1.0887096774193548,0.0,0.0,0.0,0.0,0.0,20.927419354838708,15.36290322580645,6.411290322580644,2.7822580645161286,42.58064516129032
913654,2.0,7,3.0,4.0,6.0,3.0,9.0,10.0,11.0,0.0,0.0,0.0,24.0,8.0,362.0,323.0,527.0,32.0,26.0,0.0,211.0,180.0,564.0,Pedro Porro,1,2026,2026,6,0.3191489361702128,1.1170212765957448,0.4787234042553192,0.9574468085106383,0.4787234042553192,1.4361702127659575,1.7553191489361701,0.0,0.0,3.8297872340425534,1.2765957446808511,57.765957446808514,51.54255319148936,33.670212765957444,28.72340425531915,84.09574468085107
913679,0.0,3,1.0,1.0,4.0,2.0,0.0,5.0,1.0,0.0,0.0,1.0,0.0,0.0,197.0,173.0,244.0,12.0,11.0,0.0,105.0,86.0,336.0,Pathé Ismaël Ciss,2,2022,2026,7,0.0,0.8035714285714286,0.26785714285714285,1.0714285714285714,0.5357142857142857,0.0,0.26785714285714285,0.0,0.0,0.0,0.0,52.76785714285714,46.339285714285715,28.125,23.035714285714285,65.35714285714286
914213,0.0,9,0.0,5.0,5.0,1.0,8.0,7.0,2.0,1.0,1.0,0.0,2.0,1.0,53.0,40.0,102.0,16.0,26.0,0.0,40.0,28.0,332.0,Luis Javier Suárez,1,2026,2026,5,0.0,2.439759036144578,0.0,1.355421686746988,0.2710843373493976,2.1686746987951806,0.5421686746987951,0.2710843373493976,0.2710843373493976,0.5421686746987951,0.2710843373493976,14.36746987951807,10.843373493975903,10.843373493975903,7.590361445783132,27.65060240963855
914902,1.0,6,4.0,1.0,25.0,8.0,10.0,4.0,6.0,3.0,2.0,1.0,8.0,2.0,104.0,86.0,211.0,24.0,39.0,0.0,80.0,65.0,399.0,Anthony Gordon,1,2026,2026,6,0.22556390977443608,1.3533834586466165,0.9022556390977443,5.639097744360902,1.8045112781954886,2.255639097744361,1.3533834586466165,0.6766917293233082,0.45112781954887216,1.8045112781954886,0.45112781954887216,23.45864661654135,19.398496240601503,18.045112781954888,14.661654135338345,47.59398496240601
917087,0.0,9,2.0,4.0,15.0,12.0,11.0,3.0,11.0,2.0,3.0,0.0,31.0,6.0,220.0,197.0,325.0,31.0,21.0,0.0,150.0,129.0,415.0,Kang-in Lee,2,2022,2026,7,0.0,1.9518072289156627,0.4337349397590362,3.2530120481927716,2.6024096385542173,2.385542168674699,2.385542168674699,0.4337349397590362,0.6506024096385543,6.722891566265061,1.3012048192771086,47.71084337349398,42.72289156626506,32.53012048192771,27.975903614457835,70.48192771084338
918506,0.0,2,0.0,2.0,4.0,3.0,3.0,5.0,1.0,0.0,0.0,0.0,1.0,0.0,198.0,171.0,254.0,26.0,21.0,0.0,112.0,90.0,359.0,Mohanad Lasheen,1,2026,2026,4,0.0,0.5013927576601671,0.0,1.0027855153203342,0.7520891364902507,0.7520891364902507,0.25069637883008355,0.0,0.0,0.25069637883008355,0.0,49.637883008356546,42.86908077994429,28.077994428969358,22.56267409470752,63.67688022284123
919027,0.0,1,0.0,1.0,5.0,3.0,1.0,9.0,1.0,0.0,0.0,0.0,9.0,1.0,143.0,89.0,281.0,34.0,28.0,0.0,71.0,40.0,469.0,Ali Abdi,2,2022,2026,6,0.0,0.19189765458422176,0.0,0.9594882729211087,0.5756929637526652,0.19189765458422176,0.19189765458422176,0.0,0.0,1.7270788912579957,0.19189765458422176,27.441364605543708,17.078891257995735,13.624733475479744,7.67590618336887,53.92324093816631
919677,0.0,2,0.0,2.0,0.0,0.0,3.0,8.0,5.0,1.0,2.0,0.0,8.0,4.0,104.0,79.0,171.0,7.0,21.0,0.0,52.0,35.0,316.0,Yahia Attiyat Allah,1,2022,2022,6,0.0,0.569620253164557,0.0,0.0,0.0,0.8544303797468354,1.4240506329113924,0.2848101265822785,0.569620253164557,2.278481012658228,1.139240506329114,29.620253164556964,22.5,14.810126582278482,9.968354430379748,48.70253164556962
920514,0.0,0,0.0,0.0,1.0,1.0,4.0,2.0,2.0,0.0,0.0,0.0,0.0,0.0,111.0,95.0,142.0,12.0,5.0,0.0,38.0,24.0,270.0,Jerome Opoku,1,2026,2026,3,0.0,0.0,0.0,0.3333333333333333,0.3333333333333333,1.3333333333333333,0.6666666666666666,0.0,0.0,0.0,0.0,37.0,31.666666666666668,12.666666666666666,8.0,47.333333333333336
921263,0.0,0,0.0,0.0,4.0,2.0,0.0,1.0,3.0,0.0,1.0,0.0,15.0,6.0,203.0,177.0,327.0,18.0,11.0,0.0,113.0,95.0,431.0,Kim Moon-hwan,2,2022,2026,5,0.0,0.0,0.0,0.8352668213457077,0.41763341067285387,0.0,0.6264501160092808,0.0,0.20881670533642693,3.1322505800464038,1.2529002320185616,42.38979118329466,36.96055684454757,23.59628770301624,19.837587006960558,68.2830626450116
924871,0.0,5,2.0,3.0,4.0,1.0,4.0,3.0,3.0,0.0,1.0,3.0,5.0,2.0,80.0,53.0,138.0,18.0,33.0,0.0,63.0,41.0,397.0,Darwin Núñez,2,2022,2026,6,0.0,1.1335012594458438,0.4534005037783375,0.906801007556675,0.22670025188916876,0.906801007556675,0.6801007556675063,0.0,0.22670025188916876,1.1335012594458438,0.4534005037783375,18.1360201511335,12.015113350125944,14.28211586901763,9.294710327455919,31.284634760705288
924889,0.0,3,0.0,2.0,0.0,0.0,2.0,2.0,0.0,0.0,0.0,0.0,1.0,0.0,186.0,161.0,213.0,9.0,14.0,0.0,109.0,91.0,270.0,Sebastián Cáceres,1,2026,2026,3,0.0,1.0,0.0,0.0,0.0,0.6666666666666666,0.0,0.0,0.0,0.3333333333333333,0.0,62.0,53.666666666666664,36.333333333333336,30.333333333333332,71.0
926560,0.0,3,1.0,1.0,3.0,0.0,1.0,4.0,2.0,0.0,0.0,0.0,3.0,1.0,153.0,127.0,202.0,6.0,19.0,0.0,93.0,74.0,285.0,Hidemasa Morita,1,2022,2022,3,0.0,0.9473684210526316,0.31578947368421056,0.9473684210526316,0.0,0.31578947368421056,0.6315789473684211,0.0,0.0,0.9473684210526316,0.31578947368421056,48.31578947368421,40.10526315789474,29.36842105263158,23.36842105263158,63.78947368421053
927407,0.0,1,0.0,1.0,4.0,4.0,6.0,1.0,2.0,1.0,1.0,0.0,8.0,3.0,169.0,142.0,270.0,21.0,12.0,0.0,67.0,54.0,450.0,Josip Stanišić,2,2022,2026,5,0.0,0.2,0.0,0.8,0.8,1.2,0.4,0.2,0.2,1.6,0.6,33.8,28.4,13.4,10.8,54.0
927845,0.0,1,0.0,1.0,7.0,4.0,0.0,1.0,2.0,1.0,0.0,0.0,0.0,0.0,111.0,85.0,153.0,15.0,10.0,0.0,57.0,36.0,270.0,Noor Al-Rawabdeh,1,2026,2026,3,0.0,0.3333333333333333,0.0,2.3333333333333335,1.3333333333333333,0.0,0.6666666666666666,0.3333333333333333,0.0,0.0,0.0,37.0,28.333333333333332,19.0,12.0,51.0
929620,0.0,7,2.0,2.0,8.0,4.0,8.0,7.0,4.0,0.0,2.0,1.0,14.0,0.0,112.0,80.0,191.0,21.0,29.0,0.0,85.0,62.0,372.0,Fabian Rieder,2,2022,2026,7,0.0,1.693548387096774,0.48387096774193544,1.9354838709677418,0.9677419354838709,1.9354838709677418,0.9677419354838709,0.0,0.48387096774193544,3.387096774193548,0.0,27.096774193548384,19.354838709677416,20.564516129032256,14.999999999999998,46.20967741935483
931278,0.0,1,0.0,1.0,16.0,9.0,4.0,6.0,1.0,0.0,0.0,0.0,8.0,0.0,185.0,162.0,292.0,29.0,17.0,0.0,109.0,94.0,284.0,Rayan Aït-Nouri,1,2026,2026,4,0.0,0.31690140845070425,0.0,5.070422535211268,2.852112676056338,1.267605633802817,0.31690140845070425,0.0,0.0,2.535211267605634,0.0,58.62676056338028,51.33802816901409,34.54225352112676,29.7887323943662,92.53521126760563
931844,0.0,1,0.0,1.0,0.0,0.0,3.0,8.0,0.0,0.0,0.0,0.0,0.0,0.0,299.0,284.0,352.0,22.0,14.0,0.0,106.0,95.0,360.0,Chris Richards,1,2026,2026,4,0.0,0.25,0.0,0.0,0.0,0.75,0.0,0.0,0.0,0.0,0.0,74.75,71.0,26.5,23.75,88.0
932486,0.0,1,0.0,1.0,0.0,0.0,0.0,3.0,2.0,0.0,0.0,0.0,2.0,0.0,134.0,114.0,178.0,8.0,7.0,0.0,45.0,27.0,270.0,Ali Nemati,1,2026,2026,3,0.0,0.3333333333333333,0.0,0.0,0.0,0.0,0.6666666666666666,0.0,0.0,0.6666666666666666,0.0,44.666666666666664,38.0,15.0,9.0,59.333333333333336
933264,0.0,1,1.0,0.0,1.0,1.0,0.0,2.0,0.0,0.0,0.0,1.0,0.0,0.0,301.0,283.0,348.0,13.0,8.0,0.0,75.0,68.0,444.0,Torbjørn Heggem,1,2026,2026,5,0.0,0.2027027027027027,0.2027027027027027,0.2027027027027027,0.2027027027027027,0.0,0.0,0.0,0.0,0.0,0.0,61.01351351351351,57.36486486486486,15.202702702702702,13.783783783783782,70.54054054054053
933433,0.0,1,0.0,1.0,5.0,3.0,8.0,9.0,3.0,0.0,0.0,0.0,8.0,2.0,108.0,77.0,184.0,20.0,19.0,0.0,60.0,41.0,386.0,Homam Al-Amin,2,2022,2026,5,0.0,0.23316062176165803,0.0,1.1658031088082903,0.6994818652849741,1.8652849740932642,0.6994818652849741,0.0,0.0,1.8652849740932642,0.46632124352331605,25.181347150259068,17.95336787564767,13.989637305699482,9.55958549222798,42.90155440414508
934235,6.0,20,12.0,5.0,21.0,9.0,15.0,11.0,13.0,3.0,4.0,1.0,26.0,8.0,199.0,159.0,366.0,46.0,39.0,0.0,148.0,117.0,650.0,Bukayo Saka,2,2022,2026,11,0.8307692307692307,2.769230769230769,1.6615384615384614,2.9076923076923076,1.2461538461538462,2.076923076923077,1.8,0.41538461538461535,0.5538461538461539,3.6,1.1076923076923078,27.553846153846152,22.015384615384615,20.49230769230769,16.2,50.676923076923075
934237,3.0,14,5.0,6.0,5.0,2.0,8.0,3.0,0.0,0.0,0.0,2.0,1.0,0.0,49.0,30.0,100.0,12.0,21.0,1.0,39.0,23.0,314.0,Folarin Balogun,1,2026,2026,4,0.8598726114649682,4.012738853503184,1.4331210191082802,1.4331210191082802,0.5732484076433121,2.2929936305732483,0.0,0.0,0.0,0.28662420382165604,0.0,14.044585987261147,8.598726114649681,11.178343949044585,6.592356687898089,28.662420382165603
934354,0.0,7,0.0,3.0,10.0,4.0,4.0,6.0,1.0,0.0,0.0,1.0,5.0,0.0,65.0,51.0,131.0,16.0,29.0,0.0,41.0,29.0,387.0,Antoine Semenyo,2,2022,2026,6,0.0,1.627906976744186,0.0,2.3255813953488373,0.9302325581395349,0.9302325581395349,0.23255813953488372,0.0,0.0,1.1627906976744187,0.0,15.116279069767442,11.86046511627907,9.534883720930234,6.744186046511628,30.46511627906977
934386,0.0,3,1.0,2.0,29.0,15.0,19.0,4.0,5.0,0.0,0.0,0.0,9.0,3.0,106.0,82.0,203.0,35.0,31.0,0.0,89.0,68.0,329.0,Jérémy Doku,2,2022,2026,6,0.0,0.8206686930091186,0.2735562310030395,7.933130699088146,4.103343465045593,5.197568389057751,1.3677811550151977,0.0,0.0,2.462006079027356,0.8206686930091186,28.99696048632219,22.43161094224924,24.346504559270517,18.601823708206688,55.53191489361702
934841,0.0,0,0.0,0.0,2.0,1.0,3.0,0.0,0.0,0.0,0.0,0.0,0.0,0.0,199.0,182.0,236.0,17.0,8.0,0.0,75.0,62.0,270.0,Kamal Miller,1,2022,2022,3,0.0,0.0,0.0,0.6666666666666666,0.3333333333333333,1.0,0.0,0.0,0.0,0.0,0.0,66.33333333333333,60.666666666666664,25.0,20.666666666666668,78.66666666666667
935564,3.0,26,9.0,7.0,5.0,1.0,6.0,5.0,3.0,0.0,0.0,2.0,3.0,0.0,166.0,117.0,271.0,15.0,34.0,0.0,131.0,89.0,613.0,Jonathan David,2,2022,2026,8,0.4404567699836868,3.8172920065252858,1.3213703099510603,0.734094616639478,0.1468189233278956,0.8809135399673736,0.4404567699836868,0.0,0.0,0.4404567699836868,0.0,24.371941272430668,17.177814029363784,19.233278955954322,13.06688417618271,39.78792822185971
936047,0.0,0,0.0,0.0,4.0,3.0,10.0,4.0,1.0,0.0,0.0,0.0,3.0,1.0,163.0,150.0,257.0,22.0,10.0,0.0,64.0,55.0,360.0,Khuliso Mudau,1,2026,2026,4,0.0,0.0,0.0,1.0,0.75,2.5,0.25,0.0,0.0,0.75,0.25,40.75,37.5,16.0,13.75,64.25
937937,1.0,10,6.0,4.0,22.0,9.0,10.0,9.0,10.0,0.0,0.0,2.0,25.0,4.0,223.0,183.0,377.0,38.0,57.0,1.0,148.0,117.0,629.0,Gonzalo Plata,2,2022,2026,7,0.14308426073131955,1.4308426073131955,0.8585055643879174,3.14785373608903,1.287758346581876,1.4308426073131955,1.4308426073131955,0.0,0.0,3.5771065182829886,0.5723370429252782,31.90779014308426,26.184419713831478,21.176470588235293,16.740858505564386,53.94276629570747
940751,0.0,14,5.0,4.0,39.0,13.0,10.0,4.0,4.0,0.0,2.0,0.0,28.0,4.0,358.0,266.0,645.0,50.0,63.0,1.0,194.0,128.0,801.0,Hussein Al Sulaimani,3,1998,2006,9,0.0,1.5730337078651684,0.5617977528089887,4.382022471910112,1.4606741573033708,1.1235955056179774,0.449438202247191,0.0,0.2247191011235955,3.1460674157303368,0.449438202247191,40.2247191011236,29.8876404494382,21.797752808988765,14.382022471910112,72.47191011235955
941168,0.0,1,0.0,1.0,2.0,2.0,1.0,4.0,2.0,0.0,0.0,0.0,0.0,0.0,361.0,345.0,416.0,16.0,15.0,0.0,162.0,148.0,507.0,William Saliba,2,2022,2026,7,0.0,0.17751479289940827,0.0,0.35502958579881655,0.35502958579881655,0.17751479289940827,0.35502958579881655,0.0,0.0,0.0,0.0,64.08284023668638,61.242603550295854,28.75739644970414,26.272189349112423,73.84615384615384
944068,0.0,0,0.0,0.0,3.0,2.0,4.0,3.0,5.0,1.0,1.0,0.0,2.0,0.0,198.0,183.0,233.0,14.0,14.0,0.0,97.0,86.0,346.0,Erik Lira,1,2026,2026,4,0.0,0.0,0.0,0.7803468208092486,0.5202312138728323,1.0404624277456647,1.300578034682081,0.26011560693641617,0.26011560693641617,0.5202312138728323,0.0,51.5028901734104,47.60115606936416,25.23121387283237,22.36994219653179,60.60693641618497
944327,2.0,16,8.0,5.0,19.0,10.0,16.0,5.0,2.0,0.0,0.0,2.0,11.0,1.0,92.0,70.0,213.0,37.0,27.0,0.0,68.0,49.0,408.0,Dan Ndoye,1,2026,2026,6,0.4411764705882353,3.5294117647058822,1.7647058823529411,4.1911764705882355,2.2058823529411766,3.5294117647058822,0.4411764705882353,0.0,0.0,2.4264705882352944,0.22058823529411764,20.294117647058822,15.441176470588236,15.0,10.808823529411764,46.98529411764706
944656,5.0,22,13.0,5.0,9.0,3.0,6.0,24.0,7.0,0.0,0.0,4.0,5.0,2.0,324.0,268.0,472.0,23.0,69.0,0.0,229.0,188.0,1068.0,Julián Alvarez,2,2022,2026,15,0.42134831460674155,1.8539325842696628,1.095505617977528,0.7584269662921348,0.25280898876404495,0.5056179775280899,0.5898876404494382,0.0,0.0,0.42134831460674155,0.16853932584269662,27.303370786516854,22.584269662921347,19.297752808988765,15.842696629213483,39.7752808988764
945798,0.0,2,2.0,0.0,11.0,6.0,5.0,3.0,0.0,0.0,0.0,1.0,6.0,0.0,175.0,152.0,307.0,32.0,19.0,0.0,104.0,87.0,402.0,Djed Spence,1,2026,2026,8,0.0,0.44776119402985076,0.44776119402985076,2.462686567164179,1.3432835820895521,1.1194029850746268,0.0,0.0,0.0,1.3432835820895521,0.0,39.179104477611936,34.02985074626866,23.283582089552237,19.477611940298505,68.73134328358209
946158,1.0,2,1.0,1.0,0.0,0.0,1.0,6.0,2.0,0.0,0.0,0.0,0.0,0.0,151.0,109.0,188.0,11.0,15.0,0.0,70.0,41.0,270.0,Mohammed Salisu,1,2022,2022,3,0.3333333333333333,0.6666666666666666,0.3333333333333333,0.0,0.0,0.3333333333333333,0.6666666666666666,0.0,0.0,0.0,0.0,50.333333333333336,36.333333333333336,23.333333333333332,13.666666666666666,62.666666666666664
948261,0.0,3,1.0,0.0,8.0,5.0,5.0,5.0,7.0,1.0,2.0,0.0,5.0,1.0,121.0,101.0,175.0,17.0,18.0,0.0,82.0,66.0,349.0,Morgan Rogers,1,2026,2026,7,0.0,0.7736389684813754,0.25787965616045844,2.0630372492836675,1.2893982808022924,1.2893982808022924,1.8051575931232091,0.25787965616045844,0.5157593123209169,1.2893982808022924,0.25787965616045844,31.20343839541547,26.045845272206304,21.146131805157594,17.020057306590257,45.12893982808023
954836,0.0,1,0.0,1.0,3.0,2.0,1.0,2.0,0.0,0.0,0.0,0.0,1.0,1.0,335.0,303.0,387.0,15.0,10.0,0.0,102.0,76.0,450.0,Josip Šutalo,2,2022,2026,5,0.0,0.2,0.0,0.6,0.4,0.2,0.0,0.0,0.0,0.2,0.2,67.0,60.6,20.4,15.2,77.4
957615,0.0,0,0.0,0.0,0.0,0.0,0.0,6.0,0.0,0.0,0.0,0.0,1.0,0.0,122.0,108.0,138.0,6.0,12.0,0.0,34.0,23.0,270.0,Robin Hranáč,1,2026,2026,3,0.0,0.0,0.0,0.0,0.0,0.0,0.0,0.0,0.0,0.3333333333333333,0.0,40.666666666666664,36.0,11.333333333333334,7.666666666666667,46.0
958959,0.0,0,0.0,0.0,5.0,4.0,4.0,17.0,0.0,0.0,0.0,0.0,1.0,1.0,307.0,278.0,375.0,24.0,22.0,0.0,137.0,119.0,390.0,Jurriën Timber,1,2022,2022,4,0.0,0.0,0.0,1.153846153846154,0.9230769230769231,0.9230769230769231,0.0,0.0,0.0,0.23076923076923078,0.23076923076923078,70.84615384615385,64.15384615384616,31.615384615384617,27.461538461538463,86.53846153846155
960080,1.0,8,3.0,3.0,2.0,1.0,3.0,3.0,1.0,0.0,0.0,1.0,1.0,0.0,51.0,39.0,93.0,10.0,19.0,0.0,43.0,32.0,320.0,Boulaye Dia,1,2022,2022,4,0.28125,2.25,0.84375,0.5625,0.28125,0.84375,0.28125,0.0,0.0,0.28125,0.0,14.34375,10.96875,12.09375,9.0,26.15625
960441,3.0,6,5.0,0.0,8.0,4.0,4.0,2.0,6.0,1.0,0.0,0.0,3.0,0.0,108.0,77.0,189.0,27.0,27.0,0.0,92.0,63.0,368.0,Charles De Ketelaere,2,2022,2026,6,0.7336956521739131,1.4673913043478262,1.2228260869565217,1.956521739130435,0.9782608695652175,0.9782608695652175,1.4673913043478262,0.24456521739130438,0.0,0.7336956521739131,0.0,26.41304347826087,18.831521739130437,22.5,15.407608695652176,46.22282608695652
962012,1.0,3,2.0,1.0,0.0,0.0,2.0,4.0,2.0,0.0,0.0,0.0,1.0,0.0,371.0,343.0,416.0,22.0,13.0,0.0,217.0,192.0,390.0,Jan Paul van Hecke,1,2026,2026,4,0.23076923076923078,0.6923076923076924,0.46153846153846156,0.0,0.0,0.46153846153846156,0.46153846153846156,0.0,0.0,0.23076923076923078,0.0,85.61538461538463,79.15384615384616,50.07692307692308,44.307692307692314,96.0
964994,1.0,3,1.0,1.0,3.0,1.0,9.0,10.0,1.0,0.0,0.0,1.0,1.0,0.0,601.0,537.0,725.0,27.0,24.0,0.0,215.0,165.0,852.0,Joško Gvardiol,2,2022,2026,11,0.1056338028169014,0.31690140845070425,0.1056338028169014,0.31690140845070425,0.1056338028169014,0.9507042253521126,0.1056338028169014,0.0,0.0,0.1056338028169014,0.0,63.485915492957744,56.725352112676056,22.711267605633804,17.429577464788732,76.58450704225352
965263,0.0,3,1.0,2.0,2.0,2.0,3.0,1.0,1.0,0.0,0.0,0.0,1.0,0.0,214.0,168.0,275.0,26.0,18.0,0.0,91.0,57.0,360.0,Gustaf Lagerbielke,1,2026,2026,4,0.0,0.75,0.25,0.5,0.5,0.75,0.25,0.0,0.0,0.25,0.0,53.5,42.0,22.75,14.25,68.75
966547,0.0,6,1.0,1.0,13.0,5.0,3.0,2.0,9.0,0.0,3.0,1.0,21.0,8.0,91.0,80.0,173.0,14.0,15.0,0.0,73.0,63.0,288.0,Noni Madueke,1,2026,2026,5,0.0,1.875,0.3125,4.0625,1.5625,0.9375,2.8125,0.0,0.9375,6.5625,2.5,28.4375,25.0,22.8125,19.6875,54.0625
966797,0.0,2,1.0,1.0,8.0,2.0,14.0,13.0,2.0,0.0,0.0,0.0,6.0,1.0,320.0,272.0,464.0,51.0,39.0,0.0,135.0,105.0,495.0,José Salvador Carmona,2,1998,2002,6,0.0,0.36363636363636365,0.18181818181818182,1.4545454545454546,0.36363636363636365,2.5454545454545454,0.36363636363636365,0.0,0.0,1.0909090909090908,0.18181818181818182,58.18181818181818,49.45454545454545,24.545454545454547,19.09090909090909,84.36363636363636
966849,0.0,3,0.0,1.0,4.0,3.0,7.0,11.0,3.0,0.0,0.0,0.0,14.0,2.0,187.0,146.0,323.0,34.0,25.0,0.0,108.0,85.0,539.0,Saud Abdulhamid,2,2022,2026,6,0.0,0.5009276437847866,0.0,0.6679035250463822,0.5009276437847866,1.1688311688311688,0.5009276437847866,0.0,0.0,2.3376623376623376,0.3339517625231911,31.224489795918366,24.37847866419295,18.03339517625232,14.192949907235622,53.93320964749536
967032,2.0,10,2.0,6.0,10.0,3.0,13.0,2.0,4.0,0.0,0.0,2.0,4.0,1.0,205.0,174.0,287.0,24.0,23.0,0.0,132.0,107.0,366.0,Emam Ashour,1,2026,2026,5,0.49180327868852464,2.459016393442623,0.49180327868852464,2.459016393442623,0.7377049180327869,3.19672131147541,0.9836065573770493,0.0,0.0,0.9836065573770493,0.24590163934426232,50.40983606557377,42.786885245901644,32.459016393442624,26.311475409836067,70.57377049180329
971553,0.0,2,1.0,1.0,3.0,1.0,7.0,10.0,2.0,0.0,0.0,0.0,11.0,1.0,210.0,146.0,363.0,35.0,22.0,0.0,126.0,80.0,540.0,Yong Lee,2,2014,2018,6,0.0,0.3333333333333333,0.16666666666666666,0.5,0.16666666666666666,1.1666666666666667,0.3333333333333333,0.0,0.0,1.8333333333333333,0.16666666666666666,35.0,24.333333333333332,21.0,13.333333333333334,60.5
973290,0.0,11,3.0,4.0,33.0,12.0,14.0,11.0,7.0,1.0,1.0,3.0,25.0,5.0,160.0,124.0,330.0,36.0,62.0,0.0,127.0,100.0,641.0,Tajon Buchanan,2,2022,2026,8,0.0,1.544461778471139,0.421216848673947,4.633385335413417,1.684867394695788,1.965678627145086,0.982839313572543,0.140405616224649,0.140405616224649,3.510140405616225,0.702028081123245,22.46489859594384,17.410296411856475,17.83151326053042,14.0405616224649,46.33385335413417
973437,0.0,0,0.0,0.0,1.0,1.0,1.0,0.0,0.0,0.0,0.0,0.0,0.0,0.0,150.0,142.0,177.0,9.0,4.0,0.0,37.0,33.0,280.0,Odilon Kossounou,1,2026,2026,4,0.0,0.0,0.0,0.3214285714285714,0.3214285714285714,0.3214285714285714,0.0,0.0,0.0,0.0,0.0,48.214285714285715,45.64285714285714,11.892857142857142,10.607142857142858,56.89285714285714
973556,1.0,8,1.0,4.0,29.0,13.0,9.0,3.0,6.0,2.0,2.0,1.0,5.0,3.0,72.0,57.0,165.0,27.0,37.0,0.0,40.0,30.0,387.0,Julio Enciso,1,2026,2026,5,0.23255813953488372,1.8604651162790697,0.23255813953488372,6.744186046511628,3.0232558139534884,2.0930232558139537,1.3953488372093024,0.46511627906976744,0.46511627906976744,1.1627906976744187,0.6976744186046512,16.74418604651163,13.255813953488373,9.30232558139535,6.976744186046512,38.372093023255815
974087,0.0,6,2.0,2.0,9.0,2.0,7.0,6.0,3.0,0.0,0.0,1.0,1.0,0.0,264.0,243.0,319.0,18.0,23.0,0.0,198.0,182.0,386.0,Manu Koné,1,2026,2026,5,0.0,1.3989637305699483,0.46632124352331605,2.098445595854922,0.46632124352331605,1.6321243523316062,0.6994818652849741,0.0,0.0,0.23316062176165803,0.0,61.554404145077726,56.6580310880829,46.16580310880829,42.43523316062176,74.37823834196891
974505,3.0,20,7.0,7.0,17.0,10.0,12.0,19.0,10.0,1.0,1.0,0.0,7.0,3.0,979.0,888.0,1176.0,68.0,67.0,1.0,559.0,493.0,1226.0,Enzo Fernández,2,2022,2026,14,0.2202283849918434,1.468189233278956,0.5138662316476346,1.2479608482871125,0.734094616639478,0.8809135399673736,0.734094616639478,0.0734094616639478,0.0734094616639478,0.5138662316476346,0.2202283849918434,71.86786296900489,65.18760195758564,41.03588907014682,36.190864600326265,86.3295269168026
975798,2.0,8,4.0,1.0,14.0,6.0,13.0,3.0,7.0,1.0,2.0,1.0,14.0,4.0,150.0,118.0,277.0,31.0,37.0,0.0,103.0,74.0,365.0,Malik Tillman,1,2026,2026,5,0.4931506849315069,1.9726027397260275,0.9863013698630138,3.452054794520548,1.4794520547945207,3.205479452054795,1.726027397260274,0.24657534246575344,0.4931506849315069,3.452054794520548,0.9863013698630138,36.986301369863014,29.095890410958905,25.397260273972606,18.246575342465754,68.3013698630137
976037,0.0,1,0.0,1.0,0.0,0.0,0.0,1.0,0.0,0.0,0.0,0.0,0.0,0.0,205.0,174.0,237.0,5.0,6.0,0.0,56.0,31.0,356.0,Jakub Kiwior,1,2022,2022,4,0.0,0.25280898876404495,0.0,0.0,0.0,0.0,0.0,0.0,0.0,0.0,0.0,51.82584269662921,43.98876404494382,14.157303370786517,7.837078651685393,59.91573033707865
976575,0.0,3,0.0,1.0,1.0,1.0,1.0,1.0,1.0,0.0,0.0,0.0,3.0,1.0,154.0,141.0,195.0,14.0,4.0,0.0,74.0,67.0,315.0,Nicolas Seiwald,1,2026,2026,4,0.0,0.8571428571428571,0.0,0.2857142857142857,0.2857142857142857,0.2857142857142857,0.2857142857142857,0.0,0.0,0.8571428571428571,0.2857142857142857,44.0,40.285714285714285,21.142857142857142,19.142857142857142,55.714285714285715
978838,0.0,20,5.0,9.0,33.0,16.0,16.0,5.0,18.0,7.0,7.0,3.0,21.0,5.0,411.0,356.0,590.0,48.0,44.0,2.0,312.0,262.0,650.0,Michael Olise,1,2026,2026,8,0.0,2.769230769230769,0.6923076923076923,4.569230769230769,2.2153846153846155,2.2153846153846155,2.4923076923076923,0.9692307692307692,0.9692307692307692,2.9076923076923076,0.6923076923076923,56.90769230769231,49.292307692307695,43.2,36.276923076923076,81.6923076923077
979480,0.0,1,1.0,0.0,1.0,1.0,2.0,3.0,1.0,0.0,0.0,0.0,0.0,0.0,240.0,219.0,296.0,20.0,12.0,0.0,77.0,63.0,360.0,Willian Pacho,1,2026,2026,4,0.0,0.25,0.25,0.25,0.25,0.5,0.25,0.0,0.0,0.0,0.0,60.0,54.75,19.25,15.75,74.0
983815,0.0,4,1.0,2.0,10.0,4.0,3.0,9.0,3.0,0.0,0.0,0.0,8.0,0.0,172.0,149.0,233.0,18.0,22.0,0.0,110.0,90.0,345.0,Yunus Musah,1,2022,2022,4,0.0,1.0434782608695652,0.2608695652173913,2.608695652173913,1.0434782608695652,0.7826086956521738,0.7826086956521738,0.0,0.0,2.0869565217391304,0.0,44.869565217391305,38.869565217391305,28.695652173913043,23.478260869565215,60.78260869565217
984419,0.0,7,3.0,2.0,7.0,4.0,7.0,10.0,12.0,0.0,3.0,2.0,27.0,6.0,340.0,271.0,553.0,27.0,29.0,0.0,214.0,164.0,720.0,Alistair Johnston,2,2022,2026,8,0.0,0.875,0.375,0.875,0.5,0.875,1.5,0.0,0.375,3.375,0.75,42.5,33.875,26.75,20.5,69.125
985823,2.0,9,4.0,3.0,3.0,2.0,4.0,7.0,4.0,1.0,1.0,1.0,0.0,0.0,50.0,34.0,106.0,14.0,25.0,0.0,35.0,23.0,369.0,Ayase Ueda,2,2022,2026,5,0.48780487804878053,2.1951219512195124,0.9756097560975611,0.7317073170731708,0.48780487804878053,0.9756097560975611,0.9756097560975611,0.24390243902439027,0.24390243902439027,0.0,0.0,12.195121951219512,8.292682926829269,8.536585365853659,5.609756097560976,25.853658536585368
987650,1.0,7,2.0,3.0,6.0,1.0,9.0,9.0,9.0,0.0,3.0,0.0,16.0,6.0,452.0,393.0,545.0,29.0,27.0,0.0,272.0,226.0,629.0,Moisés Caicedo,2,2022,2026,7,0.14308426073131955,1.0015898251192368,0.2861685214626391,0.8585055643879174,0.14308426073131955,1.287758346581876,1.287758346581876,0.0,0.4292527821939587,2.289348171701113,0.8585055643879174,64.67408585055644,56.232114467408586,38.91891891891892,32.33704292527822,77.98092209856915
988218,0.0,3,0.0,3.0,11.0,5.0,8.0,9.0,4.0,0.0,0.0,1.0,2.0,0.0,44.0,31.0,91.0,18.0,41.0,0.0,35.0,24.0,270.0,Hossam Hassan,1,1990,1990,3,0.0,1.0,0.0,3.6666666666666665,1.6666666666666667,2.6666666666666665,1.3333333333333333,0.0,0.0,0.6666666666666666,0.0,14.666666666666666,10.333333333333334,11.666666666666666,8.0,30.333333333333332
989768,1.0,3,1.0,0.0,21.0,8.0,14.0,3.0,12.0,0.0,4.0,0.0,21.0,6.0,276.0,243.0,428.0,35.0,33.0,1.0,175.0,148.0,439.0,Nuno Mendes,2,2022,2026,6,0.20501138952164008,0.6150341685649202,0.20501138952164008,4.305239179954442,1.6400911161731206,2.870159453302961,2.460136674259681,0.0,0.8200455580865603,4.305239179954442,1.2300683371298404,56.58314350797266,49.81776765375854,35.876993166287015,30.34168564920273,87.74487471526196
989801,0.0,2,1.0,1.0,9.0,5.0,6.0,9.0,1.0,0.0,0.0,0.0,10.0,1.0,109.0,66.0,253.0,45.0,30.0,0.0,50.0,22.0,439.0,Juan Cáceres,1,2026,2026,5,0.0,0.41002277904328016,0.20501138952164008,1.8451025056947608,1.0250569476082003,1.2300683371298404,0.20501138952164008,0.0,0.0,2.0501138952164006,0.20501138952164008,22.346241457858767,13.530751708428244,10.250569476082005,4.5102505694760815,51.867881548974935
991011,8.0,24,16.0,5.0,39.0,24.0,22.0,14.0,14.0,2.0,4.0,4.0,12.0,1.0,492.0,424.0,731.0,83.0,71.0,1.0,291.0,241.0,1031.0,Jude Bellingham,2,2022,2026,13,0.6983511154219204,2.0950533462657615,1.3967022308438408,3.404461687681862,2.0950533462657615,1.9204655674102813,1.2221144519883609,0.1745877788554801,0.3491755577109602,1.0475266731328807,0.08729388942774005,42.948593598448106,37.012609117361784,25.402521823472355,21.037827352085355,63.81183317167798
991421,2.0,11,4.0,3.0,35.0,22.0,20.0,6.0,15.0,0.0,4.0,0.0,7.0,2.0,573.0,494.0,747.0,55.0,40.0,0.0,332.0,278.0,1007.0,Azzedine Ounahi,2,2022,2026,13,0.17874875868917578,0.9831181727904668,0.35749751737835156,3.128103277060576,1.9662363455809335,1.787487586891758,1.3406156901688184,0.0,0.35749751737835156,0.6256206554121152,0.17874875868917578,51.21151936444886,44.15094339622642,29.67229394240318,24.846077457795435,66.76266137040716
992587,0.0,5,2.0,1.0,18.0,10.0,8.0,6.0,18.0,0.0,3.0,0.0,14.0,3.0,901.0,809.0,1057.0,39.0,39.0,0.0,680.0,602.0,856.0,Pedri,2,2022,2026,12,0.0,0.5257009345794392,0.2102803738317757,1.8925233644859814,1.0514018691588785,0.8411214953271028,1.8925233644859814,0.0,0.31542056074766356,1.47196261682243,0.31542056074766356,94.73130841121495,85.05841121495327,71.49532710280374,63.294392523364486,111.13317757009345
994546,0.0,7,1.0,3.0,3.0,3.0,13.0,9.0,4.0,1.0,1.0,0.0,8.0,3.0,453.0,398.0,574.0,56.0,32.0,0.0,272.0,228.0,634.0,Elliot Anderson,1,2026,2026,8,0.0,0.9936908517350158,0.14195583596214512,0.42586750788643535,0.42586750788643535,1.8454258675078865,0.5678233438485805,0.14195583596214512,0.14195583596214512,1.135646687697161,0.42586750788643535,64.30599369085174,56.49842271293375,38.61198738170347,32.36593059936909,81.4826498422713
996952,3.0,10,5.0,4.0,22.0,13.0,1.0,5.0,8.0,1.0,1.0,1.0,3.0,1.0,125.0,108.0,200.0,25.0,25.0,0.0,103.0,88.0,384.0,Bradley Barcola,1,2026,2026,8,0.703125,2.34375,1.171875,5.15625,3.046875,0.234375,1.875,0.234375,0.234375,0.703125,0.234375,29.296875,25.3125,24.140625,20.625,46.875
997152,0.0,10,6.0,2.0,3.0,3.0,2.0,7.0,5.0,0.0,1.0,1.0,12.0,3.0,218.0,181.0,313.0,14.0,15.0,0.0,121.0,91.0,443.0,Maxim De Cuyper,1,2026,2026,6,0.0,2.0316027088036117,1.218961625282167,0.6094808126410834,0.6094808126410834,0.4063205417607223,1.0158013544018059,0.0,0.20316027088036115,2.437923250564334,0.6094808126410834,44.28893905191873,36.77200902934537,24.5823927765237,18.487584650112865,63.589164785553045
1002033,0.0,1,0.0,1.0,1.0,0.0,5.0,6.0,3.0,0.0,0.0,0.0,12.0,5.0,140.0,126.0,224.0,17.0,13.0,0.0,75.0,67.0,277.0,Guéla Doué,1,2026,2026,4,0.0,0.3249097472924188,0.0,0.3249097472924188,0.0,1.6245487364620939,0.9747292418772563,0.0,0.0,3.898916967509025,1.6245487364620939,45.48736462093863,40.938628158844764,24.368231046931406,21.768953068592058,72.7797833935018
1002448,0.0,2,0.0,2.0,0.0,0.0,2.0,7.0,0.0,0.0,0.0,1.0,2.0,1.0,205.0,182.0,253.0,17.0,13.0,0.0,81.0,66.0,270.0,Han-Beom Lee,1,2026,2026,3,0.0,0.6666666666666666,0.0,0.0,0.0,0.6666666666666666,0.0,0.0,0.0,0.6666666666666666,0.3333333333333333,68.33333333333333,60.666666666666664,27.0,22.0,84.33333333333333
1002524,0.0,4,1.0,3.0,3.0,0.0,5.0,2.0,9.0,1.0,1.0,0.0,6.0,3.0,302.0,269.0,363.0,23.0,22.0,0.0,197.0,174.0,360.0,Pedro Vite,1,2026,2026,4,0.0,1.0,0.25,0.75,0.0,1.25,2.25,0.25,0.25,1.5,0.75,75.5,67.25,49.25,43.5,90.75
1002837,0.0,3,0.0,2.0,5.0,1.0,5.0,10.0,3.0,0.0,1.0,1.0,16.0,1.0,369.0,314.0,502.0,38.0,32.0,0.0,167.0,127.0,611.0,Piero Hincapié,2,2022,2026,7,0.0,0.44189852700491,0.0,0.7364975450081833,0.14729950900163666,0.7364975450081833,0.44189852700491,0.0,0.14729950900163666,2.3567921440261865,0.14729950900163666,54.35351882160393,46.252045826513914,24.599018003273322,18.707037643207855,73.9443535188216
1006147,0.0,2,2.0,0.0,4.0,0.0,0.0,0.0,4.0,0.0,0.0,1.0,14.0,5.0,113.0,84.0,192.0,17.0,25.0,0.0,75.0,52.0,392.0,Anis Ben Slimane,2,2022,2026,5,0.0,0.4591836734693878,0.4591836734693878,0.9183673469387756,0.0,0.0,0.9183673469387756,0.0,0.0,3.2142857142857144,1.1479591836734695,25.94387755102041,19.28571428571429,17.21938775510204,11.938775510204083,44.08163265306123
1009386,0.0,3,1.0,2.0,7.0,3.0,15.0,4.0,5.0,2.0,1.0,0.0,10.0,3.0,121.0,93.0,187.0,28.0,17.0,0.0,86.0,62.0,280.0,Hannibal Mejbri,2,2022,2026,4,0.0,0.9642857142857143,0.3214285714285714,2.25,0.9642857142857143,4.821428571428571,1.6071428571428572,0.6428571428571428,0.3214285714285714,3.2142857142857144,0.9642857142857143,38.89285714285714,29.892857142857142,27.642857142857142,19.928571428571427,60.107142857142854
1010231,1.0,18,4.0,8.0,55.0,34.0,17.0,6.0,12.0,1.0,1.0,2.0,5.0,1.0,210.0,166.0,396.0,60.0,62.0,2.0,164.0,124.0,530.0,Jamal Musiala,2,2022,2026,7,0.16981132075471697,3.0566037735849054,0.6792452830188679,9.339622641509433,5.773584905660377,2.8867924528301887,2.0377358490566038,0.16981132075471697,0.16981132075471697,0.8490566037735848,0.16981132075471697,35.660377358490564,28.188679245283016,27.849056603773583,21.056603773584904,67.24528301886792
1013699,0.0,4,0.0,1.0,3.0,2.0,1.0,8.0,5.0,1.0,1.0,0.0,11.0,4.0,357.0,308.0,432.0,11.0,16.0,0.0,207.0,174.0,434.0,Marwan Attia,1,2026,2026,5,0.0,0.8294930875576038,0.0,0.6221198156682028,0.4147465437788019,0.20737327188940094,1.0368663594470047,0.20737327188940094,0.20737327188940094,2.28110599078341,0.8294930875576038,74.03225806451613,63.87096774193549,42.92626728110599,36.082949308755765,89.58525345622121
1013842,0.0,3,1.0,2.0,1.0,1.0,0.0,0.0,0.0,0.0,0.0,0.0,0.0,0.0,160.0,141.0,201.0,19.0,6.0,0.0,41.0,29.0,270.0,Emmanuel Agbadou,1,2026,2026,3,0.0,1.0,0.3333333333333333,0.3333333333333333,0.3333333333333333,0.0,0.0,0.0,0.0,0.0,0.0,53.333333333333336,47.0,13.666666666666666,9.666666666666666,67.0
1014281,2.0,11,6.0,1.0,5.0,0.0,6.0,8.0,1.0,0.0,0.0,1.0,1.0,0.0,67.0,43.0,112.0,28.0,37.0,0.0,50.0,29.0,304.0,Gue-sung Cho,2,2022,2026,6,0.5921052631578947,3.2565789473684212,1.7763157894736843,1.480263157894737,0.0,1.7763157894736843,0.29605263157894735,0.0,0.0,0.29605263157894735,0.0,19.835526315789473,12.730263157894736,14.802631578947368,8.585526315789474,33.1578947368421
1019047,1.0,7,3.0,3.0,3.0,1.0,11.0,9.0,2.0,0.0,0.0,1.0,22.0,4.0,205.0,133.0,387.0,40.0,37.0,0.0,144.0,87.0,615.0,Álvaro Pereira,2,2010,2014,8,0.14634146341463417,1.024390243902439,0.43902439024390244,0.43902439024390244,0.14634146341463417,1.6097560975609757,0.29268292682926833,0.0,0.0,3.2195121951219514,0.5853658536585367,30.0,19.463414634146343,21.073170731707318,12.731707317073171,56.63414634146342
1019322,0.0,10,1.0,2.0,20.0,11.0,3.0,1.0,12.0,3.0,2.0,2.0,13.0,6.0,256.0,211.0,354.0,24.0,24.0,0.0,207.0,168.0,363.0,Florian Wirtz,1,2026,2026,4,0.0,2.479338842975207,0.24793388429752067,4.958677685950414,2.7272727272727275,0.7438016528925621,2.9752066115702482,0.7438016528925621,0.49586776859504134,3.2231404958677685,1.4876033057851241,63.47107438016529,52.31404958677686,51.32231404958678,41.65289256198347,87.76859504132231
1028307,1.0,1,1.0,0.0,2.0,2.0,1.0,4.0,1.0,1.0,0.0,0.0,1.0,1.0,137.0,124.0,164.0,8.0,14.0,0.0,79.0,71.0,270.0,Kaishu Sano,1,2026,2026,3,0.3333333333333333,0.3333333333333333,0.3333333333333333,0.6666666666666666,0.6666666666666666,0.3333333333333333,0.3333333333333333,0.3333333333333333,0.0,0.3333333333333333,0.3333333333333333,45.666666666666664,41.333333333333336,26.333333333333332,23.666666666666668,54.666666666666664
1031283,0.0,0,0.0,0.0,3.0,1.0,2.0,7.0,1.0,1.0,1.0,0.0,5.0,1.0,170.0,139.0,248.0,15.0,16.0,0.0,81.0,57.0,431.0,David Møller Wolfe,1,2026,2026,5,0.0,0.0,0.0,0.6264501160092808,0.20881670533642693,0.41763341067285387,0.20881670533642693,0.20881670533642693,0.20881670533642693,1.0440835266821347,0.20881670533642693,35.498839907192576,29.02552204176334,16.91415313225058,11.902552204176335,51.78654292343388
1036269,2.0,7,3.0,3.0,7.0,2.0,8.0,4.0,6.0,0.0,1.0,1.0,19.0,5.0,106.0,82.0,183.0,19.0,22.0,0.0,62.0,42.0,341.0,Yasin Ayari,1,2026,2026,4,0.5278592375366569,1.8475073313782993,0.7917888563049854,1.8475073313782993,0.5278592375366569,2.1114369501466275,1.5835777126099708,0.0,0.26392961876832843,5.0146627565982405,1.3196480938416422,27.976539589442815,21.642228739002935,16.363636363636363,11.085043988269796,48.29912023460411
1063767,3.0,10,3.0,3.0,8.0,4.0,3.0,8.0,4.0,0.0,2.0,3.0,5.0,1.0,100.0,83.0,153.0,16.0,21.0,1.0,70.0,57.0,385.0,Ismael Saibari,1,2026,2026,5,0.7012987012987013,2.3376623376623376,0.7012987012987013,1.87012987012987,0.935064935064935,0.7012987012987013,0.935064935064935,0.0,0.4675324675324675,1.1688311688311688,0.23376623376623376,23.376623376623378,19.402597402597404,16.363636363636363,13.324675324675326,35.76623376623377
1064218,0.0,1,0.0,1.0,3.0,2.0,1.0,0.0,1.0,1.0,0.0,0.0,0.0,0.0,229.0,214.0,264.0,10.0,5.0,0.0,50.0,39.0,345.0,Chadi Riad,1,2026,2026,4,0.0,0.2608695652173913,0.0,0.7826086956521738,0.5217391304347826,0.2608695652173913,0.2608695652173913,0.2608695652173913,0.0,0.0,0.0,59.73913043478261,55.826086956521735,13.043478260869565,10.17391304347826,68.8695652173913
1065588,0.0,6,0.0,4.0,7.0,3.0,1.0,5.0,2.0,0.0,0.0,0.0,1.0,0.0,111.0,82.0,182.0,23.0,35.0,0.0,68.0,47.0,307.0,Diego Gómez,1,2026,2026,4,0.0,1.7589576547231272,0.0,2.0521172638436482,0.8794788273615636,0.2931596091205212,0.5863192182410424,0.0,0.0,0.2931596091205212,0.0,32.54071661237785,24.039087947882738,19.93485342019544,13.778501628664495,53.355048859934854
1087359,0.0,2,0.0,2.0,1.0,0.0,3.0,5.0,1.0,0.0,0.0,1.0,0.0,0.0,343.0,322.0,401.0,18.0,15.0,0.0,137.0,122.0,450.0,Renato Veiga,1,2026,2026,5,0.0,0.4,0.0,0.2,0.0,0.6,0.2,0.0,0.0,0.0,0.0,68.6,64.4,27.4,24.4,80.2
1087805,0.0,2,0.0,0.0,1.0,0.0,4.0,6.0,0.0,0.0,0.0,0.0,8.0,2.0,77.0,61.0,161.0,26.0,14.0,0.0,32.0,21.0,280.0,Marvin Senaya,1,2026,2026,4,0.0,0.6428571428571428,0.0,0.3214285714285714,0.0,1.2857142857142856,0.0,0.0,0.0,2.571428571428571,0.6428571428571428,24.75,19.607142857142858,10.285714285714285,6.75,51.75
1090019,1.0,3,1.0,1.0,13.0,10.0,14.0,1.0,4.0,0.0,0.0,0.0,8.0,1.0,97.0,78.0,171.0,30.0,20.0,0.0,66.0,50.0,324.0,Martin Baturina,1,2026,2026,4,0.2777777777777778,0.8333333333333333,0.2777777777777778,3.611111111111111,2.7777777777777777,3.888888888888889,1.1111111111111112,0.0,0.0,2.2222222222222223,0.2777777777777778,26.944444444444443,21.666666666666668,18.333333333333332,13.88888888888889,47.5
1091116,1.0,12,4.0,5.0,8.0,4.0,10.0,3.0,5.0,0.0,1.0,0.0,14.0,4.0,196.0,167.0,271.0,22.0,17.0,0.0,166.0,139.0,270.0,Arda Güler,1,2026,2026,3,0.3333333333333333,4.0,1.3333333333333333,2.6666666666666665,1.3333333333333333,3.3333333333333335,1.6666666666666667,0.0,0.3333333333333333,4.666666666666667,1.3333333333333333,65.33333333333333,55.666666666666664,55.333333333333336,46.333333333333336,90.33333333333333
1091303,1.0,3,2.0,1.0,4.0,2.0,6.0,7.0,4.0,1.0,1.0,0.0,4.0,1.0,128.0,108.0,169.0,14.0,23.0,0.0,67.0,53.0,288.0,Petar Sučić,1,2026,2026,4,0.3125,0.9375,0.625,1.25,0.625,1.875,1.25,0.3125,0.3125,1.25,0.3125,40.0,33.75,20.9375,16.5625,52.8125
1102791,0.0,2,1.0,0.0,9.0,3.0,3.0,6.0,1.0,0.0,0.0,0.0,0.0,0.0,77.0,62.0,160.0,18.0,18.0,0.0,33.0,25.0,270.0,Amar Dedić,1,2026,2026,3,0.0,0.6666666666666666,0.3333333333333333,3.0,1.0,1.0,0.3333333333333333,0.0,0.0,0.0,0.0,25.666666666666668,20.666666666666668,11.0,8.333333333333334,53.333333333333336
1103488,1.0,3,1.0,1.0,10.0,4.0,2.0,4.0,5.0,0.0,2.0,0.0,4.0,0.0,165.0,155.0,242.0,15.0,21.0,0.0,101.0,93.0,333.0,Rafik Belghali,1,2026,2026,4,0.27027027027027023,0.8108108108108107,0.27027027027027023,2.7027027027027026,1.081081081081081,0.5405405405405405,1.3513513513513513,0.0,0.5405405405405405,1.081081081081081,0.0,44.59459459459459,41.89189189189189,27.297297297297295,25.135135135135133,65.4054054054054
1103520,0.0,0,0.0,0.0,1.0,1.0,1.0,2.0,0.0,0.0,0.0,0.0,3.0,0.0,255.0,225.0,296.0,17.0,12.0,0.0,127.0,105.0,270.0,Gi-Hyuk Lee,1,2026,2026,3,0.0,0.0,0.0,0.3333333333333333,0.3333333333333333,0.3333333333333333,0.0,0.0,0.0,1.0,0.0,85.0,75.0,42.333333333333336,35.0,98.66666666666667
1103693,1.0,2,1.0,0.0,5.0,4.0,15.0,11.0,1.0,0.0,0.0,0.0,6.0,1.0,183.0,161.0,257.0,36.0,27.0,0.0,127.0,107.0,369.0,Gavi,2,2022,2026,6,0.24390243902439027,0.48780487804878053,0.24390243902439027,1.2195121951219514,0.9756097560975611,3.658536585365854,0.24390243902439027,0.0,0.0,1.4634146341463417,0.24390243902439027,44.63414634146342,39.268292682926834,30.975609756097565,26.09756097560976,62.6829268292683
1105688,0.0,0,0.0,0.0,1.0,1.0,1.0,5.0,0.0,0.0,0.0,0.0,1.0,0.0,183.0,166.0,224.0,9.0,13.0,0.0,40.0,30.0,270.0,José Córdoba,1,2026,2026,3,0.0,0.0,0.0,0.3333333333333333,0.3333333333333333,0.3333333333333333,0.0,0.0,0.0,0.3333333333333333,0.0,61.0,55.333333333333336,13.333333333333334,10.0,74.66666666666667
1105836,1.0,2,1.0,0.0,8.0,4.0,9.0,10.0,3.0,1.0,1.0,0.0,4.0,1.0,110.0,78.0,202.0,34.0,38.0,0.0,55.0,37.0,388.0,Matías Galarza,1,2026,2026,4,0.23195876288659795,0.4639175257731959,0.23195876288659795,1.8556701030927836,0.9278350515463918,2.0876288659793816,0.6958762886597939,0.23195876288659795,0.23195876288659795,0.9278350515463918,0.23195876288659795,25.515463917525775,18.09278350515464,12.757731958762887,8.582474226804123,46.855670103092784
1110369,0.0,1,0.0,1.0,0.0,0.0,6.0,7.0,2.0,0.0,0.0,0.0,6.0,0.0,94.0,76.0,164.0,17.0,18.0,0.0,56.0,42.0,270.0,Martin Expérience,1,2026,2026,3,0.0,0.3333333333333333,0.0,0.0,0.0,2.0,0.6666666666666666,0.0,0.0,2.0,0.0,31.333333333333332,25.333333333333332,18.666666666666668,14.0,54.666666666666664
1117723,1.0,4,2.0,1.0,8.0,3.0,9.0,2.0,2.0,0.0,0.0,0.0,12.0,2.0,79.0,70.0,177.0,19.0,16.0,0.0,35.0,31.0,286.0,Sidny Lopes Cabral,1,2026,2026,3,0.3146853146853147,1.2587412587412588,0.6293706293706294,2.5174825174825175,0.9440559440559441,2.8321678321678325,0.6293706293706294,0.0,0.0,3.7762237762237763,0.6293706293706294,24.86013986013986,22.02797202797203,11.013986013986015,9.755244755244755,55.6993006993007
1119487,0.0,1,0.0,1.0,2.0,1.0,1.0,6.0,1.0,0.0,0.0,0.0,0.0,0.0,224.0,207.0,271.0,13.0,11.0,0.0,108.0,99.0,336.0,Nathan Ngoy,1,2026,2026,4,0.0,0.26785714285714285,0.0,0.5357142857142857,0.26785714285714285,0.26785714285714285,0.26785714285714285,0.0,0.0,0.0,0.0,60.0,55.44642857142857,28.928571428571427,26.517857142857142,72.58928571428571
1119735,1.0,9,4.0,4.0,22.0,7.0,8.0,8.0,6.0,0.0,0.0,0.0,15.0,5.0,89.0,58.0,191.0,18.0,40.0,1.0,66.0,38.0,431.0,Eric Wynalda,3,1990,1998,8,0.20881670533642693,1.8793503480278422,0.8352668213457077,4.593967517401392,1.4617169373549885,1.6705336426914155,1.2529002320185616,0.0,0.0,3.1322505800464038,1.0440835266821347,18.584686774941996,12.11136890951276,13.781902552204176,7.935034802784223,39.88399071925754
1121923,1.0,6,2.0,1.0,22.0,6.0,5.0,1.0,2.0,0.0,0.0,0.0,7.0,0.0,86.0,62.0,158.0,16.0,29.0,0.0,65.0,45.0,325.0,Antonio Nusa,1,2026,2026,6,0.27692307692307694,1.6615384615384614,0.5538461538461539,6.092307692307692,1.6615384615384614,1.3846153846153846,0.5538461538461539,0.0,0.0,1.9384615384615385,0.0,23.815384615384616,17.16923076923077,18.0,12.461538461538462,43.753846153846155
1125090,0.0,1,0.0,1.0,0.0,0.0,0.0,3.0,0.0,0.0,0.0,0.0,0.0,0.0,242.0,216.0,275.0,11.0,9.0,0.0,62.0,45.0,278.0,Walker Zimmerman,1,2022,2022,4,0.0,0.3237410071942446,0.0,0.0,0.0,0.0,0.0,0.0,0.0,0.0,0.0,78.34532374100719,69.92805755395683,20.071942446043163,14.568345323741006,89.02877697841727
1126569,0.0,6,4.0,1.0,15.0,7.0,7.0,5.0,7.0,0.0,1.0,1.0,10.0,0.0,255.0,202.0,343.0,30.0,26.0,0.0,171.0,133.0,522.0,Bilal El Khannouss,2,2022,2026,7,0.0,1.0344827586206897,0.6896551724137931,2.586206896551724,1.206896551724138,1.206896551724138,1.206896551724138,0.0,0.1724137931034483,1.7241379310344829,0.0,43.96551724137931,34.827586206896555,29.482758620689655,22.931034482758623,59.13793103448276
1128530,0.0,7,2.0,4.0,6.0,2.0,7.0,15.0,3.0,0.0,0.0,1.0,0.0,0.0,442.0,408.0,535.0,30.0,36.0,0.0,201.0,177.0,563.0,Neil El Aynaoui,1,2026,2026,6,0.0,1.119005328596803,0.3197158081705151,0.9591474245115453,0.3197158081705151,1.119005328596803,0.47957371225577267,0.0,0.0,0.0,0.0,70.65719360568384,65.22202486678508,32.13143872113677,28.294849023090585,85.52397868561279
1138857,0.0,0,0.0,0.0,0.0,0.0,2.0,1.0,0.0,0.0,0.0,0.0,0.0,0.0,134.0,110.0,165.0,11.0,7.0,0.0,46.0,33.0,307.0,Ali Al-Bulaihi,2,2018,2022,4,0.0,0.0,0.0,0.0,0.0,0.5863192182410424,0.0,0.0,0.0,0.0,0.0,39.28338762214984,32.24755700325733,13.485342019543975,9.674267100977199,48.371335504886
1142251,0.0,4,1.0,1.0,4.0,2.0,4.0,13.0,3.0,0.0,0.0,0.0,1.0,0.0,256.0,236.0,294.0,9.0,25.0,0.0,172.0,158.0,274.0,Aleksandar Pavlović,1,2026,2026,4,0.0,1.3138686131386863,0.3284671532846716,1.3138686131386863,0.6569343065693432,1.3138686131386863,0.9854014598540146,0.0,0.0,0.3284671532846716,0.0,84.08759124087592,77.51824817518249,56.496350364963504,51.89781021897811,96.56934306569343
1142703,0.0,7,1.0,6.0,8.0,5.0,4.0,6.0,5.0,0.0,1.0,3.0,4.0,1.0,206.0,186.0,301.0,24.0,20.0,1.0,125.0,110.0,462.0,Nico O'Reilly,1,2026,2026,7,0.0,1.3636363636363635,0.1948051948051948,1.5584415584415583,0.9740259740259739,0.7792207792207791,0.9740259740259739,0.0,0.1948051948051948,0.7792207792207791,0.1948051948051948,40.12987012987013,36.23376623376623,24.35064935064935,21.428571428571427,58.63636363636363
1144138,0.0,5,2.0,2.0,15.0,9.0,4.0,4.0,4.0,0.0,0.0,0.0,8.0,3.0,103.0,90.0,199.0,25.0,26.0,0.0,52.0,43.0,309.0,Jordan Bos,1,2026,2026,4,0.0,1.4563106796116505,0.5825242718446603,4.368932038834951,2.621359223300971,1.1650485436893205,1.1650485436893205,0.0,0.0,2.330097087378641,0.8737864077669903,30.000000000000004,26.21359223300971,15.145631067961165,12.524271844660195,57.96116504854369
1154605,1.0,13,8.0,2.0,25.0,9.0,8.0,4.0,13.0,1.0,1.0,2.0,3.0,2.0,195.0,165.0,308.0,29.0,36.0,0.0,144.0,123.0,398.0,Désiré Doué,1,2026,2026,8,0.22613065326633164,2.9396984924623113,1.809045226130653,5.653266331658291,2.0351758793969847,1.809045226130653,2.9396984924623113,0.22613065326633164,0.22613065326633164,0.6783919597989949,0.4522613065326633,44.09547738693467,37.31155778894472,32.562814070351756,27.814070351758794,69.64824120603015
1155423,0.0,3,0.0,2.0,3.0,3.0,4.0,5.0,1.0,0.0,0.0,0.0,3.0,0.0,198.0,157.0,296.0,32.0,15.0,0.0,91.0,62.0,390.0,Alessandro Circati,1,2026,2026,4,0.0,0.6923076923076924,0.0,0.6923076923076924,0.6923076923076924,0.9230769230769231,0.23076923076923078,0.0,0.0,0.6923076923076924,0.0,45.69230769230769,36.23076923076923,21.0,14.307692307692308,68.3076923076923
1159759,1.0,3,2.0,0.0,2.0,1.0,1.0,4.0,5.0,1.0,2.0,0.0,17.0,5.0,122.0,105.0,192.0,16.0,12.0,0.0,83.0,70.0,283.0,Nathaniel Brown,1,2026,2026,3,0.31802120141342755,0.9540636042402827,0.6360424028268551,0.6360424028268551,0.31802120141342755,0.31802120141342755,1.5901060070671378,0.31802120141342755,0.6360424028268551,5.406360424028269,1.5901060070671378,38.79858657243816,33.3922261484099,26.395759717314487,22.26148409893993,61.06007067137809
1167100,1.0,2,1.0,1.0,0.0,0.0,2.0,4.0,1.0,0.0,0.0,0.0,0.0,0.0,150.0,140.0,196.0,7.0,10.0,0.0,33.0,28.0,270.0,Finn Surman,1,2026,2026,3,0.3333333333333333,0.6666666666666666,0.3333333333333333,0.0,0.0,0.6666666666666666,0.3333333333333333,0.0,0.0,0.0,0.0,50.0,46.666666666666664,11.0,9.333333333333334,65.33333333333333
1174889,0.0,14,5.0,4.0,7.0,3.0,8.0,9.0,6.0,1.0,2.0,0.0,2.0,0.0,286.0,263.0,362.0,18.0,23.0,0.0,171.0,155.0,470.0,Gustavo Puerta,1,2026,2026,5,0.0,2.6808510638297873,0.9574468085106382,1.3404255319148937,0.5744680851063829,1.5319148936170213,1.1489361702127658,0.19148936170212766,0.3829787234042553,0.3829787234042553,0.0,54.76595744680851,50.361702127659576,32.744680851063826,29.680851063829788,69.31914893617021
1184541,1.0,4,1.0,3.0,13.0,9.0,1.0,1.0,4.0,1.0,0.0,0.0,4.0,0.0,263.0,233.0,376.0,37.0,16.0,0.0,137.0,120.0,373.0,Alexander Freeman,1,2026,2026,5,0.24128686327077745,0.9651474530831098,0.24128686327077745,3.136729222520107,2.171581769436997,0.24128686327077745,0.9651474530831098,0.24128686327077745,0.0,0.9651474530831098,0.0,63.45844504021447,56.219839142091146,33.056300268096514,28.954423592493296,90.72386058981232
1190933,1.0,3,1.0,2.0,4.0,2.0,4.0,1.0,2.0,0.0,0.0,1.0,2.0,1.0,256.0,245.0,308.0,22.0,9.0,0.0,134.0,125.0,391.0,João Neves,1,2026,2026,5,0.23017902813299235,0.690537084398977,0.23017902813299235,0.9207161125319694,0.4603580562659847,0.9207161125319694,0.4603580562659847,0.0,0.0,0.4603580562659847,0.23017902813299235,58.92583120204604,56.393861892583125,30.843989769820976,28.772378516624045,70.89514066496164
1192318,0.0,9,3.0,4.0,5.0,2.0,2.0,3.0,4.0,0.0,0.0,0.0,6.0,0.0,247.0,218.0,302.0,13.0,14.0,1.0,159.0,134.0,360.0,Farès Chaïbi,1,2026,2026,4,0.0,2.25,0.75,1.25,0.5,0.5,1.0,0.0,0.0,1.5,0.0,61.75,54.5,39.75,33.5,75.5
1194333,0.0,0,0.0,0.0,1.0,1.0,0.0,6.0,0.0,0.0,0.0,0.0,0.0,0.0,94.0,81.0,133.0,8.0,7.0,0.0,29.0,20.0,270.0,Abdukodir Khusanov,1,2026,2026,3,0.0,0.0,0.0,0.3333333333333333,0.3333333333333333,0.0,0.0,0.0,0.0,0.0,0.0,31.333333333333332,27.0,9.666666666666666,6.666666666666667,44.333333333333336
1196902,0.0,9,0.0,3.0,11.0,5.0,11.0,3.0,5.0,0.0,0.0,0.0,25.0,3.0,204.0,140.0,365.0,39.0,29.0,0.0,122.0,79.0,786.0,Ehsan Hajsafi,4,2014,2026,11,0.0,1.0305343511450382,0.0,1.2595419847328246,0.5725190839694657,1.2595419847328246,0.5725190839694657,0.0,0.0,2.8625954198473287,0.3435114503816794,23.3587786259542,16.03053435114504,13.969465648854964,9.045801526717558,41.79389312977099
1198393,1.0,4,1.0,1.0,7.0,2.0,9.0,5.0,3.0,0.0,0.0,0.0,6.0,2.0,121.0,92.0,181.0,16.0,18.0,0.0,75.0,51.0,270.0,Teboho Mokoena,1,2002,2002,3,0.3333333333333333,1.3333333333333333,0.3333333333333333,2.3333333333333335,0.6666666666666666,3.0,1.0,0.0,0.0,2.0,0.6666666666666666,40.333333333333336,30.666666666666668,25.0,17.0,60.333333333333336
1381224,0.0,1,0.0,0.0,3.0,1.0,8.0,3.0,2.0,0.0,0.0,0.0,4.0,3.0,113.0,92.0,195.0,22.0,12.0,0.0,46.0,33.0,270.0,Merchas Doski,1,2026,2026,3,0.0,0.3333333333333333,0.0,1.0,0.3333333333333333,2.6666666666666665,0.6666666666666666,0.0,0.0,1.3333333333333333,1.0,37.666666666666664,30.666666666666668,15.333333333333334,11.0,65.0
1393591,1.0,13,4.0,5.0,20.0,13.0,6.0,13.0,19.0,3.0,5.0,1.0,33.0,11.0,325.0,270.0,466.0,38.0,42.0,1.0,238.0,190.0,658.0,Finidi George,2,1994,1998,8,0.13677811550151975,1.778115501519757,0.547112462006079,2.7355623100303954,1.778115501519757,0.8206686930091186,2.5987841945288754,0.4103343465045593,0.6838905775075989,4.513677811550152,1.5045592705167175,44.452887537993924,36.93009118541033,32.5531914893617,25.987841945288753,63.73860182370821
1402912,1.0,27,12.0,8.0,51.0,27.0,9.0,14.0,7.0,0.0,2.0,1.0,35.0,7.0,267.0,224.0,473.0,47.0,57.0,0.0,220.0,181.0,615.0,Lamine Yamal,1,2026,2026,8,0.14634146341463417,3.951219512195122,1.7560975609756098,7.463414634146342,3.951219512195122,1.3170731707317074,1.024390243902439,0.0,0.29268292682926833,5.121951219512195,1.024390243902439,39.07317073170732,32.78048780487805,32.19512195121951,26.48780487804878,69.21951219512195
1402913,0.0,4,2.0,1.0,0.0,0.0,5.0,4.0,8.0,0.0,0.0,0.0,1.0,0.0,698.0,671.0,777.0,27.0,19.0,0.0,325.0,310.0,750.0,Pau Cubarsí,1,2026,2026,8,0.0,0.48,0.24,0.0,0.0,0.6,0.96,0.0,0.0,0.12,0.0,83.75999999999999,80.52,39.0,37.199999999999996,93.24
1407524,0.0,11,3.0,5.0,23.0,14.0,5.0,1.0,3.0,0.0,0.0,3.0,1.0,0.0,141.0,113.0,219.0,26.0,20.0,0.0,99.0,73.0,351.0,Ibrahim Maza,1,2026,2026,4,0.0,2.8205128205128207,0.7692307692307693,5.897435897435898,3.58974358974359,1.2820512820512822,0.7692307692307693,0.0,0.0,0.25641025641025644,0.0,36.15384615384615,28.974358974358974,25.384615384615387,18.71794871794872,56.15384615384615
1413129,0.0,3,1.0,2.0,0.0,0.0,8.0,8.0,3.0,0.0,0.0,0.0,1.0,0.0,211.0,178.0,277.0,31.0,24.0,0.0,111.0,89.0,372.0,Luc De Fougerolles,1,2026,2026,5,0.0,0.7258064516129031,0.24193548387096772,0.0,0.0,1.9354838709677418,0.7258064516129031,0.0,0.0,0.24193548387096772,0.0,51.048387096774185,43.064516129032256,26.854838709677416,21.532258064516128,67.01612903225806
1418782,2.0,8,3.0,3.0,2.0,0.0,5.0,6.0,6.0,1.0,2.0,0.0,2.0,1.0,81.0,58.0,146.0,15.0,37.0,0.0,49.0,35.0,375.0,Mostafa Ziko,1,2026,2026,5,0.48,1.92,0.72,0.48,0.0,1.2,1.44,0.24,0.48,0.48,0.24,19.439999999999998,13.919999999999998,11.76,8.399999999999999,35.04
1418785,0.0,5,1.0,2.0,10.0,7.0,8.0,19.0,21.0,2.0,3.0,0.0,18.0,2.0,564.0,491.0,786.0,57.0,49.0,0.0,303.0,247.0,960.0,Bobby Moore,2,1966,1970,10,0.0,0.46875,0.09375,0.9375,0.65625,0.75,1.96875,0.1875,0.28125,1.6875,0.1875,52.875,46.03125,28.40625,23.15625,73.6875
1418786,0.0,10,0.0,10.0,5.0,4.0,0.0,15.0,2.0,0.0,0.0,2.0,3.0,0.0,148.0,105.0,311.0,62.0,35.0,1.0,82.0,51.0,660.0,Jack Charlton,2,1966,1970,7,0.0,1.3636363636363638,0.0,0.6818181818181819,0.5454545454545455,0.0,0.27272727272727276,0.0,0.0,0.4090909090909091,0.0,20.181818181818183,14.318181818181818,11.181818181818182,6.954545454545455,42.409090909090914
1418787,0.0,5,0.0,2.0,10.0,4.0,8.0,14.0,5.0,0.0,1.0,0.0,8.0,1.0,192.0,161.0,323.0,42.0,33.0,0.0,126.0,98.0,570.0,Nobby Stiles,1,1966,1966,6,0.0,0.7894736842105263,0.0,1.5789473684210527,0.6315789473684211,1.2631578947368423,0.7894736842105263,0.0,0.15789473684210528,1.2631578947368423,0.15789473684210528,30.315789473684212,25.42105263157895,19.894736842105264,15.473684210526317,51.0
1418788,0.0,0,0.0,0.0,3.0,1.0,2.0,7.0,6.0,0.0,0.0,0.0,38.0,7.0,232.0,198.0,366.0,20.0,16.0,0.0,117.0,88.0,570.0,Ray Wilson,1,1966,1966,6,0.0,0.0,0.0,0.4736842105263158,0.15789473684210528,0.31578947368421056,0.9473684210526316,0.0,0.0,6.0,1.105263157894737,36.631578947368425,31.263157894736842,18.473684210526315,13.894736842105264,57.78947368421053
1418789,0.0,1,0.0,1.0,6.0,1.0,6.0,6.0,7.0,0.0,1.0,0.0,31.0,7.0,158.0,113.0,308.0,28.0,30.0,0.0,94.0,58.0,570.0,George Cohen,1,1966,1966,6,0.0,0.15789473684210528,0.0,0.9473684210526316,0.15789473684210528,0.9473684210526316,1.105263157894737,0.0,0.15789473684210528,4.894736842105264,1.105263157894737,24.947368421052634,17.842105263157894,14.842105263157896,9.157894736842106,48.631578947368425
1418790,3.0,45,14.0,21.0,37.0,21.0,12.0,6.0,19.0,0.0,1.0,1.0,47.0,14.0,455.0,352.0,694.0,58.0,51.0,1.0,352.0,261.0,858.0,Bobby Charlton,2,1966,1970,10,0.3146853146853147,4.72027972027972,1.4685314685314685,3.8811188811188813,2.202797202797203,1.2587412587412588,1.9930069930069931,0.0,0.1048951048951049,4.93006993006993,1.4685314685314685,47.72727272727273,36.92307692307693,36.92307692307693,27.377622377622377,72.7972027972028
1418791,0.0,13,2.0,6.0,40.0,26.0,22.0,21.0,18.0,1.0,1.0,0.0,43.0,7.0,419.0,342.0,641.0,80.0,64.0,2.0,298.0,231.0,715.0,Alan Ball,2,1966,1970,8,0.0,1.6363636363636362,0.2517482517482517,5.034965034965035,3.2727272727272725,2.769230769230769,2.265734265734266,0.12587412587412586,0.12587412587412586,5.4125874125874125,0.8811188811188811,52.74125874125874,43.04895104895105,37.510489510489506,29.076923076923077,80.68531468531468
1418792,3.0,19,6.0,5.0,15.0,7.0,10.0,8.0,8.0,1.0,0.0,0.0,15.0,1.0,113.0,79.0,231.0,31.0,44.0,0.0,88.0,58.0,570.0,Roger Hunt,1,1966,1966,6,0.4736842105263158,3.0,0.9473684210526316,2.368421052631579,1.105263157894737,1.5789473684210527,1.2631578947368423,0.15789473684210528,0.0,2.368421052631579,0.15789473684210528,17.842105263157894,12.473684210526317,13.894736842105264,9.157894736842106,36.473684210526315
1418793,0.0,7,3.0,4.0,14.0,6.0,3.0,4.0,8.0,0.0,1.0,1.0,20.0,6.0,86.0,64.0,159.0,10.0,31.0,0.0,67.0,48.0,270.0,Jimmy Greaves,1,1966,1966,3,0.0,2.3333333333333335,1.0,4.666666666666667,2.0,1.0,2.6666666666666665,0.0,0.3333333333333333,6.666666666666667,2.0,28.666666666666668,21.333333333333332,22.333333333333332,16.0,53.0
1418804,5.0,24,11.0,10.0,11.0,7.0,14.0,10.0,12.0,1.0,0.0,0.0,9.0,0.0,171.0,132.0,290.0,43.0,42.0,0.0,130.0,95.0,600.0,Geoff Hurst,2,1966,1970,6,0.75,3.5999999999999996,1.65,1.65,1.05,2.1,1.7999999999999998,0.15,0.0,1.3499999999999999,0.0,25.65,19.8,19.5,14.25,43.5
1418805,2.0,41,10.0,19.0,19.0,7.0,7.0,24.0,18.0,1.0,0.0,1.0,21.0,7.0,306.0,242.0,524.0,56.0,57.0,0.0,218.0,160.0,830.0,Martin Peters,2,1966,1970,9,0.2168674698795181,4.445783132530121,1.0843373493975905,2.060240963855422,0.7590361445783134,0.7590361445783134,1.9518072289156627,0.10843373493975905,0.0,2.27710843373494,0.7590361445783134,33.18072289156627,26.24096385542169,23.638554216867472,17.34939759036145,56.81927710843374
1418807,0.0,3,1.0,1.0,7.0,5.0,6.0,5.0,3.0,0.0,0.0,0.0,0.0,0.0,97.0,79.0,185.0,23.0,15.0,0.0,47.0,34.0,360.0,Jorge Manicera,1,1966,1966,4,0.0,0.75,0.25,1.75,1.25,1.5,0.75,0.0,0.0,0.0,0.0,24.25,19.75,11.75,8.5,46.25
1418808,0.0,6,2.0,4.0,24.0,12.0,11.0,32.0,12.0,0.0,1.0,0.0,51.0,14.0,406.0,304.0,764.0,66.0,76.0,1.0,245.0,166.0,930.0,Luis Ubiña,2,1966,1970,10,0.0,0.5806451612903225,0.1935483870967742,2.32258064516129,1.161290322580645,1.064516129032258,1.161290322580645,0.0,0.0967741935483871,4.935483870967742,1.3548387096774193,39.29032258064516,29.419354838709676,23.709677419354836,16.064516129032256,73.93548387096774
1418809,0.0,1,0.0,0.0,3.0,3.0,2.0,1.0,0.0,0.0,0.0,0.0,1.0,0.0,86.0,55.0,186.0,23.0,5.0,0.0,30.0,15.0,319.0,Horacio Troche,1,1966,1966,4,0.0,0.2821316614420063,0.0,0.8463949843260189,0.8463949843260189,0.5642633228840126,0.0,0.0,0.0,0.2821316614420063,0.0,24.263322884012542,15.517241379310345,8.463949843260188,4.231974921630094,52.476489028213166
1418810,0.0,3,0.0,2.0,8.0,5.0,7.0,4.0,4.0,0.0,0.0,0.0,6.0,1.0,166.0,129.0,265.0,39.0,19.0,0.0,83.0,63.0,360.0,Néstor Gonçálves,1,1966,1966,4,0.0,0.75,0.0,2.0,1.25,1.75,1.0,0.0,0.0,1.5,0.25,41.5,32.25,20.75,15.75,66.25
1418811,0.0,3,0.0,3.0,4.0,1.0,3.0,2.0,0.0,0.0,0.0,0.0,6.0,0.0,120.0,86.0,211.0,20.0,17.0,0.0,64.0,42.0,360.0,Omar Caetano,1,1966,1966,4,0.0,0.75,0.0,1.0,0.25,0.75,0.0,0.0,0.0,1.5,0.0,30.0,21.5,16.0,10.5,52.75
1418813,1.0,32,9.0,16.0,38.0,26.0,11.0,7.0,19.0,0.0,1.0,0.0,11.0,1.0,310.0,233.0,492.0,63.0,72.0,0.0,212.0,154.0,643.0,Pedro Virgilio Rocha,3,1966,1974,8,0.1399688958009331,4.479004665629859,1.2597200622083982,5.318818040435459,3.639191290824261,1.5396578538102643,2.6594090202177294,0.0,0.1399688958009331,1.5396578538102643,0.1399688958009331,43.390357698289264,32.61275272161742,29.673405909797822,21.5552099533437,68.8646967340591
1418814,1.0,45,18.0,16.0,23.0,16.0,15.0,18.0,20.0,0.0,0.0,1.0,30.0,5.0,356.0,273.0,555.0,52.0,55.0,1.0,249.0,182.0,917.0,Julio Cesar Cortés,2,1966,1970,10,0.09814612868047984,4.416575790621592,1.766630316248637,2.2573609596510362,1.5703380588876774,1.4721919302071975,1.9629225736095965,0.0,0.0,2.944383860414395,0.49073064340239914,34.94002181025082,26.793893129770993,24.43838604143948,17.86259541984733,54.471101417666304
1418815,0.0,7,0.0,6.0,5.0,4.0,3.0,11.0,3.0,0.0,0.0,0.0,1.0,0.0,137.0,99.0,200.0,21.0,31.0,0.0,94.0,67.0,270.0,Milton Viera,1,1966,1966,3,0.0,2.3333333333333335,0.0,1.6666666666666667,1.3333333333333333,1.0,1.0,0.0,0.0,0.3333333333333333,0.0,45.666666666666664,33.0,31.333333333333332,22.333333333333332,66.66666666666667
1418816,0.0,4,1.0,2.0,23.0,10.0,10.0,7.0,13.0,0.0,1.0,0.0,19.0,5.0,121.0,89.0,226.0,29.0,42.0,0.0,102.0,74.0,360.0,Domingo Pérez,1,1966,1966,4,0.0,1.0,0.25,5.75,2.5,2.5,3.25,0.0,0.25,4.75,1.25,30.25,22.25,25.5,18.5,56.5
1418820,1.0,13,6.0,5.0,30.0,13.0,12.0,11.0,4.0,1.0,0.0,1.0,8.0,1.0,174.0,124.0,318.0,46.0,69.0,0.0,113.0,76.0,592.0,Víctor Espárrago,2,1970,1974,9,0.15202702702702703,1.9763513513513515,0.9121621621621622,4.560810810810811,1.9763513513513515,1.8243243243243243,0.6081081081081081,0.15202702702702703,0.0,1.2162162162162162,0.15202702702702703,26.452702702702705,18.85135135135135,17.179054054054056,11.554054054054054,48.3445945945946
1418822,0.0,3,0.0,2.0,1.0,1.0,2.0,7.0,2.0,0.0,0.0,0.0,9.0,3.0,133.0,97.0,203.0,12.0,29.0,0.0,67.0,37.0,270.0,Pablo Forlán,1,1974,1974,3,0.0,1.0,0.0,0.3333333333333333,0.3333333333333333,0.6666666666666666,0.6666666666666666,0.0,0.0,3.0,1.0,44.333333333333336,32.333333333333336,22.333333333333332,12.333333333333334,67.66666666666667
1418829,0.0,2,0.0,2.0,5.0,5.0,7.0,9.0,5.0,1.0,1.0,0.0,1.0,1.0,283.0,214.0,455.0,50.0,20.0,0.0,119.0,73.0,840.0,Albert Shesternev,2,1966,1970,9,0.0,0.21428571428571427,0.0,0.5357142857142857,0.5357142857142857,0.75,0.5357142857142857,0.10714285714285714,0.10714285714285714,0.10714285714285714,0.10714285714285714,30.32142857142857,22.928571428571427,12.75,7.821428571428571,48.75
1418830,0.0,2,0.0,1.0,6.0,5.0,4.0,14.0,3.0,0.0,0.0,0.0,3.0,0.0,164.0,133.0,258.0,36.0,34.0,0.0,81.0,59.0,535.0,Murtaz Khurtsilava,2,1966,1970,6,0.0,0.3364485981308411,0.0,1.0093457943925233,0.8411214953271028,0.6728971962616822,0.5046728971962616,0.0,0.0,0.5046728971962616,0.0,27.588785046728972,22.373831775700936,13.626168224299064,9.925233644859812,43.401869158878505
1418832,0.0,3,0.0,3.0,4.0,2.0,3.0,9.0,7.0,0.0,1.0,0.0,14.0,5.0,137.0,99.0,272.0,27.0,20.0,0.0,72.0,45.0,450.0,Vladimir Ponomarev,1,1966,1966,5,0.0,0.6,0.0,0.8,0.4,0.6,1.4,0.0,0.2,2.8,1.0,27.4,19.8,14.4,9.0,54.4
1418834,2.0,18,6.0,10.0,21.0,13.0,16.0,7.0,14.0,1.0,3.0,1.0,23.0,9.0,103.0,82.0,237.0,38.0,26.0,0.0,77.0,61.0,316.0,Igor Chislenko,1,1966,1966,4,0.569620253164557,5.1265822784810124,1.7088607594936709,5.981012658227848,3.7025316455696204,4.556962025316456,3.9873417721518987,0.2848101265822785,0.8544303797468354,6.550632911392405,2.5632911392405062,29.335443037974684,23.354430379746837,21.930379746835442,17.373417721518987,67.5
1418835,0.0,16,4.0,8.0,14.0,10.0,7.0,17.0,11.0,1.0,1.0,0.0,12.0,2.0,185.0,136.0,315.0,37.0,34.0,0.0,135.0,94.0,360.0,Yozhef Sabo,1,1966,1966,4,0.0,4.0,1.0,3.5,2.5,1.75,2.75,0.25,0.25,3.0,0.5,46.25,34.0,33.75,23.5,78.75
1418836,0.0,13,3.0,8.0,11.0,6.0,8.0,13.0,9.0,0.0,3.0,2.0,18.0,5.0,160.0,102.0,286.0,34.0,26.0,0.0,119.0,76.0,360.0,Galimzyan Khusainov,1,1966,1966,4,0.0,3.25,0.75,2.75,1.5,2.0,2.25,0.0,0.75,4.5,1.25,40.0,25.5,29.75,19.0,71.5
1418837,3.0,20,8.0,7.0,28.0,13.0,16.0,9.0,13.0,0.0,1.0,3.0,8.0,1.0,150.0,116.0,290.0,43.0,58.0,2.0,118.0,89.0,450.0,Eduard Malofeev,1,1966,1966,5,0.6,4.0,1.6,5.6,2.6,3.2,2.6,0.0,0.2,1.6,0.2,30.0,23.2,23.6,17.8,58.0
1418838,1.0,12,2.0,7.0,31.0,12.0,8.0,6.0,12.0,1.0,1.0,1.0,10.0,2.0,123.0,88.0,237.0,39.0,59.0,0.0,104.0,75.0,450.0,Anatoliy Banishevskiy,1,1966,1966,5,0.2,2.4,0.4,6.2,2.4,1.6,2.4,0.2,0.2,2.0,0.4,24.6,17.6,20.8,15.0,47.4
1418841,0.0,1,0.0,1.0,1.0,0.0,3.0,13.0,2.0,0.0,0.0,0.0,4.0,2.0,145.0,116.0,248.0,28.0,32.0,0.0,74.0,54.0,390.0,Valentin Afonin,2,1966,1970,4,0.0,0.23076923076923078,0.0,0.23076923076923078,0.0,0.6923076923076924,0.46153846153846156,0.0,0.0,0.9230769230769231,0.46153846153846156,33.46153846153847,26.76923076923077,17.076923076923077,12.461538461538462,57.23076923076923
1418842,0.0,16,5.0,8.0,9.0,6.0,9.0,7.0,7.0,0.0,0.0,0.0,16.0,3.0,162.0,115.0,261.0,30.0,25.0,0.0,120.0,79.0,315.0,Viktor Serebryanikov,2,1966,1970,4,0.0,4.571428571428571,1.4285714285714286,2.5714285714285716,1.7142857142857142,2.5714285714285716,2.0,0.0,0.0,4.571428571428571,0.8571428571428571,46.285714285714285,32.857142857142854,34.285714285714285,22.571428571428573,74.57142857142857
1418843,0.0,8,1.0,2.0,5.0,4.0,3.0,12.0,7.0,0.0,0.0,0.0,6.0,0.0,196.0,141.0,283.0,27.0,30.0,0.0,123.0,82.0,450.0,Valeri Voronin,1,1966,1966,5,0.0,1.6,0.2,1.0,0.8,0.6,1.4,0.0,0.0,1.2,0.0,39.2,28.2,24.6,16.4,56.6
1418846,4.0,14,7.0,5.0,9.0,2.0,5.0,6.0,4.0,0.0,0.0,1.0,12.0,4.0,59.0,35.0,127.0,13.0,18.0,0.0,47.0,27.0,270.0,Valeriy Porkuyan,1,1966,1966,3,1.3333333333333333,4.666666666666667,2.3333333333333335,3.0,0.6666666666666666,1.6666666666666667,1.3333333333333333,0.0,0.0,4.0,1.3333333333333333,19.666666666666668,11.666666666666666,15.666666666666666,9.0,42.333333333333336
1418848,0.0,1,0.0,1.0,2.0,1.0,6.0,6.0,1.0,0.0,0.0,0.0,5.0,0.0,101.0,68.0,175.0,27.0,12.0,0.0,48.0,26.0,360.0,Vasiliy Danilov,1,1966,1966,4,0.0,0.25,0.0,0.5,0.25,1.5,0.25,0.0,0.0,1.25,0.0,25.25,17.0,12.0,6.5,43.75
1418851,0.0,5,0.0,3.0,3.0,3.0,5.0,3.0,1.0,0.0,0.0,0.0,0.0,0.0,132.0,86.0,249.0,32.0,20.0,0.0,62.0,30.0,360.0,Shin Yung-Kyoo,1,1966,1966,4,0.0,1.25,0.0,0.75,0.75,1.25,0.25,0.0,0.0,0.0,0.0,33.0,21.5,15.5,7.5,62.25
1418852,0.0,4,0.0,4.0,5.0,5.0,5.0,8.0,2.0,0.0,0.0,0.0,0.0,0.0,125.0,82.0,219.0,32.0,24.0,0.0,43.0,20.0,360.0,Lim Zoong-Sun,1,1966,1966,4,0.0,1.0,0.0,1.25,1.25,1.25,0.5,0.0,0.0,0.0,0.0,31.25,20.5,10.75,5.0,54.75
1418855,2.0,13,5.0,3.0,11.0,6.0,18.0,5.0,8.0,0.0,0.0,0.0,3.0,2.0,196.0,118.0,295.0,42.0,33.0,0.0,133.0,72.0,360.0,Pak Seung-Zin,1,1966,1966,4,0.5,3.25,1.25,2.75,1.5,4.5,2.0,0.0,0.0,0.75,0.5,49.0,29.5,33.25,18.0,73.75
1418856,0.0,14,0.0,7.0,10.0,5.0,4.0,3.0,3.0,0.0,0.0,0.0,1.0,0.0,180.0,106.0,259.0,21.0,25.0,0.0,120.0,60.0,360.0,Im Seung-Hwi,1,1966,1966,4,0.0,3.5,0.0,2.5,1.25,1.0,0.75,0.0,0.0,0.25,0.0,45.0,26.5,30.0,15.0,64.75
1418858,0.0,3,1.0,1.0,27.0,10.0,7.0,8.0,4.0,1.0,0.0,0.0,14.0,1.0,116.0,70.0,222.0,24.0,40.0,0.0,82.0,45.0,360.0,Han Bong-Zin,1,1966,1966,4,0.0,0.75,0.25,6.75,2.5,1.75,1.0,0.25,0.0,3.5,0.25,29.0,17.5,20.5,11.25,55.5
1418859,1.0,15,3.0,6.0,19.0,12.0,12.0,7.0,7.0,0.0,1.0,1.0,6.0,0.0,151.0,110.0,252.0,35.0,27.0,0.0,99.0,66.0,360.0,Pak Doo-Ik,1,1966,1966,4,0.25,3.75,0.75,4.75,3.0,3.0,1.75,0.0,0.25,1.5,0.0,37.75,27.5,24.75,16.5,63.0
1418862,0.0,2,0.0,2.0,4.0,3.0,4.0,3.0,2.0,0.0,1.0,0.0,3.0,1.0,115.0,87.0,162.0,13.0,12.0,0.0,68.0,44.0,270.0,João Morais,1,1966,1966,3,0.0,0.6666666666666666,0.0,1.3333333333333333,1.0,1.3333333333333333,0.6666666666666666,0.0,0.3333333333333333,1.0,0.3333333333333333,38.333333333333336,29.0,22.666666666666668,14.666666666666666,54.0
1418863,0.0,2,1.0,1.0,2.0,1.0,5.0,16.0,3.0,0.0,0.0,0.0,7.0,3.0,231.0,173.0,382.0,40.0,28.0,0.0,113.0,71.0,540.0,Hilário,1,1966,1966,6,0.0,0.3333333333333333,0.16666666666666666,0.3333333333333333,0.16666666666666666,0.8333333333333334,0.5,0.0,0.0,1.1666666666666667,0.5,38.5,28.833333333333332,18.833333333333332,11.833333333333334,63.666666666666664
1418864,3.0,15,6.0,7.0,18.0,8.0,12.0,5.0,12.0,2.0,1.0,0.0,22.0,4.0,267.0,224.0,417.0,38.0,43.0,0.0,186.0,151.0,540.0,José Augusto,1,1966,1966,6,0.5,2.5,1.0,3.0,1.3333333333333333,2.0,2.0,0.3333333333333333,0.16666666666666666,3.6666666666666665,0.6666666666666666,44.5,37.333333333333336,31.0,25.166666666666668,69.5
1418865,3.0,27,11.0,9.0,17.0,5.0,7.0,12.0,16.0,3.0,2.0,3.0,9.0,0.0,230.0,156.0,354.0,82.0,81.0,1.0,192.0,124.0,540.0,José Torres,1,1966,1966,6,0.5,4.5,1.8333333333333333,2.8333333333333335,0.8333333333333334,1.1666666666666667,2.6666666666666665,0.5,0.3333333333333333,1.5,0.0,38.333333333333336,26.0,32.0,20.666666666666668,59.0
1418866,0.0,6,2.0,4.0,14.0,8.0,8.0,7.0,13.0,0.0,0.0,0.0,20.0,3.0,299.0,260.0,428.0,34.0,33.0,0.0,205.0,174.0,540.0,Jaime Graça,1,1966,1966,6,0.0,1.0,0.3333333333333333,2.3333333333333335,1.3333333333333333,1.3333333333333333,2.1666666666666665,0.0,0.0,3.3333333333333335,0.5,49.833333333333336,43.333333333333336,34.166666666666664,29.0,71.33333333333333
1418867,0.0,0,0.0,0.0,1.0,1.0,1.0,0.0,1.0,0.0,0.0,0.0,0.0,0.0,111.0,87.0,191.0,26.0,20.0,0.0,40.0,27.0,450.0,Alexandre Baptista,1,1966,1966,5,0.0,0.0,0.0,0.2,0.2,0.2,0.2,0.0,0.0,0.0,0.0,22.2,17.4,8.0,5.4,38.2
1418868,0.0,12,6.0,4.0,20.0,12.0,8.0,8.0,6.0,0.0,0.0,1.0,10.0,5.0,229.0,179.0,391.0,60.0,53.0,0.0,134.0,96.0,540.0,Mário Coluna,1,1966,1966,6,0.0,2.0,1.0,3.3333333333333335,2.0,1.3333333333333333,1.0,0.0,0.0,1.6666666666666667,0.8333333333333334,38.166666666666664,29.833333333333332,22.333333333333332,16.0,65.16666666666667
1418869,0.0,1,0.0,1.0,1.0,1.0,0.0,5.0,1.0,0.0,0.0,0.0,0.0,0.0,61.0,53.0,121.0,12.0,16.0,0.0,10.0,6.0,360.0,Vicente Lucas,1,1966,1966,4,0.0,0.25,0.0,0.25,0.25,0.0,0.25,0.0,0.0,0.0,0.0,15.25,13.25,2.5,1.5,30.25
1418870,9.0,66,29.0,32.0,54.0,33.0,19.0,5.0,11.0,1.0,1.0,1.0,53.0,15.0,246.0,203.0,521.0,74.0,50.0,0.0,202.0,159.0,540.0,Eusébio,1,1966,1966,6,1.5,11.0,4.833333333333333,9.0,5.5,3.1666666666666665,1.8333333333333333,0.16666666666666666,0.16666666666666666,8.833333333333334,2.5,41.0,33.833333333333336,33.666666666666664,26.5,86.83333333333333
1418871,1.0,10,4.0,5.0,31.0,15.0,9.0,5.0,31.0,3.0,3.0,0.0,57.0,16.0,272.0,192.0,443.0,43.0,47.0,0.0,227.0,154.0,540.0,António Simões,1,1966,1966,6,0.16666666666666666,1.6666666666666667,0.6666666666666666,5.166666666666667,2.5,1.5,5.166666666666667,0.5,0.5,9.5,2.6666666666666665,45.333333333333336,32.0,37.833333333333336,25.666666666666668,73.83333333333333
1418873,0.0,2,0.0,1.0,8.0,4.0,3.0,1.0,1.0,0.0,0.0,0.0,19.0,3.0,157.0,125.0,246.0,22.0,10.0,0.0,91.0,66.0,270.0,Alberto Festa,1,1966,1966,3,0.0,0.6666666666666666,0.0,2.6666666666666665,1.3333333333333333,1.0,0.3333333333333333,0.0,0.0,6.333333333333333,1.0,52.333333333333336,41.666666666666664,30.333333333333332,22.0,82.0
1418884,0.0,0,0.0,0.0,0.0,0.0,2.0,8.0,2.0,0.0,0.0,0.0,1.0,1.0,129.0,98.0,200.0,22.0,22.0,0.0,53.0,34.0,360.0,Sandor Matrai,1,1966,1966,4,0.0,0.0,0.0,0.0,0.0,0.5,0.5,0.0,0.0,0.25,0.25,32.25,24.5,13.25,8.5,50.0
1418885,0.0,6,1.0,3.0,6.0,3.0,5.0,6.0,6.0,0.0,0.0,0.0,32.0,5.0,173.0,135.0,307.0,18.0,23.0,0.0,108.0,77.0,360.0,Beno Kaposzta,1,1966,1966,4,0.0,1.5,0.25,1.5,0.75,1.25,1.5,0.0,0.0,8.0,1.25,43.25,33.75,27.0,19.25,76.75
1418887,2.0,11,4.0,5.0,7.0,2.0,3.0,9.0,3.0,1.0,1.0,2.0,2.0,1.0,152.0,112.0,237.0,28.0,34.0,0.0,110.0,74.0,360.0,Kalman Meszöly,1,1966,1966,4,0.5,2.75,1.0,1.75,0.5,0.75,0.75,0.25,0.25,0.5,0.25,38.0,28.0,27.5,18.5,59.25
1418888,0.0,5,3.0,1.0,5.0,3.0,2.0,6.0,5.0,1.0,1.0,0.0,0.0,0.0,182.0,143.0,239.0,22.0,26.0,0.0,113.0,83.0,360.0,Ferenc Sípos,1,1966,1966,4,0.0,1.25,0.75,1.25,0.75,0.5,1.25,0.25,0.25,0.0,0.0,45.5,35.75,28.25,20.75,59.75
1418890,0.0,16,3.0,12.0,23.0,11.0,11.0,3.0,10.0,0.0,2.0,4.0,0.0,0.0,183.0,135.0,281.0,48.0,34.0,1.0,144.0,100.0,360.0,Flórián Albert,1,1966,1966,4,0.0,4.0,0.75,5.75,2.75,2.75,2.5,0.0,0.5,0.0,0.0,45.75,33.75,36.0,25.0,70.25
1418891,4.0,17,8.0,7.0,19.0,8.0,4.0,6.0,8.0,2.0,1.0,2.0,47.0,10.0,88.0,58.0,233.0,24.0,33.0,0.0,71.0,47.0,360.0,Ferenc Bene,1,1966,1966,4,1.0,4.25,2.0,4.75,2.0,1.0,2.0,0.5,0.25,11.75,2.5,22.0,14.5,17.75,11.75,58.25
1418892,0.0,10,1.0,3.0,18.0,10.0,16.0,6.0,17.0,1.0,5.0,0.0,44.0,14.0,113.0,84.0,256.0,38.0,32.0,0.0,72.0,49.0,360.0,Gyula Rákosi,1,1966,1966,4,0.0,2.5,0.25,4.5,2.5,4.0,4.25,0.25,1.25,11.0,3.5,28.25,21.0,18.0,12.25,64.0
1418893,1.0,19,7.0,6.0,17.0,7.0,5.0,4.0,8.0,0.0,2.0,2.0,18.0,7.0,117.0,92.0,208.0,18.0,26.0,0.0,96.0,74.0,360.0,Janos Farkas,1,1966,1966,4,0.25,4.75,1.75,4.25,1.75,1.25,2.0,0.0,0.5,4.5,1.75,29.25,23.0,24.0,18.5,52.0
1418904,0.0,5,0.0,4.0,2.0,1.0,3.0,6.0,2.0,0.0,0.0,0.0,5.0,1.0,133.0,105.0,208.0,24.0,20.0,0.0,63.0,44.0,270.0,Gusztav Szepesi,1,1966,1966,3,0.0,1.6666666666666667,0.0,0.6666666666666666,0.3333333333333333,1.0,0.6666666666666666,0.0,0.0,1.6666666666666667,0.3333333333333333,44.333333333333336,35.0,21.0,14.666666666666666,69.33333333333333
1418912,0.0,7,1.0,1.0,11.0,7.0,3.0,9.0,6.0,0.0,0.0,0.0,2.0,0.0,174.0,141.0,235.0,18.0,24.0,0.0,117.0,90.0,270.0,Lima,1,1966,1966,3,0.0,2.3333333333333335,0.3333333333333333,3.6666666666666665,2.3333333333333335,1.0,2.0,0.0,0.0,0.6666666666666666,0.0,58.0,47.0,39.0,30.0,78.33333333333333
1418913,5.0,37,12.0,17.0,38.0,18.0,29.0,29.0,33.0,6.0,6.0,4.0,4.0,0.0,322.0,262.0,520.0,71.0,86.0,2.0,240.0,184.0,720.0,Pelé,2,1966,1970,8,0.625,4.625,1.5,4.75,2.25,3.625,4.125,0.75,0.75,0.5,0.0,40.25,32.75,30.0,23.0,65.0
1418914,9.0,36,13.0,20.0,142.0,82.0,65.0,43.0,35.0,3.0,3.0,7.0,29.0,7.0,563.0,441.0,1038.0,189.0,186.0,0.0,438.0,329.0,1430.0,Jairzinho,3,1966,1974,16,0.5664335664335665,2.265734265734266,0.8181818181818181,8.937062937062937,5.160839160839161,4.090909090909091,2.202797202797203,0.1888111888111888,0.1888111888111888,1.8251748251748252,0.4405594405594406,35.43356643356643,27.755244755244753,27.566433566433567,20.706293706293707,65.32867132867133
1418916,1.0,13,3.0,4.0,7.0,5.0,1.0,4.0,17.0,2.0,5.0,0.0,6.0,2.0,284.0,251.0,361.0,12.0,12.0,1.0,187.0,158.0,410.0,Gerson,2,1966,1970,5,0.21951219512195122,2.853658536585366,0.6585365853658537,1.5365853658536586,1.0975609756097562,0.21951219512195122,3.731707317073171,0.43902439024390244,1.0975609756097562,1.3170731707317074,0.43902439024390244,62.34146341463415,55.09756097560976,41.048780487804876,34.6829268292683,79.2439024390244
1418919,3.0,24,8.0,10.0,20.0,10.0,9.0,10.0,20.0,4.0,4.0,3.0,6.0,2.0,233.0,194.0,357.0,27.0,46.0,0.0,183.0,146.0,608.0,Tostão,2,1966,1970,7,0.4440789473684211,3.5526315789473686,1.1842105263157894,2.960526315789474,1.480263157894737,1.332236842105263,2.960526315789474,0.5921052631578947,0.5921052631578947,0.8881578947368421,0.29605263157894735,34.49013157894737,28.717105263157894,27.088815789473685,21.611842105263158,52.8453947368421
1418924,0.0,0,0.0,0.0,0.0,0.0,7.0,10.0,1.0,0.0,0.0,0.0,0.0,0.0,127.0,114.0,223.0,27.0,26.0,0.0,25.0,19.0,630.0,Brito,2,1966,1970,7,0.0,0.0,0.0,0.0,0.0,1.0,0.14285714285714285,0.0,0.0,0.0,0.0,18.142857142857142,16.285714285714285,3.5714285714285716,2.7142857142857144,31.857142857142858
1418927,0.0,2,0.0,2.0,14.0,8.0,8.0,3.0,1.0,0.0,0.0,0.0,9.0,1.0,129.0,101.0,245.0,40.0,19.0,0.0,68.0,45.0,392.0,Aleksandar Shalamanov,2,1966,1970,5,0.0,0.4591836734693878,0.0,3.2142857142857144,1.8367346938775513,1.8367346938775513,0.2295918367346939,0.0,0.0,2.066326530612245,0.2295918367346939,29.617346938775512,23.188775510204085,15.612244897959185,10.331632653061225,56.25000000000001
1418929,0.0,1,0.0,1.0,6.0,1.0,2.0,3.0,1.0,0.0,1.0,0.0,4.0,0.0,98.0,85.0,177.0,30.0,22.0,0.0,47.0,40.0,328.0,Boris Gaganelov,2,1966,1970,4,0.0,0.27439024390243905,0.0,1.6463414634146343,0.27439024390243905,0.5487804878048781,0.27439024390243905,0.0,0.27439024390243905,1.0975609756097562,0.0,26.890243902439025,23.323170731707318,12.896341463414634,10.975609756097562,48.56707317073171
1418931,1.0,3,1.0,2.0,8.0,4.0,5.0,14.0,3.0,0.0,0.0,0.0,0.0,0.0,139.0,112.0,248.0,46.0,46.0,1.0,74.0,54.0,450.0,Dobromir Zhechev,2,1966,1970,5,0.2,0.6,0.2,1.6,0.8,1.0,0.6,0.0,0.0,0.0,0.0,27.8,22.4,14.8,10.8,49.6
1418932,0.0,0,0.0,0.0,0.0,0.0,1.0,1.0,0.0,0.0,0.0,0.0,0.0,0.0,51.0,47.0,102.0,11.0,5.0,0.0,9.0,6.0,270.0,Ivan Vutsov,1,1966,1966,3,0.0,0.0,0.0,0.0,0.0,0.3333333333333333,0.0,0.0,0.0,0.0,0.0,17.0,15.666666666666666,3.0,2.0,34.0
1418933,1.0,5,2.0,2.0,20.0,10.0,4.0,2.0,5.0,0.0,0.0,0.0,11.0,2.0,128.0,100.0,195.0,19.0,21.0,0.0,92.0,69.0,315.0,Dinko Dermendzhiev,2,1966,1970,4,0.2857142857142857,1.4285714285714286,0.5714285714285714,5.714285714285714,2.857142857142857,1.1428571428571428,1.4285714285714286,0.0,0.0,3.142857142857143,0.5714285714285714,36.57142857142857,28.571428571428573,26.285714285714285,19.714285714285715,55.714285714285715
1418934,0.0,7,1.0,4.0,10.0,6.0,5.0,8.0,6.0,0.0,0.0,0.0,0.0,0.0,323.0,268.0,480.0,41.0,27.0,0.0,173.0,131.0,764.0,Dimitar Penev,3,1966,1974,9,0.0,0.824607329842932,0.11780104712041885,1.1780104712041886,0.7068062827225131,0.5890052356020943,0.7068062827225131,0.0,0.0,0.0,0.0,38.04973821989529,31.57068062827225,20.37958115183246,15.43193717277487,56.544502617801044
1418935,1.0,31,10.0,14.0,38.0,18.0,12.0,6.0,6.0,0.0,0.0,4.0,7.0,0.0,159.0,98.0,300.0,48.0,45.0,1.0,138.0,84.0,465.0,Georgi Asparuhov,2,1966,1970,6,0.1935483870967742,6.0,1.9354838709677418,7.354838709677419,3.4838709677419355,2.32258064516129,1.161290322580645,0.0,0.0,1.3548387096774193,0.0,30.774193548387096,18.96774193548387,26.709677419354836,16.258064516129032,58.064516129032256
1418936,0.0,13,4.0,6.0,35.0,21.0,12.0,3.0,10.0,1.0,1.0,2.0,4.0,1.0,284.0,232.0,431.0,50.0,47.0,1.0,198.0,153.0,423.0,Dimitar Yakimov,2,1966,1970,5,0.0,2.7659574468085104,0.851063829787234,7.446808510638298,4.468085106382978,2.553191489361702,2.127659574468085,0.2127659574468085,0.2127659574468085,0.851063829787234,0.2127659574468085,60.42553191489362,49.36170212765957,42.12765957446808,32.5531914893617,91.70212765957446
1418950,0.0,5,1.0,2.0,7.0,5.0,8.0,15.0,5.0,0.0,0.0,0.0,12.0,3.0,228.0,180.0,403.0,48.0,32.0,2.0,96.0,65.0,758.0,Horst-Dieter Höttges,3,1966,1974,10,0.0,0.5936675461741424,0.11873350923482849,0.8311345646437994,0.5936675461741424,0.9498680738786279,0.5936675461741424,0.0,0.0,1.4248021108179418,0.35620052770448546,27.071240105540895,21.37203166226913,11.398416886543535,7.717678100263852,47.84960422163588
1418951,1.0,11,2.0,4.0,4.0,2.0,14.0,16.0,15.0,3.0,1.0,0.0,14.0,3.0,428.0,344.0,659.0,74.0,53.0,0.0,202.0,133.0,1035.0,Karl-Heinz Schnellinger,2,1966,1970,11,0.08695652173913043,0.9565217391304348,0.17391304347826086,0.34782608695652173,0.17391304347826086,1.2173913043478262,1.3043478260869565,0.2608695652173913,0.08695652173913043,1.2173913043478262,0.2608695652173913,37.21739130434783,29.91304347826087,17.565217391304348,11.565217391304348,57.30434782608695
1418952,5.0,70,26.0,20.0,56.0,40.0,23.0,15.0,31.0,1.0,2.0,3.0,14.0,2.0,1140.0,966.0,1536.0,138.0,85.0,0.0,713.0,574.0,1693.0,Franz Beckenbauer,3,1966,1974,18,0.26580035440047256,3.721204961606616,1.3821618428824574,2.9769639692852925,2.1264028352037805,1.2226816302421737,1.6479621972829297,0.05316007088009451,0.10632014176018902,0.7442409923213231,0.10632014176018902,60.60248080330774,51.3526284701713,37.90313053750739,30.51388068517425,81.65386887182517
1418953,0.0,0,0.0,0.0,2.0,1.0,7.0,17.0,6.0,0.0,1.0,0.0,5.0,2.0,298.0,253.0,477.0,54.0,33.0,0.0,102.0,69.0,855.0,Willi Schulz,2,1966,1970,9,0.0,0.0,0.0,0.21052631578947367,0.10526315789473684,0.7368421052631579,0.631578947368421,0.0,0.10526315789473684,0.5263157894736842,0.21052631578947367,31.36842105263158,26.63157894736842,10.736842105263158,7.2631578947368425,50.21052631578947
1418954,3.0,38,15.0,14.0,55.0,29.0,30.0,31.0,62.0,3.0,9.0,1.0,52.0,14.0,1247.0,1039.0,1618.0,114.0,121.0,2.0,837.0,661.0,1767.0,Wolfgang Overath,3,1966,1974,19,0.15280135823429541,1.935483870967742,0.7640067911714771,2.801358234295416,1.4770797962648556,1.5280135823429541,3.1578947368421053,0.15280135823429541,0.45840407470288624,2.6485568760611207,0.7130730050933787,63.5144312393888,52.92020373514431,42.631578947368425,33.66723259762309,82.41086587436332
1418955,1.0,3,1.0,1.0,3.0,2.0,17.0,8.0,1.0,0.0,0.0,0.0,2.0,0.0,150.0,129.0,293.0,44.0,28.0,0.0,48.0,38.0,677.0,Wolfgang Weber,2,1966,1970,8,0.1329394387001477,0.39881831610044316,0.1329394387001477,0.39881831610044316,0.2658788774002954,2.259970457902511,0.1329394387001477,0.0,0.0,0.2658788774002954,0.0,19.940915805022158,17.149187592319056,6.381093057607091,5.051698670605613,38.95125553914328
1418956,6.0,16,8.0,7.0,17.0,11.0,13.0,8.0,13.0,1.0,1.0,0.0,35.0,3.0,268.0,206.0,414.0,39.0,33.0,1.0,197.0,144.0,525.0,Helmut Haller,2,1966,1970,6,1.0285714285714287,2.742857142857143,1.3714285714285714,2.9142857142857146,1.885714285714286,2.2285714285714286,2.2285714285714286,0.17142857142857143,0.17142857142857143,6.0,0.5142857142857143,45.94285714285714,35.31428571428572,33.77142857142857,24.685714285714287,70.97142857142858
1418958,1.0,26,9.0,9.0,59.0,28.0,25.0,9.0,30.0,4.0,4.0,3.0,55.0,16.0,277.0,221.0,535.0,61.0,72.0,0.0,189.0,140.0,804.0,Sigfried Held,2,1966,1970,9,0.11194029850746269,2.9104477611940296,1.007462686567164,6.604477611940299,3.134328358208955,2.798507462686567,3.3582089552238803,0.44776119402985076,0.44776119402985076,6.156716417910448,1.791044776119403,31.007462686567163,24.738805970149254,21.15671641791045,15.671641791044776,59.88805970149254
1418959,5.0,62,23.0,24.0,18.0,10.0,30.0,15.0,20.0,6.0,4.0,12.0,12.0,3.0,394.0,301.0,637.0,99.0,81.0,3.0,284.0,199.0,1170.0,Uwe Seeler,2,1966,1970,12,0.38461538461538464,4.769230769230769,1.7692307692307692,1.3846153846153846,0.7692307692307693,2.3076923076923075,1.5384615384615385,0.46153846153846156,0.3076923076923077,0.9230769230769231,0.23076923076923078,30.307692307692307,23.153846153846153,21.846153846153847,15.307692307692308,49.0
1418961,1.0,14,5.0,6.0,12.0,7.0,8.0,3.0,9.0,0.0,2.0,0.0,16.0,6.0,131.0,98.0,229.0,30.0,25.0,1.0,91.0,63.0,390.0,Lothar Emmerich,1,1966,1966,4,0.23076923076923078,3.230769230769231,1.153846153846154,2.7692307692307696,1.6153846153846154,1.8461538461538463,2.076923076923077,0.0,0.46153846153846156,3.6923076923076925,1.3846153846153848,30.230769230769234,22.615384615384617,21.0,14.53846153846154,52.84615384615385
1418968,1.0,18,7.0,9.0,60.0,39.0,16.0,11.0,15.0,1.0,5.0,1.0,73.0,20.0,328.0,279.0,579.0,71.0,60.0,0.0,247.0,205.0,749.0,Jürgen Grabowski,2,1970,1974,11,0.12016021361815754,2.1628838451268355,0.8411214953271028,7.209612817089452,4.6862483311081435,1.9225634178905207,1.802403204272363,0.12016021361815754,0.6008010680907877,8.7716955941255,2.403204272363151,39.41255006675567,33.524699599465954,29.67957276368491,24.632843791722294,69.57276368491321
1418974,0.0,0,0.0,0.0,4.0,4.0,2.0,3.0,3.0,0.0,0.0,0.0,12.0,2.0,173.0,131.0,230.0,15.0,21.0,0.0,100.0,67.0,270.0,Heinz Bäni,1,1966,1966,3,0.0,0.0,0.0,1.3333333333333333,1.3333333333333333,0.6666666666666666,1.0,0.0,0.0,4.0,0.6666666666666666,57.666666666666664,43.666666666666664,33.333333333333336,22.333333333333332,76.66666666666667
1418976,0.0,3,1.0,2.0,6.0,5.0,3.0,9.0,8.0,0.0,0.0,0.0,7.0,1.0,151.0,124.0,224.0,24.0,21.0,0.0,66.0,50.0,270.0,Hansruedi Fuhrer,1,1966,1966,3,0.0,1.0,0.3333333333333333,2.0,1.6666666666666667,1.0,2.6666666666666665,0.0,0.0,2.3333333333333335,0.3333333333333333,50.333333333333336,41.333333333333336,22.0,16.666666666666668,74.66666666666667
1418981,0.0,14,5.0,8.0,19.0,6.0,6.0,7.0,4.0,0.0,0.0,1.0,8.0,0.0,150.0,117.0,241.0,26.0,34.0,1.0,109.0,81.0,270.0,Robert Hosp,1,1966,1966,3,0.0,4.666666666666667,1.6666666666666667,6.333333333333333,2.0,2.0,1.3333333333333333,0.0,0.0,2.6666666666666665,0.0,50.0,39.0,36.333333333333336,27.0,80.33333333333333
1418994,0.0,0,0.0,0.0,0.0,0.0,5.0,6.0,0.0,0.0,0.0,0.0,4.0,1.0,80.0,64.0,132.0,16.0,11.0,0.0,26.0,14.0,270.0,Marcel Artelesa,1,1966,1966,3,0.0,0.0,0.0,0.0,0.0,1.6666666666666667,0.0,0.0,0.0,1.3333333333333333,0.3333333333333333,26.666666666666668,21.333333333333332,8.666666666666666,4.666666666666667,44.0
1418995,0.0,4,0.0,2.0,1.0,0.0,3.0,6.0,1.0,0.0,0.0,0.0,4.0,1.0,120.0,88.0,191.0,16.0,16.0,0.0,63.0,39.0,270.0,Robert Budzynski,1,1966,1966,3,0.0,1.3333333333333333,0.0,0.3333333333333333,0.0,1.0,0.3333333333333333,0.0,0.0,1.3333333333333333,0.3333333333333333,40.0,29.333333333333332,21.0,13.0,63.666666666666664
1418997,0.0,2,0.0,1.0,2.0,0.0,2.0,1.0,2.0,0.0,0.0,0.0,8.0,1.0,138.0,96.0,226.0,20.0,14.0,0.0,68.0,44.0,270.0,Jean Djorkaeff,1,1966,1966,3,0.0,0.6666666666666666,0.0,0.6666666666666666,0.0,0.6666666666666666,0.6666666666666666,0.0,0.0,2.6666666666666665,0.3333333333333333,46.0,32.0,22.666666666666668,14.666666666666666,75.33333333333333
1418998,0.0,11,2.0,7.0,5.0,3.0,3.0,3.0,6.0,0.0,1.0,0.0,2.0,2.0,141.0,90.0,212.0,21.0,20.0,0.0,83.0,46.0,270.0,Bernard Bosquier,1,1966,1966,3,0.0,3.6666666666666665,0.6666666666666666,1.6666666666666667,1.0,1.0,2.0,0.0,0.3333333333333333,0.6666666666666666,0.6666666666666666,47.0,30.0,27.666666666666668,15.333333333333334,70.66666666666667
1419000,0.0,4,0.0,1.0,14.0,9.0,6.0,4.0,5.0,0.0,0.0,0.0,2.0,0.0,167.0,122.0,241.0,34.0,25.0,0.0,111.0,80.0,270.0,Joseph Bonnel,1,1966,1966,3,0.0,1.3333333333333333,0.0,4.666666666666667,3.0,2.0,1.6666666666666667,0.0,0.0,0.6666666666666666,0.0,55.666666666666664,40.666666666666664,37.0,26.666666666666668,80.33333333333333
1419002,0.0,4,1.0,2.0,21.0,6.0,13.0,5.0,2.0,1.0,0.0,0.0,5.0,0.0,97.0,61.0,178.0,27.0,32.0,0.0,75.0,44.0,270.0,Philippe Gondet,1,1966,1966,3,0.0,1.3333333333333333,0.3333333333333333,7.0,2.0,4.333333333333333,0.6666666666666666,0.3333333333333333,0.0,1.6666666666666667,0.0,32.333333333333336,20.333333333333332,25.0,14.666666666666666,59.333333333333336
1419003,1.0,11,3.0,8.0,24.0,10.0,3.0,2.0,9.0,0.0,1.0,0.0,19.0,3.0,100.0,74.0,186.0,22.0,28.0,1.0,69.0,48.0,270.0,Gérard Hausser,1,1966,1966,3,0.3333333333333333,3.6666666666666665,1.0,8.0,3.3333333333333335,1.0,3.0,0.0,0.3333333333333333,6.333333333333333,1.0,33.333333333333336,24.666666666666668,23.0,16.0,62.0
1419016,0.0,1,0.0,1.0,0.0,0.0,1.0,6.0,1.0,0.0,0.0,0.0,0.0,0.0,106.0,62.0,163.0,15.0,13.0,0.0,35.0,14.0,270.0,Gabriel Nunez,1,1966,1966,3,0.0,0.3333333333333333,0.0,0.0,0.0,0.3333333333333333,0.3333333333333333,0.0,0.0,0.0,0.0,35.333333333333336,20.666666666666668,11.666666666666666,4.666666666666667,54.333333333333336
1419017,0.0,1,1.0,0.0,2.0,2.0,3.0,1.0,1.0,0.0,0.0,0.0,18.0,5.0,165.0,121.0,244.0,22.0,14.0,0.0,85.0,56.0,270.0,Arturo Chaires,1,1966,1966,3,0.0,0.3333333333333333,0.3333333333333333,0.6666666666666666,0.6666666666666666,1.0,0.3333333333333333,0.0,0.0,6.0,1.6666666666666667,55.0,40.333333333333336,28.333333333333332,18.666666666666668,81.33333333333333
1419018,1.0,3,1.0,2.0,4.0,2.0,7.0,16.0,1.0,0.0,0.0,1.0,2.0,0.0,212.0,153.0,358.0,37.0,32.0,0.0,91.0,56.0,630.0,Gustavo Peña,2,1966,1970,7,0.14285714285714285,0.42857142857142855,0.14285714285714285,0.5714285714285714,0.2857142857142857,1.0,0.14285714285714285,0.0,0.0,0.2857142857142857,0.0,30.285714285714285,21.857142857142858,13.0,8.0,51.142857142857146
1419020,0.0,7,2.0,2.0,6.0,1.0,2.0,3.0,8.0,0.0,2.0,0.0,21.0,5.0,185.0,143.0,270.0,6.0,28.0,0.0,112.0,85.0,300.0,Isidoro Díaz,2,1966,1970,4,0.0,2.1,0.6,1.7999999999999998,0.3,0.6,2.4,0.0,0.6,6.3,1.5,55.5,42.9,33.6,25.5,81.0
1419021,0.0,8,0.0,7.0,4.0,4.0,7.0,4.0,6.0,0.0,1.0,0.0,8.0,2.0,206.0,177.0,326.0,41.0,24.0,0.0,109.0,92.0,360.0,Guillermo Hernández,2,1966,1970,4,0.0,2.0,0.0,1.0,1.0,1.75,1.5,0.0,0.25,2.0,0.5,51.5,44.25,27.25,23.0,81.5
1419022,1.0,15,4.0,11.0,12.0,3.0,2.0,5.0,8.0,1.0,1.0,8.0,5.0,2.0,90.0,70.0,173.0,16.0,44.0,0.0,65.0,47.0,338.0,Enrique David Borja García,2,1966,1970,5,0.26627218934911245,3.9940828402366866,1.0650887573964498,3.195266272189349,0.7988165680473372,0.5325443786982249,2.1301775147928996,0.26627218934911245,0.26627218934911245,1.331360946745562,0.5325443786982249,23.964497041420117,18.63905325443787,17.307692307692307,12.514792899408285,46.06508875739645
1419023,0.0,6,3.0,2.0,5.0,2.0,4.0,2.0,4.0,0.0,1.0,0.0,2.0,0.0,146.0,112.0,196.0,15.0,21.0,0.0,93.0,65.0,270.0,Salvador Reyes,1,1966,1966,3,0.0,2.0,1.0,1.6666666666666667,0.6666666666666666,1.3333333333333333,1.3333333333333333,0.0,0.3333333333333333,0.6666666666666666,0.0,48.666666666666664,37.333333333333336,31.0,21.666666666666668,65.33333333333333
1419024,0.0,1,0.0,1.0,31.0,11.0,15.0,5.0,16.0,1.0,4.0,0.0,54.0,10.0,198.0,160.0,382.0,36.0,50.0,0.0,133.0,107.0,540.0,Aaron Padilla Gutiérrez,2,1966,1970,6,0.0,0.16666666666666666,0.0,5.166666666666667,1.8333333333333333,2.5,2.6666666666666665,0.16666666666666666,0.6666666666666666,9.0,1.6666666666666667,33.0,26.666666666666668,22.166666666666668,17.833333333333332,63.666666666666664
1419025,1.0,7,2.0,5.0,8.0,3.0,11.0,5.0,7.0,2.0,2.0,0.0,3.0,0.0,124.0,92.0,192.0,20.0,31.0,0.0,104.0,74.0,450.0,Javier Fragoso,2,1966,1970,5,0.2,1.4,0.4,1.6,0.6,2.2,1.4,0.4,0.4,0.6,0.0,24.8,18.4,20.8,14.8,38.4
1419038,0.0,3,0.0,2.0,7.0,6.0,2.0,6.0,2.0,0.0,0.0,0.0,5.0,0.0,189.0,156.0,302.0,24.0,19.0,0.0,72.0,48.0,360.0,Silvio Marzolini,1,1966,1966,4,0.0,0.75,0.0,1.75,1.5,0.5,0.5,0.0,0.0,1.25,0.0,47.25,39.0,18.0,12.0,75.5
1419039,0.0,2,0.0,0.0,14.0,11.0,6.0,17.0,0.0,0.0,0.0,0.0,0.0,0.0,205.0,172.0,356.0,53.0,31.0,0.0,54.0,30.0,720.0,Roberto Perfumo,2,1966,1974,8,0.0,0.25,0.0,1.75,1.375,0.75,0.0,0.0,0.0,0.0,0.0,25.625,21.5,6.75,3.75,44.5
1419040,0.0,1,0.0,1.0,8.0,6.0,11.0,3.0,3.0,0.0,0.0,1.0,10.0,1.0,135.0,115.0,252.0,28.0,12.0,0.0,66.0,50.0,360.0,Roberto Ferreiro,1,1966,1966,4,0.0,0.25,0.0,2.0,1.5,2.75,0.75,0.0,0.0,2.5,0.25,33.75,28.75,16.5,12.5,63.0
1419042,0.0,5,2.0,2.0,7.0,2.0,2.0,10.0,3.0,0.0,0.0,0.0,2.0,0.0,144.0,115.0,196.0,11.0,26.0,0.0,75.0,53.0,306.0,Antonio Rattin,1,1966,1966,4,0.0,1.4705882352941178,0.5882352941176471,2.058823529411765,0.5882352941176471,0.5882352941176471,0.8823529411764706,0.0,0.0,0.5882352941176471,0.0,42.35294117647059,33.82352941176471,22.058823529411764,15.588235294117647,57.64705882352941
1419043,3.0,11,5.0,4.0,17.0,11.0,9.0,5.0,5.0,0.0,0.0,2.0,4.0,0.0,64.0,50.0,132.0,24.0,28.0,0.0,47.0,35.0,360.0,Luis Artime,1,1966,1966,4,0.75,2.75,1.25,4.25,2.75,2.25,1.25,0.0,0.0,1.0,0.0,16.0,12.5,11.75,8.75,33.0
1419044,0.0,13,3.0,6.0,17.0,7.0,9.0,12.0,5.0,0.0,0.0,0.0,8.0,0.0,95.0,80.0,189.0,26.0,40.0,0.0,55.0,44.0,360.0,Óscar Mas,1,1966,1966,4,0.0,3.25,0.75,4.25,1.75,2.25,1.25,0.0,0.0,2.0,0.0,23.75,20.0,13.75,11.0,47.25
1419045,0.0,4,1.0,0.0,26.0,14.0,13.0,13.0,7.0,1.0,2.0,0.0,11.0,1.0,205.0,170.0,315.0,35.0,47.0,0.0,120.0,90.0,360.0,Jorge Solari,1,1966,1966,4,0.0,1.0,0.25,6.5,3.5,3.25,1.75,0.25,0.5,2.75,0.25,51.25,42.5,30.0,22.5,78.75
1419046,0.0,5,0.0,2.0,20.0,8.0,8.0,11.0,4.0,1.0,1.0,0.0,11.0,1.0,241.0,195.0,342.0,34.0,46.0,0.0,135.0,97.0,360.0,Alberto Mario González,1,1966,1966,4,0.0,1.25,0.0,5.0,2.0,2.0,1.0,0.25,0.25,2.75,0.25,60.25,48.75,33.75,24.25,85.5
1419047,1.0,20,6.0,10.0,26.0,12.0,7.0,4.0,12.0,2.0,2.0,0.0,16.0,3.0,252.0,193.0,364.0,23.0,41.0,0.0,173.0,126.0,360.0,Ermindo Onega,1,1966,1966,4,0.25,5.0,1.5,6.5,3.0,1.75,3.0,0.5,0.5,4.0,0.75,63.0,48.25,43.25,31.5,91.0
1419060,0.0,0,0.0,0.0,1.0,0.0,1.0,7.0,0.0,0.0,0.0,0.0,0.0,0.0,80.0,69.0,142.0,17.0,20.0,0.0,25.0,17.0,270.0,Gallego,1,1966,1966,3,0.0,0.0,0.0,0.3333333333333333,0.0,0.3333333333333333,0.0,0.0,0.0,0.0,0.0,26.666666666666668,23.0,8.333333333333334,5.666666666666667,47.333333333333336
1419061,1.0,6,5.0,1.0,17.0,11.0,4.0,6.0,4.0,0.0,0.0,1.0,3.0,0.0,232.0,206.0,315.0,33.0,23.0,0.0,119.0,96.0,315.0,Jose Martinez Pirri,2,1966,1978,4,0.2857142857142857,1.7142857142857142,1.4285714285714286,4.857142857142857,3.142857142857143,1.1428571428571428,1.1428571428571428,0.0,0.0,0.8571428571428571,0.0,66.28571428571429,58.857142857142854,34.0,27.428571428571427,90.0
1419062,1.0,3,3.0,0.0,12.0,9.0,2.0,2.0,2.0,0.0,0.0,0.0,5.0,1.0,91.0,69.0,173.0,20.0,15.0,0.0,39.0,28.0,270.0,Manuel Martinez Sanchis,1,1966,1966,3,0.3333333333333333,1.0,1.0,4.0,3.0,0.6666666666666666,0.6666666666666666,0.0,0.0,1.6666666666666667,0.3333333333333333,30.333333333333332,23.0,13.0,9.333333333333334,57.666666666666664
1419065,0.0,4,2.0,1.0,5.0,3.0,2.0,8.0,1.0,0.0,0.0,0.0,0.0,0.0,132.0,111.0,206.0,19.0,24.0,0.0,67.0,54.0,270.0,Ignacio Zoco,1,1966,1966,3,0.0,1.3333333333333333,0.6666666666666666,1.6666666666666667,1.0,0.6666666666666666,0.3333333333333333,0.0,0.0,0.0,0.0,44.0,37.0,22.333333333333332,18.0,68.66666666666667
1419081,0.0,4,1.0,2.0,3.0,3.0,6.0,15.0,3.0,0.0,0.0,0.0,0.0,0.0,119.0,90.0,245.0,42.0,26.0,0.0,54.0,37.0,683.0,Roberto Rosato,2,1966,1970,8,0.0,0.527086383601757,0.13177159590043924,0.3953147877013177,0.3953147877013177,0.7906295754026355,0.3953147877013177,0.0,0.0,0.0,0.0,15.68081991215227,11.859443631039532,7.115666178623719,4.875549048316252,32.28404099560761
1419082,1.0,5,2.0,3.0,8.0,6.0,10.0,21.0,1.0,0.0,0.0,0.0,1.0,0.0,188.0,161.0,391.0,64.0,33.0,0.0,68.0,55.0,964.0,Tarcisio Burgnich,3,1966,1974,11,0.09336099585062241,0.46680497925311204,0.18672199170124482,0.7468879668049793,0.5601659751037344,0.9336099585062241,0.09336099585062241,0.0,0.0,0.09336099585062241,0.0,17.551867219917014,15.03112033195021,6.348547717842324,5.134854771784233,36.504149377593365
1419083,0.0,14,5.0,7.0,17.0,14.0,12.0,17.0,9.0,1.0,0.0,2.0,17.0,5.0,264.0,218.0,507.0,76.0,51.0,0.0,136.0,100.0,1110.0,Giacinto Facchetti,3,1966,1974,12,0.0,1.135135135135135,0.4054054054054054,1.3783783783783783,1.135135135135135,0.9729729729729729,0.7297297297297297,0.08108108108108107,0.0,1.3783783783783783,0.4054054054054054,21.405405405405403,17.675675675675674,11.027027027027026,8.108108108108107,41.108108108108105
1419087,1.0,34,16.0,9.0,73.0,48.0,31.0,18.0,34.0,0.0,6.0,2.0,54.0,17.0,498.0,389.0,804.0,106.0,80.0,0.0,370.0,276.0,990.0,Sandro Mazzola,3,1966,1974,12,0.09090909090909091,3.090909090909091,1.4545454545454546,6.636363636363637,4.363636363636363,2.8181818181818183,3.090909090909091,0.0,0.5454545454545454,4.909090909090909,1.5454545454545454,45.27272727272727,35.36363636363637,33.63636363636363,25.09090909090909,73.0909090909091
1419088,3.0,16,10.0,4.0,28.0,16.0,4.0,8.0,36.0,1.0,8.0,1.0,47.0,18.0,297.0,223.0,474.0,33.0,51.0,1.0,241.0,178.0,508.0,Gianni Rivera,3,1966,1974,8,0.5314960629921259,2.8346456692913384,1.7716535433070866,4.960629921259843,2.8346456692913384,0.7086614173228346,6.377952755905511,0.17716535433070865,1.4173228346456692,8.326771653543307,3.1889763779527556,52.61811023622047,39.50787401574803,42.696850393700785,31.53543307086614,83.9763779527559
1419103,0.0,1,0.0,1.0,2.0,1.0,1.0,6.0,0.0,0.0,0.0,0.0,2.0,0.0,100.0,76.0,178.0,11.0,13.0,0.0,50.0,32.0,270.0,Hugo Villanueva,1,1966,1966,3,0.0,0.3333333333333333,0.0,0.6666666666666666,0.3333333333333333,0.3333333333333333,0.0,0.0,0.0,0.6666666666666666,0.0,33.333333333333336,25.333333333333332,16.666666666666668,10.666666666666666,59.333333333333336
1419104,0.0,9,0.0,7.0,6.0,2.0,4.0,10.0,3.0,0.0,0.0,1.0,2.0,2.0,257.0,215.0,443.0,55.0,30.0,1.0,90.0,60.0,810.0,Elías Ricardo Figueroa,3,1966,1982,9,0.0,1.0,0.0,0.6666666666666666,0.2222222222222222,0.4444444444444444,0.3333333333333333,0.0,0.0,0.2222222222222222,0.2222222222222222,28.555555555555557,23.88888888888889,10.0,6.666666666666667,49.22222222222222
1419106,2.0,12,5.0,4.0,10.0,2.0,4.0,12.0,3.0,0.0,0.0,0.0,3.0,1.0,195.0,151.0,267.0,19.0,28.0,0.0,133.0,101.0,270.0,Rubén Marcos,1,1966,1966,3,0.6666666666666666,4.0,1.6666666666666667,3.3333333333333335,0.6666666666666666,1.3333333333333333,1.0,0.0,0.0,1.0,0.3333333333333333,65.0,50.333333333333336,44.333333333333336,33.666666666666664,89.0
1419107,0.0,17,8.0,5.0,19.0,9.0,12.0,3.0,7.0,0.0,1.0,0.0,32.0,4.0,106.0,71.0,235.0,26.0,23.0,0.0,82.0,51.0,270.0,Leonel Sanchez,1,1966,1966,3,0.0,5.666666666666667,2.6666666666666665,6.333333333333333,3.0,4.0,2.3333333333333335,0.0,0.3333333333333333,10.666666666666666,1.3333333333333333,35.333333333333336,23.666666666666668,27.333333333333332,17.0,78.33333333333333
1419109,0.0,6,2.0,1.0,16.0,10.0,2.0,4.0,2.0,0.0,0.0,0.0,3.0,0.0,167.0,115.0,244.0,23.0,25.0,0.0,118.0,72.0,270.0,Ignacio Prieto,1,1966,1966,3,0.0,2.0,0.6666666666666666,5.333333333333333,3.3333333333333335,0.6666666666666666,0.6666666666666666,0.0,0.0,1.0,0.0,55.666666666666664,38.333333333333336,39.333333333333336,24.0,81.33333333333333
1419110,0.0,1,0.0,1.0,2.0,2.0,1.0,5.0,2.0,0.0,0.0,0.0,0.0,0.0,110.0,79.0,150.0,12.0,18.0,0.0,48.0,26.0,270.0,Humberto Cruz,1,1966,1966,3,0.0,0.3333333333333333,0.0,0.6666666666666666,0.6666666666666666,0.3333333333333333,0.6666666666666666,0.0,0.0,0.0,0.0,36.666666666666664,26.333333333333332,16.0,8.666666666666666,50.0
1419111,0.0,4,1.0,3.0,17.0,6.0,7.0,2.0,5.0,0.0,2.0,0.0,10.0,4.0,101.0,68.0,202.0,28.0,29.0,0.0,79.0,50.0,270.0,Pedro Araya,1,1966,1966,3,0.0,1.3333333333333333,0.3333333333333333,5.666666666666667,2.0,2.3333333333333335,1.6666666666666667,0.0,0.6666666666666666,3.3333333333333335,1.3333333333333333,33.666666666666664,22.666666666666668,26.333333333333332,16.666666666666668,67.33333333333333
1419125,0.0,2,0.0,2.0,7.0,5.0,2.0,6.0,3.0,0.0,0.0,0.0,2.0,1.0,85.0,52.0,183.0,23.0,26.0,0.0,36.0,17.0,270.0,Oh Yoon-Kyung,1,1966,1966,3,0.0,0.6666666666666666,0.0,2.3333333333333335,1.6666666666666667,0.6666666666666666,1.0,0.0,0.0,0.6666666666666666,0.3333333333333333,28.333333333333332,17.333333333333332,12.0,5.666666666666667,61.0
1419136,0.0,11,1.0,7.0,0.0,0.0,1.0,7.0,4.0,0.0,0.0,0.0,1.0,0.0,109.0,91.0,181.0,17.0,15.0,0.0,49.0,34.0,360.0,Javier Guzmán Colín,1,1970,1970,4,0.0,2.75,0.25,0.0,0.0,0.25,1.0,0.0,0.0,0.25,0.0,27.25,22.75,12.25,8.5,45.25
1419137,0.0,3,0.0,3.0,10.0,7.0,6.0,13.0,4.0,0.0,1.0,0.0,16.0,6.0,166.0,131.0,270.0,29.0,20.0,0.0,66.0,44.0,360.0,Mario Pérez Guadarrama,1,1970,1970,4,0.0,0.75,0.0,2.5,1.75,1.5,1.0,0.0,0.25,4.0,1.5,41.5,32.75,16.5,11.0,67.5
1419138,0.0,2,1.0,1.0,3.0,2.0,8.0,7.0,6.0,0.0,0.0,0.0,17.0,5.0,173.0,139.0,301.0,28.0,16.0,0.0,93.0,66.0,360.0,José Vantolra,1,1970,1970,4,0.0,0.5,0.25,0.75,0.5,2.0,1.5,0.0,0.0,4.25,1.25,43.25,34.75,23.25,16.5,75.25
1419140,0.0,15,5.0,9.0,5.0,3.0,8.0,3.0,5.0,0.0,0.0,0.0,6.0,1.0,145.0,123.0,210.0,16.0,17.0,1.0,81.0,64.0,270.0,Héctor Pulido,1,1970,1970,3,0.0,5.0,1.6666666666666667,1.6666666666666667,1.0,2.6666666666666665,1.6666666666666667,0.0,0.0,2.0,0.3333333333333333,48.333333333333336,41.0,27.0,21.333333333333332,70.0
1419142,2.0,8,3.0,4.0,14.0,5.0,19.0,12.0,4.0,1.0,1.0,1.0,26.0,6.0,70.0,49.0,175.0,33.0,37.0,1.0,58.0,38.0,315.0,Javier Valdivia,1,1970,1970,4,0.5714285714285714,2.2857142857142856,0.8571428571428571,4.0,1.4285714285714286,5.428571428571429,1.1428571428571428,0.2857142857142857,0.2857142857142857,7.428571428571429,1.7142857142857142,20.0,14.0,16.571428571428573,10.857142857142858,50.0
1419153,0.0,22,9.0,5.0,18.0,10.0,7.0,4.0,10.0,2.0,3.0,0.0,21.0,7.0,201.0,150.0,324.0,31.0,30.0,0.0,165.0,119.0,390.0,Volodymyr Muntian,1,1970,1970,4,0.0,5.0769230769230775,2.076923076923077,4.153846153846154,2.307692307692308,1.6153846153846154,2.307692307692308,0.46153846153846156,0.6923076923076924,4.846153846153847,1.6153846153846154,46.38461538461539,34.61538461538462,38.07692307692308,27.461538461538463,74.76923076923077
1419156,0.0,6,1.0,3.0,16.0,6.0,8.0,4.0,4.0,1.0,1.0,0.0,29.0,4.0,78.0,51.0,171.0,19.0,24.0,0.0,65.0,41.0,345.0,Gennady Yevryuzhikhin,1,1970,1970,4,0.0,1.5652173913043477,0.2608695652173913,4.173913043478261,1.5652173913043477,2.0869565217391304,1.0434782608695652,0.2608695652173913,0.2608695652173913,7.565217391304348,1.0434782608695652,20.34782608695652,13.304347826086955,16.956521739130434,10.695652173913043,44.608695652173914
1419157,4.0,18,6.0,7.0,31.0,16.0,22.0,20.0,3.0,1.0,0.0,1.0,14.0,2.0,58.0,44.0,181.0,41.0,57.0,1.0,52.0,40.0,390.0,Anatoliy Byshovets,1,1970,1970,4,0.9230769230769231,4.153846153846154,1.3846153846153848,7.153846153846154,3.6923076923076925,5.0769230769230775,0.6923076923076924,0.23076923076923078,0.0,3.230769230769231,0.46153846153846156,13.384615384615385,10.153846153846155,12.0,9.230769230769232,41.769230769230774
1419159,0.0,2,0.0,0.0,6.0,3.0,3.0,4.0,2.0,0.0,0.0,0.0,6.0,0.0,83.0,69.0,141.0,14.0,14.0,0.0,50.0,38.0,284.0,Revaz Dzodzuashvili,1,1970,1970,3,0.0,0.6338028169014085,0.0,1.9014084507042255,0.9507042253521127,0.9507042253521127,0.6338028169014085,0.0,0.0,1.9014084507042255,0.0,26.302816901408452,21.866197183098592,15.845070422535212,12.042253521126762,44.683098591549296
1419161,1.0,4,1.0,3.0,20.0,12.0,9.0,7.0,8.0,1.0,0.0,1.0,11.0,1.0,83.0,60.0,161.0,29.0,33.0,1.0,64.0,46.0,323.0,Vitaliy Khmelnytskyi,1,1970,1970,4,0.2786377708978328,1.1145510835913313,0.2786377708978328,5.572755417956656,3.343653250773994,2.5077399380804954,2.2291021671826625,0.2786377708978328,0.0,3.065015479876161,0.2786377708978328,23.126934984520123,16.718266253869967,17.8328173374613,12.817337461300308,44.860681114551085
1419163,0.0,6,1.0,4.0,19.0,12.0,9.0,20.0,10.0,0.0,0.0,0.0,7.0,3.0,322.0,273.0,444.0,51.0,56.0,0.0,184.0,152.0,638.0,Julio Montero Castillo,2,1970,1974,7,0.0,0.8463949843260189,0.14106583072100315,2.68025078369906,1.6927899686520378,1.2695924764890283,1.4106583072100314,0.0,0.0,0.987460815047022,0.42319749216300945,45.42319749216301,38.510971786833856,25.956112852664578,21.44200626959248,62.6332288401254
1419164,1.0,19,3.0,12.0,12.0,5.0,6.0,18.0,13.0,1.0,2.0,0.0,51.0,15.0,255.0,195.0,457.0,28.0,47.0,0.0,153.0,107.0,570.0,Juan Martín Mujica,1,1970,1970,6,0.15789473684210528,3.0,0.4736842105263158,1.8947368421052633,0.7894736842105263,0.9473684210526316,2.0526315789473686,0.15789473684210528,0.31578947368421056,8.052631578947368,2.368421052631579,40.26315789473684,30.789473684210527,24.157894736842106,16.894736842105264,72.15789473684211
1419165,0.0,3,0.0,3.0,1.0,1.0,6.0,5.0,3.0,0.0,0.0,0.0,3.0,1.0,213.0,166.0,297.0,27.0,18.0,0.0,98.0,62.0,570.0,Roberto Matosas,1,1970,1970,6,0.0,0.4736842105263158,0.0,0.15789473684210528,0.15789473684210528,0.9473684210526316,0.4736842105263158,0.0,0.0,0.4736842105263158,0.15789473684210528,33.631578947368425,26.210526315789476,15.473684210526317,9.789473684210527,46.89473684210527
1419166,0.0,5,2.0,2.0,3.0,3.0,2.0,17.0,1.0,0.0,1.0,0.0,1.0,1.0,134.0,108.0,244.0,41.0,26.0,0.0,53.0,34.0,570.0,Atilio Ancheta,1,1970,1970,6,0.0,0.7894736842105263,0.31578947368421056,0.4736842105263158,0.4736842105263158,0.31578947368421056,0.15789473684210528,0.0,0.15789473684210528,0.15789473684210528,0.15789473684210528,21.157894736842106,17.05263157894737,8.368421052631579,5.368421052631579,38.526315789473685
1419167,1.0,17,6.0,9.0,16.0,10.0,17.0,12.0,12.0,0.0,2.0,1.0,13.0,2.0,256.0,205.0,394.0,56.0,51.0,0.0,174.0,130.0,528.0,Ildo Enrique Maneiro,1,1970,1970,6,0.17045454545454547,2.897727272727273,1.0227272727272727,2.7272727272727275,1.7045454545454546,2.897727272727273,2.0454545454545454,0.0,0.34090909090909094,2.2159090909090913,0.34090909090909094,43.63636363636364,34.94318181818182,29.65909090909091,22.15909090909091,67.15909090909092
1419169,1.0,14,4.0,9.0,57.0,30.0,38.0,15.0,14.0,1.0,1.0,5.0,44.0,9.0,202.0,129.0,445.0,78.0,80.0,2.0,174.0,104.0,591.0,Luis Cubilla,2,1970,1974,7,0.15228426395939088,2.1319796954314723,0.6091370558375635,8.68020304568528,4.568527918781726,5.786802030456853,2.1319796954314723,0.15228426395939088,0.15228426395939088,6.7005076142131985,1.3705583756345179,30.761421319796955,19.644670050761423,26.497461928934012,15.837563451776651,67.76649746192894
1419174,0.0,1,0.0,1.0,5.0,1.0,10.0,5.0,7.0,1.0,0.0,0.0,15.0,4.0,55.0,45.0,111.0,14.0,17.0,0.0,44.0,34.0,276.0,Julio César Morales,1,1970,1970,3,0.0,0.32608695652173914,0.0,1.6304347826086956,0.32608695652173914,3.260869565217391,2.282608695652174,0.32608695652173914,0.0,4.891304347826087,1.3043478260869565,17.934782608695652,14.67391304347826,14.347826086956522,11.086956521739129,36.19565217391304
1419180,0.0,0,0.0,0.0,1.0,0.0,1.0,12.0,0.0,0.0,0.0,0.0,1.0,1.0,49.0,36.0,105.0,16.0,21.0,0.0,17.0,12.0,270.0,David Primo,1,1970,1970,3,0.0,0.0,0.0,0.3333333333333333,0.0,0.3333333333333333,0.0,0.0,0.0,0.3333333333333333,0.3333333333333333,16.333333333333332,12.0,5.666666666666667,4.0,35.0
1419181,0.0,0,0.0,0.0,3.0,2.0,1.0,10.0,1.0,0.0,0.0,0.0,5.0,0.0,55.0,41.0,117.0,14.0,20.0,0.0,16.0,10.0,270.0,Yisha'ayahu Schwager,1,1970,1970,3,0.0,0.0,0.0,1.0,0.6666666666666666,0.3333333333333333,0.3333333333333333,0.0,0.0,1.6666666666666667,0.0,18.333333333333332,13.666666666666666,5.333333333333333,3.3333333333333335,39.0
1419182,0.0,2,0.0,1.0,6.0,5.0,3.0,6.0,4.0,0.0,0.0,0.0,0.0,0.0,116.0,93.0,182.0,30.0,15.0,0.0,62.0,45.0,270.0,Shmuel Rosenthal,1,1970,1970,3,0.0,0.6666666666666666,0.0,2.0,1.6666666666666667,1.0,1.3333333333333333,0.0,0.0,0.0,0.0,38.666666666666664,31.0,20.666666666666668,15.0,60.666666666666664
1419183,0.0,0,0.0,0.0,1.0,1.0,3.0,3.0,0.0,0.0,0.0,0.0,1.0,0.0,55.0,46.0,107.0,17.0,12.0,0.0,10.0,5.0,270.0,Zvi Rosen,1,1970,1970,3,0.0,0.0,0.0,0.3333333333333333,0.3333333333333333,1.0,0.0,0.0,0.0,0.3333333333333333,0.0,18.333333333333332,15.333333333333334,3.3333333333333335,1.6666666666666667,35.666666666666664
1419184,0.0,7,2.0,3.0,24.0,14.0,4.0,3.0,5.0,1.0,0.0,0.0,8.0,0.0,160.0,130.0,238.0,24.0,28.0,0.0,102.0,76.0,270.0,Giora Spiegel,1,1970,1970,3,0.0,2.3333333333333335,0.6666666666666666,8.0,4.666666666666667,1.3333333333333333,1.6666666666666667,0.3333333333333333,0.0,2.6666666666666665,0.0,53.333333333333336,43.333333333333336,34.0,25.333333333333332,79.33333333333333
1419185,0.0,3,0.0,2.0,11.0,4.0,5.0,12.0,4.0,0.0,1.0,0.0,5.0,0.0,149.0,124.0,216.0,22.0,37.0,0.0,93.0,73.0,270.0,Itzhak Shum,1,1970,1970,3,0.0,1.0,0.0,3.6666666666666665,1.3333333333333333,1.6666666666666667,1.3333333333333333,0.0,0.3333333333333333,1.6666666666666667,0.0,49.666666666666664,41.333333333333336,31.0,24.333333333333332,72.0
1419186,1.0,10,4.0,3.0,10.0,3.0,10.0,4.0,8.0,0.0,0.0,1.0,21.0,4.0,159.0,123.0,241.0,19.0,27.0,0.0,103.0,76.0,270.0,Mordechai Spiegler,1,1970,1970,3,0.3333333333333333,3.3333333333333335,1.3333333333333333,3.3333333333333335,1.0,3.3333333333333335,2.6666666666666665,0.0,0.0,7.0,1.3333333333333333,53.0,41.0,34.333333333333336,25.333333333333332,80.33333333333333
1419202,0.0,0,0.0,0.0,3.0,1.0,5.0,8.0,0.0,0.0,0.0,0.0,0.0,0.0,77.0,69.0,124.0,18.0,11.0,0.0,23.0,19.0,270.0,Orlando De la Torre,1,1970,1970,3,0.0,0.0,0.0,1.0,0.3333333333333333,1.6666666666666667,0.0,0.0,0.0,0.0,0.0,25.666666666666668,23.0,7.666666666666667,6.333333333333333,41.333333333333336
1419203,0.0,5,1.0,3.0,4.0,1.0,3.0,4.0,1.0,0.0,0.0,0.0,3.0,0.0,138.0,121.0,208.0,18.0,19.0,0.0,65.0,54.0,360.0,Nicolas Fuentes,1,1970,1970,4,0.0,1.25,0.25,1.0,0.25,0.75,0.25,0.0,0.0,0.75,0.0,34.5,30.25,16.25,13.5,52.0
1419205,1.0,21,7.0,6.0,9.0,6.0,5.0,10.0,7.0,1.0,0.0,0.0,1.0,0.0,322.0,268.0,500.0,39.0,30.0,0.0,124.0,86.0,900.0,Héctor Chumpitaz,2,1970,1978,10,0.1,2.1,0.7,0.9,0.6,0.5,0.7,0.1,0.0,0.1,0.0,32.2,26.8,12.4,8.6,50.0
1419206,10.0,51,23.0,14.0,72.0,36.0,22.0,11.0,25.0,2.0,1.0,4.0,6.0,0.0,677.0,534.0,970.0,81.0,102.0,0.0,480.0,356.0,1097.0,Teófilo Cubillas,3,1970,1982,13,0.8204193254329991,4.184138559708296,1.886964448495898,5.907019143117593,2.9535095715587967,1.8049225159525981,2.051048313582498,0.16408386508659983,0.08204193254329992,0.4922515952597995,0.0,55.54238833181404,43.810391978122155,39.38012762078396,29.20692798541477,79.58067456700091
1419207,1.0,8,3.0,2.0,8.0,6.0,3.0,1.0,14.0,0.0,0.0,0.0,5.0,0.0,329.0,271.0,380.0,17.0,14.0,0.0,225.0,177.0,340.0,Roberto Challe,1,1970,1970,4,0.2647058823529412,2.1176470588235294,0.7941176470588236,2.1176470588235294,1.5882352941176472,0.7941176470588236,3.7058823529411766,0.0,0.0,1.3235294117647058,0.0,87.08823529411765,71.73529411764706,59.55882352941177,46.85294117647059,100.58823529411765
1419209,0.0,9,1.0,4.0,2.0,1.0,3.0,5.0,7.0,1.0,0.0,0.0,0.0,0.0,261.0,228.0,308.0,16.0,25.0,0.0,163.0,135.0,326.0,Ramon Mifflin,1,1970,1970,4,0.0,2.4846625766871164,0.27607361963190186,0.5521472392638037,0.27607361963190186,0.8282208588957055,1.9325153374233128,0.27607361963190186,0.0,0.0,0.0,72.05521472392638,62.94478527607362,45.0,37.26993865030675,85.03067484662577
1419210,2.0,24,6.0,16.0,14.0,6.0,4.0,5.0,7.0,0.0,0.0,2.0,9.0,1.0,61.0,53.0,147.0,19.0,22.0,0.0,51.0,43.0,346.0,Alberto Gallardo,1,1970,1970,4,0.5202312138728323,6.242774566473988,1.560693641618497,3.6416184971098264,1.560693641618497,1.0404624277456647,1.8208092485549132,0.0,0.0,2.3410404624277454,0.26011560693641617,15.867052023121387,13.786127167630058,13.265895953757225,11.184971098265896,38.23699421965318
1419211,0.0,15,4.0,10.0,16.0,8.0,6.0,4.0,18.0,2.0,1.0,0.0,1.0,0.0,159.0,127.0,220.0,15.0,19.0,1.0,135.0,104.0,296.0,Pedro León,1,1970,1970,4,0.0,4.560810810810811,1.2162162162162162,4.864864864864865,2.4324324324324325,1.8243243243243243,5.472972972972973,0.6081081081081081,0.30405405405405406,0.30405405405405406,0.0,48.3445945945946,38.61486486486486,41.0472972972973,31.621621621621625,66.89189189189189
1419221,0.0,2,2.0,0.0,34.0,20.0,12.0,5.0,14.0,1.0,1.0,1.0,3.0,0.0,147.0,118.0,253.0,39.0,43.0,0.0,117.0,92.0,353.0,Hugo Sotil,2,1970,1978,8,0.0,0.509915014164306,0.509915014164306,8.668555240793202,5.09915014164306,3.059490084985836,3.5694050991501416,0.254957507082153,0.254957507082153,0.764872521246459,0.0,37.478753541076486,30.084985835694052,29.8300283286119,23.456090651558075,64.5042492917847
1419225,2.0,22,4.0,11.0,46.0,24.0,18.0,10.0,12.0,3.0,1.0,1.0,6.0,1.0,259.0,201.0,416.0,61.0,65.0,1.0,210.0,156.0,462.0,Hristo Bonev,2,1970,1974,6,0.3896103896103896,4.285714285714286,0.7792207792207791,8.96103896103896,4.675324675324675,3.506493506493506,2.3376623376623376,0.5844155844155844,0.1948051948051948,1.1688311688311688,0.1948051948051948,50.45454545454545,39.15584415584415,40.90909090909091,30.389610389610386,81.03896103896103
1419228,1.0,10,2.0,5.0,2.0,2.0,2.0,8.0,6.0,0.0,1.0,1.0,4.0,1.0,156.0,133.0,209.0,20.0,21.0,0.0,95.0,78.0,329.0,Asparuh Nikodimov,2,1970,1974,4,0.2735562310030395,2.7355623100303954,0.547112462006079,0.547112462006079,0.547112462006079,0.547112462006079,1.6413373860182372,0.0,0.2735562310030395,1.094224924012158,0.2735562310030395,42.67477203647417,36.38297872340426,25.987841945288753,21.337386018237083,57.17325227963526
1419235,0.0,3,2.0,1.0,24.0,15.0,10.0,9.0,4.0,0.0,0.0,0.0,28.0,4.0,125.0,101.0,257.0,44.0,26.0,0.0,67.0,49.0,390.0,Terry Cooper,1,1970,1970,4,0.0,0.6923076923076924,0.46153846153846156,5.538461538461539,3.4615384615384617,2.307692307692308,0.9230769230769231,0.0,0.0,6.461538461538462,0.9230769230769231,28.846153846153847,23.30769230769231,15.461538461538463,11.307692307692308,59.307692307692314
1419236,1.0,3,1.0,2.0,1.0,1.0,4.0,6.0,5.0,0.0,0.0,0.0,6.0,1.0,195.0,178.0,248.0,15.0,11.0,0.0,119.0,104.0,390.0,Alan Mullery,1,1970,1970,4,0.23076923076923078,0.6923076923076924,0.23076923076923078,0.23076923076923078,0.23076923076923078,0.9230769230769231,1.153846153846154,0.0,0.0,1.3846153846153848,0.23076923076923078,45.0,41.07692307692308,27.461538461538463,24.0,57.23076923076923
1419238,0.0,1,0.0,1.0,0.0,0.0,1.0,5.0,0.0,0.0,0.0,0.0,0.0,0.0,43.0,38.0,94.0,16.0,9.0,0.0,19.0,14.0,300.0,Brian Labone,1,1970,1970,3,0.0,0.3,0.0,0.0,0.0,0.3,0.0,0.0,0.0,0.0,0.0,12.899999999999999,11.4,5.7,4.2,28.2
1419248,0.0,2,1.0,0.0,3.0,0.0,6.0,9.0,2.0,0.0,0.0,0.0,3.0,1.0,94.0,76.0,153.0,22.0,20.0,0.0,45.0,29.0,270.0,Mihai Mocanu,1,1970,1970,3,0.0,0.6666666666666666,0.3333333333333333,1.0,0.0,2.0,0.6666666666666666,0.0,0.0,1.0,0.3333333333333333,31.333333333333332,25.333333333333332,15.0,9.666666666666666,51.0
1419249,0.0,1,0.0,1.0,1.0,1.0,2.0,5.0,2.0,0.0,0.0,1.0,1.0,0.0,62.0,54.0,106.0,18.0,11.0,0.0,25.0,20.0,270.0,Nicolae Lupescu,1,1970,1970,3,0.0,0.3333333333333333,0.0,0.3333333333333333,0.3333333333333333,0.6666666666666666,0.6666666666666666,0.0,0.0,0.3333333333333333,0.0,20.666666666666668,18.0,8.333333333333334,6.666666666666667,35.333333333333336
1419250,0.0,8,0.0,4.0,3.0,3.0,4.0,7.0,1.0,0.0,0.0,0.0,0.0,0.0,111.0,93.0,172.0,22.0,19.0,0.0,47.0,39.0,270.0,Cornel Dinu,1,1970,1970,3,0.0,2.6666666666666665,0.0,1.0,1.0,1.3333333333333333,0.3333333333333333,0.0,0.0,0.0,0.0,37.0,31.0,15.666666666666666,13.0,57.333333333333336
1419251,0.0,2,0.0,1.0,8.0,4.0,4.0,4.0,9.0,1.0,1.0,0.0,18.0,5.0,128.0,105.0,201.0,17.0,15.0,0.0,75.0,59.0,270.0,Lajos Sătmăreanu,1,1970,1970,3,0.0,0.6666666666666666,0.0,2.6666666666666665,1.3333333333333333,1.3333333333333333,3.0,0.3333333333333333,0.3333333333333333,6.0,1.6666666666666667,42.666666666666664,35.0,25.0,19.666666666666668,67.0
1419253,1.0,12,5.0,5.0,18.0,14.0,2.0,1.0,8.0,0.0,1.0,0.0,5.0,1.0,128.0,118.0,186.0,21.0,16.0,0.0,85.0,77.0,270.0,Emerich Dembrovschi,1,1970,1970,3,0.3333333333333333,4.0,1.6666666666666667,6.0,4.666666666666667,0.6666666666666666,2.6666666666666665,0.0,0.3333333333333333,1.6666666666666667,0.3333333333333333,42.666666666666664,39.333333333333336,28.333333333333332,25.666666666666668,62.0
1419254,0.0,8,2.0,3.0,9.0,5.0,5.0,4.0,8.0,1.0,2.0,0.0,1.0,1.0,207.0,178.0,260.0,17.0,16.0,0.0,122.0,94.0,270.0,Radu Nunweiller,1,1970,1970,3,0.0,2.6666666666666665,0.6666666666666666,3.0,1.6666666666666667,1.6666666666666667,2.6666666666666665,0.3333333333333333,0.6666666666666666,0.3333333333333333,0.3333333333333333,69.0,59.333333333333336,40.666666666666664,31.333333333333332,86.66666666666667
1419270,0.0,12,3.0,7.0,13.0,5.0,11.0,19.0,7.0,0.0,1.0,0.0,14.0,4.0,187.0,143.0,300.0,37.0,41.0,0.0,114.0,85.0,555.0,Mario Bertini,1,1970,1970,6,0.0,1.9459459459459458,0.48648648648648646,2.108108108108108,0.8108108108108107,1.7837837837837838,1.135135135135135,0.0,0.16216216216216214,2.27027027027027,0.6486486486486486,30.324324324324323,23.18918918918919,18.486486486486484,13.783783783783782,48.648648648648646
1419271,0.0,0,0.0,0.0,6.0,5.0,7.0,4.0,2.0,0.0,1.0,0.0,0.0,0.0,225.0,190.0,312.0,25.0,17.0,0.0,57.0,35.0,570.0,Pierluigi Cera,1,1970,1970,6,0.0,0.0,0.0,0.9473684210526316,0.7894736842105263,1.105263157894737,0.31578947368421056,0.0,0.15789473684210528,0.0,0.0,35.526315789473685,30.0,9.0,5.526315789473684,49.26315789473684
1419272,2.0,16,4.0,7.0,28.0,11.0,16.0,9.0,15.0,1.0,2.0,0.0,20.0,2.0,123.0,85.0,257.0,38.0,58.0,0.0,108.0,71.0,609.0,Roberto Boninsegna,2,1970,1974,7,0.2955665024630542,2.3645320197044337,0.5911330049261084,4.137931034482759,1.625615763546798,2.3645320197044337,2.2167487684729066,0.1477832512315271,0.2955665024630542,2.955665024630542,0.2955665024630542,18.177339901477833,12.561576354679802,15.960591133004927,10.492610837438423,37.98029556650246
1419273,1.0,29,4.0,16.0,22.0,12.0,11.0,14.0,10.0,1.0,3.0,0.0,22.0,9.0,178.0,135.0,312.0,33.0,40.0,0.0,121.0,86.0,474.0,Angelo Domenghini,1,1970,1970,6,0.189873417721519,5.506329113924051,0.759493670886076,4.177215189873418,2.278481012658228,2.088607594936709,1.89873417721519,0.189873417721519,0.569620253164557,4.177215189873418,1.7088607594936709,33.79746835443038,25.632911392405063,22.974683544303797,16.329113924050635,59.24050632911393
1419274,3.0,71,19.0,32.0,45.0,17.0,15.0,14.0,14.0,1.0,3.0,11.0,5.0,0.0,95.0,61.0,304.0,56.0,89.0,1.0,90.0,56.0,750.0,Luigi Riva,2,1970,1974,8,0.36,8.52,2.28,5.3999999999999995,2.04,1.7999999999999998,1.68,0.12,0.36,0.6,0.0,11.399999999999999,7.319999999999999,10.799999999999999,6.72,36.48
1419275,0.0,5,0.0,4.0,18.0,11.0,19.0,8.0,18.0,0.0,0.0,0.0,12.0,3.0,265.0,232.0,378.0,45.0,30.0,1.0,173.0,145.0,570.0,Giancarlo De Sisti,1,1970,1970,6,0.0,0.7894736842105263,0.0,2.8421052631578947,1.736842105263158,3.0,2.8421052631578947,0.0,0.0,1.8947368421052633,0.4736842105263158,41.8421052631579,36.631578947368425,27.315789473684212,22.894736842105264,59.684210526315795
1419285,0.0,1,0.0,0.0,7.0,3.0,5.0,9.0,2.0,0.0,0.0,0.0,1.0,0.0,396.0,328.0,550.0,31.0,27.0,0.0,182.0,132.0,900.0,Björn Nordqvist,3,1970,1978,10,0.0,0.1,0.0,0.7,0.3,0.5,0.2,0.0,0.0,0.1,0.0,39.6,32.8,18.2,13.2,55.0
1419286,0.0,4,0.0,3.0,21.0,9.0,5.0,7.0,1.0,0.0,0.0,0.0,15.0,2.0,153.0,124.0,265.0,29.0,39.0,0.0,83.0,65.0,466.0,Roland Grip,2,1970,1974,6,0.0,0.7725321888412017,0.0,4.055793991416309,1.7381974248927037,0.9656652360515021,0.19313304721030042,0.0,0.0,2.896995708154506,0.38626609442060084,29.549356223175963,23.948497854077253,16.030042918454935,12.553648068669528,51.18025751072961
1419287,0.0,2,0.0,2.0,10.0,4.0,10.0,12.0,4.0,0.0,1.0,0.0,12.0,4.0,165.0,129.0,298.0,41.0,39.0,0.0,81.0,50.0,524.0,Jan Olsson,2,1970,1974,6,0.0,0.3435114503816794,0.0,1.717557251908397,0.6870229007633588,1.717557251908397,0.6870229007633588,0.0,0.1717557251908397,2.0610687022900764,0.6870229007633588,28.33969465648855,22.15648854961832,13.912213740458016,8.587786259541986,51.18320610687023
1419288,0.0,0,0.0,0.0,2.0,1.0,0.0,2.0,0.0,0.0,0.0,0.0,1.0,0.0,97.0,78.0,132.0,6.0,9.0,0.0,41.0,26.0,270.0,Kurt Axelsson,1,1970,1970,3,0.0,0.0,0.0,0.6666666666666666,0.3333333333333333,0.0,0.0,0.0,0.0,0.3333333333333333,0.0,32.333333333333336,26.0,13.666666666666666,8.666666666666666,44.0
1419289,1.0,19,7.0,8.0,6.0,3.0,5.0,15.0,5.0,0.0,1.0,0.0,13.0,7.0,220.0,146.0,359.0,40.0,50.0,0.0,156.0,94.0,635.0,Ove Grahn,2,1970,1974,8,0.14173228346456693,2.6929133858267718,0.9921259842519685,0.8503937007874016,0.4251968503937008,0.7086614173228347,0.7086614173228347,0.0,0.14173228346456693,1.8425196850393701,0.9921259842519685,31.181102362204726,20.692913385826774,22.11023622047244,13.322834645669293,50.881889763779526
1419290,0.0,13,2.0,8.0,17.0,8.0,11.0,7.0,9.0,2.0,1.0,2.0,1.0,0.0,99.0,74.0,168.0,21.0,38.0,0.0,74.0,53.0,387.0,Ove Kindvall,2,1970,1974,5,0.0,3.0232558139534884,0.46511627906976744,3.9534883720930236,1.8604651162790697,2.558139534883721,2.0930232558139537,0.46511627906976744,0.23255813953488372,0.23255813953488372,0.0,23.02325581395349,17.209302325581397,17.209302325581397,12.325581395348838,39.06976744186046
1419291,0.0,18,4.0,12.0,31.0,14.0,22.0,22.0,20.0,1.0,3.0,1.0,40.0,9.0,412.0,316.0,698.0,78.0,80.0,0.0,275.0,196.0,923.0,Bo Larsson,3,1970,1978,11,0.0,1.7551462621885157,0.390032502708559,3.022751895991332,1.3651137594799565,2.1451787648970746,1.9501625135427951,0.09750812567713975,0.29252437703141926,3.9003250270855903,0.8775731310942578,40.17334777898158,30.81256771397616,26.81473456121343,19.111592632719393,68.06067172264355
1419292,0.0,8,1.0,5.0,10.0,4.0,7.0,5.0,3.0,0.0,1.0,0.0,4.0,0.0,157.0,118.0,248.0,30.0,34.0,0.0,116.0,82.0,270.0,Tommy Svensson,1,1970,1970,3,0.0,2.6666666666666665,0.3333333333333333,3.3333333333333335,1.3333333333333333,2.3333333333333335,1.0,0.0,0.3333333333333333,1.3333333333333333,0.0,52.333333333333336,39.333333333333336,38.666666666666664,27.333333333333332,82.66666666666667
1419300,0.0,5,1.0,4.0,15.0,11.0,6.0,8.0,2.0,1.0,2.0,0.0,10.0,2.0,100.0,71.0,181.0,26.0,23.0,0.0,61.0,40.0,280.0,Örjan Persson,2,1970,1974,4,0.0,1.6071428571428572,0.3214285714285714,4.821428571428571,3.5357142857142856,1.9285714285714286,0.6428571428571428,0.3214285714285714,0.6428571428571428,3.2142857142857144,0.6428571428571428,32.14285714285714,22.82142857142857,19.607142857142858,12.857142857142858,58.17857142857143
1419307,0.0,0,0.0,0.0,5.0,4.0,5.0,10.0,3.0,0.0,1.0,0.0,0.0,0.0,365.0,335.0,478.0,47.0,39.0,0.0,135.0,119.0,781.0,Piazza,2,1970,1974,9,0.0,0.0,0.0,0.5761843790012805,0.46094750320102434,0.5761843790012805,0.34571062740076824,0.0,0.11523687580025609,0.0,0.0,42.06145966709347,38.60435339308579,15.556978233034572,13.713188220230474,55.08322663252241
1419308,0.0,7,1.0,5.0,6.0,5.0,4.0,7.0,2.0,0.0,0.0,0.0,2.0,0.0,198.0,165.0,298.0,22.0,15.0,1.0,94.0,69.0,417.0,Everaldo,1,1970,1970,5,0.0,1.5107913669064748,0.2158273381294964,1.2949640287769784,1.079136690647482,0.8633093525179856,0.4316546762589928,0.0,0.0,0.4316546762589928,0.0,42.73381294964028,35.611510791366904,20.28776978417266,14.89208633093525,64.31654676258992
1419309,1.0,12,2.0,6.0,6.0,4.0,4.0,6.0,8.0,0.0,1.0,0.0,21.0,3.0,402.0,349.0,523.0,21.0,10.0,0.0,233.0,187.0,540.0,Carlos Alberto Torres,1,1970,1970,6,0.16666666666666666,2.0,0.3333333333333333,1.0,0.6666666666666666,0.6666666666666666,1.3333333333333333,0.0,0.16666666666666666,3.5,0.5,67.0,58.166666666666664,38.833333333333336,31.166666666666668,87.16666666666667
1419310,1.0,8,1.0,5.0,21.0,15.0,4.0,5.0,7.0,0.0,0.0,0.0,1.0,0.0,309.0,289.0,398.0,42.0,30.0,0.0,163.0,152.0,523.0,Clodoaldo,1,1970,1970,6,0.17208413001912046,1.3766730401529637,0.17208413001912046,3.61376673040153,2.581261950286807,0.6883365200764818,1.2045889101338432,0.0,0.0,0.17208413001912046,0.0,53.17399617590822,49.732313575525815,28.049713193116634,26.156787762906312,68.48948374760994
1419311,6.0,62,22.0,28.0,66.0,49.0,46.0,22.0,24.0,3.0,4.0,3.0,23.0,4.0,799.0,662.0,1139.0,127.0,87.0,2.0,544.0,433.0,1206.0,Rivellino,3,1970,1978,15,0.44776119402985076,4.626865671641791,1.6417910447761193,4.925373134328358,3.656716417910448,3.432835820895522,1.791044776119403,0.22388059701492538,0.29850746268656714,1.716417910447761,0.29850746268656714,59.62686567164179,49.40298507462686,40.59701492537313,32.3134328358209,85.0
1419316,0.0,2,0.0,0.0,5.0,4.0,6.0,9.0,2.0,1.0,1.0,0.0,8.0,2.0,153.0,122.0,246.0,26.0,14.0,0.0,81.0,62.0,360.0,Ze Maria,1,1974,1974,4,0.0,0.5,0.0,1.25,1.0,1.5,0.5,0.25,0.25,2.0,0.5,38.25,30.5,20.25,15.5,61.5
1419320,0.0,20,7.0,6.0,33.0,21.0,28.0,17.0,16.0,2.0,2.0,1.0,26.0,4.0,271.0,230.0,447.0,57.0,55.0,1.0,163.0,134.0,642.0,Caju,2,1970,1974,9,0.0,2.803738317757009,0.9813084112149533,4.626168224299065,2.9439252336448596,3.925233644859813,2.2429906542056073,0.2803738317757009,0.2803738317757009,3.644859813084112,0.5607476635514018,37.99065420560748,32.242990654205606,22.850467289719624,18.785046728971963,62.66355140186916
1419323,0.0,2,0.0,2.0,0.0,0.0,3.0,6.0,2.0,0.0,0.0,0.0,0.0,0.0,56.0,50.0,106.0,15.0,11.0,0.0,21.0,17.0,270.0,Vaclav Migas,1,1970,1970,3,0.0,0.6666666666666666,0.0,0.0,0.0,1.0,0.6666666666666666,0.0,0.0,0.0,0.0,18.666666666666668,16.666666666666668,7.0,5.666666666666667,35.333333333333336
1419325,0.0,4,1.0,3.0,6.0,3.0,3.0,0.0,7.0,0.0,0.0,0.0,3.0,1.0,176.0,156.0,227.0,12.0,10.0,1.0,110.0,95.0,270.0,Karol Dobiaš,1,1970,1970,3,0.0,1.3333333333333333,0.3333333333333333,2.0,1.0,1.0,2.3333333333333335,0.0,0.0,1.0,0.3333333333333333,58.666666666666664,52.0,36.666666666666664,31.666666666666668,75.66666666666667
1419326,2.0,9,3.0,5.0,27.0,16.0,7.0,2.0,7.0,0.0,0.0,2.0,4.0,0.0,58.0,37.0,133.0,28.0,28.0,0.0,52.0,32.0,270.0,Ladislav Petráš,1,1970,1970,3,0.6666666666666666,3.0,1.0,9.0,5.333333333333333,2.3333333333333335,2.3333333333333335,0.0,0.0,1.3333333333333333,0.0,19.333333333333332,12.333333333333334,17.333333333333332,10.666666666666666,44.333333333333336
1419330,0.0,11,3.0,5.0,5.0,4.0,4.0,9.0,8.0,0.0,0.0,1.0,2.0,1.0,116.0,106.0,168.0,14.0,23.0,0.0,70.0,61.0,270.0,Ladislav Kuna,1,1970,1970,3,0.0,3.6666666666666665,1.0,1.6666666666666667,1.3333333333333333,1.3333333333333333,2.6666666666666665,0.0,0.0,0.6666666666666666,0.3333333333333333,38.666666666666664,35.333333333333336,23.333333333333332,20.333333333333332,56.0
1419344,0.0,0,0.0,0.0,4.0,2.0,6.0,10.0,6.0,0.0,0.0,0.0,2.0,1.0,160.0,141.0,227.0,19.0,28.0,0.0,57.0,45.0,480.0,Klaus Fichtel,1,1970,1970,5,0.0,0.0,0.0,0.75,0.375,1.125,1.125,0.0,0.0,0.375,0.1875,30.0,26.4375,10.6875,8.4375,42.5625
1419345,0.0,17,5.0,8.0,26.0,7.0,25.0,38.0,11.0,1.0,1.0,1.0,19.0,2.0,572.0,497.0,980.0,128.0,112.0,0.0,315.0,263.0,1770.0,Hans-Hubert Vogts,3,1970,1978,19,0.0,0.8644067796610169,0.2542372881355932,1.3220338983050848,0.3559322033898305,1.271186440677966,0.559322033898305,0.05084745762711864,0.05084745762711864,0.9661016949152542,0.10169491525423728,29.08474576271186,25.271186440677965,16.01694915254237,13.372881355932202,49.83050847457627
1419346,14.0,56,34.0,14.0,34.0,14.0,21.0,11.0,32.0,5.0,5.0,13.0,2.0,0.0,351.0,287.0,574.0,58.0,95.0,3.0,276.0,219.0,1230.0,Gerd Müller,2,1970,1974,13,1.024390243902439,4.097560975609756,2.4878048780487805,2.4878048780487805,1.024390243902439,1.5365853658536586,2.3414634146341466,0.36585365853658536,0.36585365853658536,0.14634146341463417,0.0,25.682926829268293,21.0,20.195121951219512,16.024390243902438,42.0
1419348,1.0,4,1.0,1.0,39.0,24.0,7.0,5.0,16.0,3.0,5.0,0.0,52.0,22.0,149.0,131.0,287.0,35.0,26.0,0.0,92.0,75.0,363.0,Reinhard Libuda,1,1970,1970,5,0.24793388429752067,0.9917355371900827,0.24793388429752067,9.669421487603307,5.9504132231404965,1.7355371900826446,3.9669421487603307,0.7438016528925621,1.2396694214876034,12.892561983471074,5.454545454545455,36.94214876033058,32.47933884297521,22.8099173553719,18.59504132231405,71.15702479338843
1419349,0.0,14,2.0,8.0,17.0,7.0,11.0,4.0,12.0,2.0,4.0,1.0,22.0,5.0,141.0,125.0,240.0,25.0,28.0,1.0,74.0,64.0,350.0,Johannes Löhr,1,1970,1970,6,0.0,3.6,0.5142857142857143,4.371428571428572,1.8,2.8285714285714287,3.085714285714286,0.5142857142857143,1.0285714285714287,5.6571428571428575,1.2857142857142858,36.25714285714286,32.142857142857146,19.02857142857143,16.45714285714286,61.714285714285715
1419353,0.0,9,3.0,5.0,1.0,0.0,3.0,2.0,0.0,0.0,0.0,0.0,0.0,0.0,112.0,89.0,170.0,13.0,13.0,0.0,65.0,44.0,270.0,Kacem Slimani,1,1970,1970,3,0.0,3.0,1.0,0.3333333333333333,0.0,1.0,0.0,0.0,0.0,0.0,0.0,37.333333333333336,29.666666666666668,21.666666666666668,14.666666666666666,56.666666666666664
1419356,0.0,2,0.0,2.0,0.0,0.0,0.0,1.0,0.0,0.0,0.0,0.0,0.0,0.0,66.0,59.0,131.0,15.0,16.0,0.0,13.0,8.0,270.0,Moulay Idriss Khanousi,1,1970,1970,3,0.0,0.6666666666666666,0.0,0.0,0.0,0.0,0.0,0.0,0.0,0.0,0.0,22.0,19.666666666666668,4.333333333333333,2.6666666666666665,43.666666666666664
1419358,0.0,6,1.0,4.0,4.0,1.0,2.0,5.0,7.0,0.0,1.0,1.0,4.0,0.0,99.0,87.0,158.0,11.0,10.0,1.0,49.0,41.0,270.0,Mohammed Mahroufi,1,1970,1970,3,0.0,2.0,0.3333333333333333,1.3333333333333333,0.3333333333333333,0.6666666666666666,2.3333333333333335,0.0,0.3333333333333333,1.3333333333333333,0.0,33.0,29.0,16.333333333333332,13.666666666666666,52.666666666666664
1419360,0.0,3,1.0,1.0,6.0,3.0,2.0,3.0,10.0,0.0,0.0,0.0,1.0,0.0,99.0,79.0,147.0,10.0,9.0,0.0,75.0,56.0,270.0,Mohammed El Filali,1,1970,1970,3,0.0,1.0,0.3333333333333333,2.0,1.0,0.6666666666666666,3.3333333333333335,0.0,0.0,0.3333333333333333,0.0,33.0,26.333333333333332,25.0,18.666666666666668,49.0
1419372,0.0,2,0.0,1.0,11.0,5.0,8.0,3.0,10.0,1.0,2.0,0.0,28.0,6.0,101.0,78.0,179.0,16.0,12.0,0.0,86.0,64.0,270.0,Léon Semmeling,1,1970,1970,3,0.0,0.6666666666666666,0.0,3.6666666666666665,1.6666666666666667,2.6666666666666665,3.3333333333333335,0.3333333333333333,0.6666666666666666,9.333333333333334,2.0,33.666666666666664,26.0,28.666666666666668,21.333333333333332,59.666666666666664
1419373,0.0,1,1.0,0.0,4.0,3.0,2.0,4.0,0.0,0.0,0.0,0.0,0.0,0.0,52.0,42.0,93.0,9.0,14.0,0.0,21.0,15.0,270.0,Nicolas Dewalque,1,1970,1970,3,0.0,0.3333333333333333,0.3333333333333333,1.3333333333333333,1.0,0.6666666666666666,0.0,0.0,0.0,0.0,0.0,17.333333333333332,14.0,7.0,5.0,31.0
1419374,0.0,3,0.0,2.0,10.0,6.0,3.0,4.0,3.0,0.0,0.0,0.0,1.0,0.0,86.0,68.0,150.0,24.0,12.0,0.0,51.0,38.0,270.0,Jean Thissen,1,1970,1970,3,0.0,1.0,0.0,3.3333333333333335,2.0,1.0,1.0,0.0,0.0,0.3333333333333333,0.0,28.666666666666668,22.666666666666668,17.0,12.666666666666666,50.0
1419375,0.0,6,0.0,3.0,8.0,4.0,7.0,5.0,4.0,0.0,0.0,0.0,0.0,0.0,93.0,69.0,156.0,25.0,19.0,0.0,51.0,34.0,270.0,Jean Dockx,1,1970,1970,3,0.0,2.0,0.0,2.6666666666666665,1.3333333333333333,2.3333333333333335,1.3333333333333333,0.0,0.0,0.0,0.0,31.0,23.0,17.0,11.333333333333334,52.0
1419376,0.0,9,2.0,6.0,12.0,4.0,7.0,5.0,13.0,0.0,0.0,2.0,5.0,0.0,135.0,108.0,203.0,23.0,30.0,0.0,122.0,96.0,270.0,Paul Van Himst,1,1970,1970,3,0.0,3.0,0.6666666666666666,4.0,1.3333333333333333,2.3333333333333335,4.333333333333333,0.0,0.0,1.6666666666666667,0.0,45.0,36.0,40.666666666666664,32.0,67.66666666666667
1419377,0.0,1,0.0,1.0,0.0,0.0,3.0,2.0,3.0,0.0,0.0,0.0,5.0,1.0,101.0,82.0,162.0,20.0,13.0,0.0,68.0,53.0,270.0,Georges Heylens,1,1970,1970,3,0.0,0.3333333333333333,0.0,0.0,0.0,1.0,1.0,0.0,0.0,1.6666666666666667,0.3333333333333333,33.666666666666664,27.333333333333332,22.666666666666668,17.666666666666668,54.0
1419378,2.0,15,6.0,5.0,10.0,5.0,4.0,5.0,9.0,0.0,1.0,2.0,10.0,1.0,256.0,213.0,357.0,36.0,28.0,1.0,175.0,138.0,369.0,Wilfried Van Moer,2,1970,1982,6,0.48780487804878053,3.658536585365854,1.4634146341463417,2.439024390243903,1.2195121951219514,0.9756097560975611,2.1951219512195124,0.0,0.24390243902439027,2.439024390243903,0.24390243902439027,62.43902439024391,51.951219512195124,42.6829268292683,33.65853658536586,87.07317073170732
1419379,0.0,13,5.0,4.0,8.0,2.0,0.0,3.0,7.0,1.0,1.0,0.0,35.0,3.0,103.0,79.0,186.0,10.0,17.0,1.0,76.0,57.0,270.0,Wilfried Puis,1,1970,1970,3,0.0,4.333333333333333,1.6666666666666667,2.6666666666666665,0.6666666666666666,0.0,2.3333333333333335,0.3333333333333333,0.3333333333333333,11.666666666666666,1.0,34.333333333333336,26.333333333333332,25.333333333333332,19.0,62.0
1419395,0.0,4,2.0,2.0,0.0,0.0,2.0,5.0,2.0,0.0,0.0,0.0,1.0,0.0,75.0,51.0,145.0,17.0,12.0,0.0,27.0,13.0,270.0,Salvador Mariona,1,1970,1970,3,0.0,1.3333333333333333,0.6666666666666666,0.0,0.0,0.6666666666666666,0.6666666666666666,0.0,0.0,0.3333333333333333,0.0,25.0,17.0,9.0,4.333333333333333,48.333333333333336
1419396,0.0,0,0.0,0.0,2.0,1.0,1.0,3.0,0.0,0.0,0.0,0.0,0.0,0.0,79.0,62.0,121.0,10.0,12.0,0.0,19.0,10.0,270.0,Saturnino Osorio,1,1970,1970,3,0.0,0.0,0.0,0.6666666666666666,0.3333333333333333,0.3333333333333333,0.0,0.0,0.0,0.0,0.0,26.333333333333332,20.666666666666668,6.333333333333333,3.3333333333333335,40.333333333333336
1419397,0.0,1,0.0,0.0,2.0,1.0,4.0,5.0,1.0,0.0,0.0,0.0,5.0,0.0,139.0,116.0,225.0,22.0,16.0,0.0,58.0,44.0,270.0,Roberto Rivas,1,1970,1970,3,0.0,0.3333333333333333,0.0,0.6666666666666666,0.3333333333333333,1.3333333333333333,0.3333333333333333,0.0,0.0,1.6666666666666667,0.0,46.333333333333336,38.666666666666664,19.333333333333332,14.666666666666666,75.0
1419400,0.0,3,0.0,2.0,5.0,2.0,2.0,2.0,2.0,0.0,0.0,0.0,0.0,0.0,99.0,66.0,149.0,13.0,11.0,0.0,49.0,23.0,270.0,Jorge Vasquez,1,1970,1970,3,0.0,1.0,0.0,1.6666666666666667,0.6666666666666666,0.6666666666666666,0.6666666666666666,0.0,0.0,0.0,0.0,33.0,22.0,16.333333333333332,7.666666666666667,49.666666666666664
1419415,0.0,2,1.0,1.0,10.0,7.0,8.0,15.0,2.0,1.0,0.0,2.0,3.0,0.0,247.0,218.0,356.0,38.0,31.0,0.0,93.0,72.0,534.0,Luís Pereira,1,1974,1974,6,0.0,0.33707865168539325,0.16853932584269662,1.6853932584269662,1.1797752808988764,1.348314606741573,0.33707865168539325,0.16853932584269662,0.0,0.5056179775280899,0.0,41.62921348314607,36.741573033707866,15.674157303370785,12.134831460674157,60.0
1419416,0.0,13,5.0,6.0,34.0,20.0,12.0,9.0,6.0,0.0,0.0,0.0,13.0,1.0,299.0,249.0,493.0,59.0,37.0,0.0,162.0,129.0,630.0,Marinho Chagas,1,1974,1974,7,0.0,1.8571428571428572,0.7142857142857143,4.857142857142857,2.857142857142857,1.7142857142857142,0.8571428571428571,0.0,0.0,1.8571428571428572,0.14285714285714285,42.714285714285715,35.57142857142857,23.142857142857142,18.428571428571427,70.42857142857143
1419417,2.0,22,7.0,14.0,16.0,9.0,7.0,14.0,10.0,1.0,0.0,0.0,23.0,6.0,255.0,203.0,446.0,38.0,38.0,1.0,160.0,113.0,544.0,Nelinho,2,1974,1978,7,0.33088235294117646,3.639705882352941,1.1580882352941178,2.6470588235294117,1.4889705882352942,1.1580882352941178,1.6544117647058825,0.16544117647058823,0.0,3.8051470588235294,0.9926470588235294,42.1875,33.58455882352941,26.47058823529412,18.69485294117647,73.78676470588235
1419418,1.0,22,8.0,7.0,13.0,6.0,16.0,5.0,5.0,0.0,2.0,3.0,44.0,6.0,142.0,120.0,277.0,34.0,26.0,0.0,101.0,81.0,528.0,Valdomiro,1,1974,1974,6,0.17045454545454547,3.7500000000000004,1.3636363636363638,2.2159090909090913,1.0227272727272727,2.7272727272727275,0.8522727272727273,0.0,0.34090909090909094,7.500000000000001,1.0227272727272727,24.204545454545457,20.454545454545457,17.215909090909093,13.806818181818183,47.21590909090909
1419421,1.0,4,2.0,2.0,4.0,2.0,7.0,14.0,1.0,1.0,1.0,0.0,0.0,0.0,138.0,119.0,227.0,41.0,29.0,0.0,46.0,31.0,540.0,Josip Katalinski,1,1974,1974,6,0.16666666666666666,0.6666666666666666,0.3333333333333333,0.6666666666666666,0.3333333333333333,1.1666666666666667,0.16666666666666666,0.16666666666666666,0.16666666666666666,0.0,0.0,23.0,19.833333333333332,7.666666666666667,5.166666666666667,37.833333333333336
1419423,0.0,1,1.0,0.0,15.0,12.0,9.0,20.0,4.0,0.0,0.0,0.0,16.0,4.0,258.0,230.0,396.0,41.0,31.0,0.0,145.0,120.0,540.0,Enver Hadžiabdić,1,1974,1974,6,0.0,0.16666666666666666,0.16666666666666666,2.5,2.0,1.5,0.6666666666666666,0.0,0.0,2.6666666666666665,0.6666666666666666,43.0,38.333333333333336,24.166666666666668,20.0,66.0
1419424,0.0,15,5.0,9.0,27.0,15.0,17.0,18.0,10.0,2.0,2.0,0.0,4.0,1.0,306.0,270.0,460.0,55.0,50.0,0.0,204.0,170.0,540.0,Jovan Aćimović,1,1974,1974,6,0.0,2.5,0.8333333333333334,4.5,2.5,2.8333333333333335,1.6666666666666667,0.3333333333333333,0.3333333333333333,0.6666666666666666,0.16666666666666666,51.0,45.0,34.0,28.333333333333332,76.66666666666667
1419425,0.0,1,0.0,1.0,12.0,9.0,11.0,13.0,6.0,1.0,2.0,0.0,24.0,7.0,256.0,215.0,409.0,44.0,31.0,0.0,139.0,104.0,540.0,Ivan Buljan,1,1974,1974,6,0.0,0.16666666666666666,0.0,2.0,1.5,1.8333333333333333,1.0,0.16666666666666666,0.3333333333333333,4.0,1.1666666666666667,42.666666666666664,35.833333333333336,23.166666666666668,17.333333333333332,68.16666666666667
1419426,2.0,20,6.0,12.0,43.0,15.0,15.0,9.0,8.0,0.0,1.0,2.0,27.0,4.0,247.0,193.0,456.0,59.0,63.0,0.0,179.0,130.0,810.0,Ivan Šurjak,2,1974,1982,9,0.2222222222222222,2.2222222222222223,0.6666666666666666,4.777777777777778,1.6666666666666667,1.6666666666666667,0.8888888888888888,0.0,0.1111111111111111,3.0,0.4444444444444444,27.444444444444443,21.444444444444443,19.88888888888889,14.444444444444445,50.666666666666664
1419427,1.0,6,2.0,2.0,20.0,8.0,16.0,16.0,9.0,0.0,1.0,1.0,20.0,4.0,224.0,192.0,351.0,48.0,61.0,1.0,143.0,115.0,369.0,Branko Oblak,1,1974,1974,5,0.24390243902439027,1.4634146341463417,0.48780487804878053,4.878048780487806,1.9512195121951221,3.9024390243902443,2.1951219512195124,0.0,0.24390243902439027,4.878048780487806,0.9756097560975611,54.63414634146342,46.82926829268293,34.87804878048781,28.04878048780488,85.60975609756099
1419428,1.0,7,4.0,2.0,30.0,12.0,10.0,14.0,4.0,1.0,1.0,1.0,15.0,4.0,143.0,115.0,240.0,29.0,45.0,0.0,114.0,89.0,361.0,Ilija Petković,1,1974,1974,5,0.24930747922437674,1.745152354570637,0.997229916897507,7.479224376731302,2.9916897506925206,2.4930747922437675,0.997229916897507,0.24930747922437674,0.24930747922437674,3.739612188365651,0.997229916897507,35.65096952908587,28.670360110803326,28.42105263157895,22.18836565096953,59.83379501385041
1419429,1.0,4,2.0,2.0,10.0,8.0,5.0,10.0,5.0,0.0,0.0,0.0,5.0,2.0,284.0,248.0,366.0,29.0,27.0,0.0,168.0,141.0,450.0,Vladislav Bogićević,1,1974,1974,5,0.2,0.8,0.4,2.0,1.6,1.0,1.0,0.0,0.0,1.0,0.4,56.8,49.6,33.6,28.2,73.2
1419430,1.0,10,3.0,5.0,38.0,15.0,13.0,6.0,16.0,3.0,6.0,1.0,45.0,13.0,140.0,121.0,290.0,36.0,38.0,0.0,115.0,97.0,440.0,Dragan Džajić,1,1974,1974,5,0.20454545454545453,2.0454545454545454,0.6136363636363635,7.7727272727272725,3.068181818181818,2.6590909090909087,3.2727272727272725,0.6136363636363635,1.227272727272727,9.204545454545453,2.6590909090909087,28.636363636363633,24.749999999999996,23.52272727272727,19.84090909090909,59.31818181818181
1419435,1.0,12,3.0,6.0,11.0,6.0,2.0,5.0,16.0,1.0,2.0,0.0,28.0,12.0,199.0,154.0,282.0,11.0,20.0,2.0,165.0,123.0,348.0,Vladimir Petrovic,2,1974,1982,5,0.25862068965517243,3.103448275862069,0.7758620689655172,2.8448275862068964,1.5517241379310345,0.5172413793103449,4.137931034482759,0.25862068965517243,0.5172413793103449,7.241379310344827,3.103448275862069,51.46551724137931,39.82758620689655,42.672413793103445,31.810344827586206,72.93103448275862
1419443,0.0,8,1.0,3.0,10.0,4.0,12.0,15.0,2.0,0.0,0.0,0.0,10.0,0.0,159.0,126.0,296.0,36.0,48.0,0.0,62.0,41.0,540.0,Gerd Kische,1,1974,1974,6,0.0,1.3333333333333333,0.16666666666666666,1.6666666666666667,0.6666666666666666,2.0,0.3333333333333333,0.0,0.0,1.6666666666666667,0.0,26.5,21.0,10.333333333333334,6.833333333333333,49.333333333333336
1419444,0.0,7,1.0,3.0,2.0,1.0,3.0,4.0,4.0,0.0,0.0,0.0,4.0,0.0,300.0,240.0,388.0,12.0,10.0,0.0,122.0,78.0,540.0,Bernd Bransch,1,1974,1974,6,0.0,1.1666666666666667,0.16666666666666666,0.3333333333333333,0.16666666666666666,0.5,0.6666666666666666,0.0,0.0,0.6666666666666666,0.0,50.0,40.0,20.333333333333332,13.0,64.66666666666667
1419445,2.0,23,8.0,8.0,15.0,8.0,6.0,9.0,12.0,0.0,1.0,2.0,15.0,4.0,95.0,64.0,190.0,24.0,28.0,1.0,80.0,50.0,352.0,Joachim Streich,1,1974,1974,4,0.5113636363636364,5.880681818181818,2.0454545454545454,3.835227272727273,2.0454545454545454,1.5340909090909092,3.0681818181818183,0.0,0.2556818181818182,3.835227272727273,1.0227272727272727,24.289772727272727,16.363636363636363,20.454545454545457,12.78409090909091,48.57954545454545
1419446,0.0,4,0.0,2.0,6.0,4.0,7.0,8.0,3.0,0.0,0.0,0.0,10.0,2.0,137.0,105.0,218.0,26.0,17.0,0.0,85.0,56.0,360.0,Siegmar Wätzlich,1,1974,1974,4,0.0,1.0,0.0,1.5,1.0,1.75,0.75,0.0,0.0,2.5,0.5,34.25,26.25,21.25,14.0,54.5
1419447,0.0,9,1.0,5.0,1.0,0.0,1.0,11.0,10.0,0.0,0.0,0.0,22.0,9.0,140.0,107.0,225.0,17.0,18.0,0.0,98.0,69.0,291.0,Harald Irmscher,1,1974,1974,4,0.0,2.783505154639175,0.30927835051546393,0.30927835051546393,0.0,0.30927835051546393,3.0927835051546393,0.0,0.0,6.804123711340206,2.783505154639175,43.29896907216495,33.092783505154635,30.309278350515463,21.34020618556701,69.58762886597938
1419448,1.0,28,9.0,11.0,15.0,9.0,11.0,15.0,11.0,0.0,0.0,6.0,7.0,2.0,161.0,119.0,310.0,54.0,64.0,0.0,112.0,71.0,540.0,Jürgen Sparwasser,1,1974,1974,6,0.16666666666666666,4.666666666666667,1.5,2.5,1.5,1.8333333333333333,1.8333333333333333,0.0,0.0,1.1666666666666667,0.3333333333333333,26.833333333333332,19.833333333333332,18.666666666666668,11.833333333333334,51.666666666666664
1419449,0.0,4,0.0,3.0,2.0,0.0,5.0,4.0,9.0,0.0,1.0,0.0,7.0,2.0,123.0,90.0,187.0,24.0,22.0,0.0,87.0,58.0,270.0,Jürgen Pommerenke,1,1974,1974,3,0.0,1.3333333333333333,0.0,0.6666666666666666,0.0,1.6666666666666667,3.0,0.0,0.3333333333333333,2.3333333333333335,0.6666666666666666,41.0,30.0,29.0,19.333333333333332,62.333333333333336
1419450,0.0,3,1.0,1.0,13.0,9.0,8.0,19.0,2.0,1.0,1.0,0.0,1.0,1.0,196.0,162.0,337.0,47.0,42.0,0.0,77.0,49.0,540.0,Konrad Weise,1,1974,1974,6,0.0,0.5,0.16666666666666666,2.1666666666666665,1.5,1.3333333333333333,0.3333333333333333,0.16666666666666666,0.16666666666666666,0.16666666666666666,0.16666666666666666,32.666666666666664,27.0,12.833333333333334,8.166666666666666,56.166666666666664
1419461,0.0,7,0.0,5.0,2.0,0.0,6.0,8.0,3.0,0.0,0.0,0.0,4.0,0.0,118.0,87.0,195.0,21.0,19.0,0.0,67.0,43.0,360.0,Lothar Kurbjuweit,1,1974,1974,4,0.0,1.75,0.0,0.5,0.0,1.5,0.75,0.0,0.0,1.0,0.0,29.5,21.75,16.75,10.75,48.75
1419463,1.0,10,4.0,4.0,25.0,14.0,16.0,10.0,10.0,0.0,0.0,0.0,21.0,3.0,118.0,81.0,248.0,53.0,45.0,1.0,84.0,54.0,485.0,Martin Hoffmann,1,1974,1974,6,0.18556701030927833,1.8556701030927834,0.7422680412371133,4.639175257731958,2.5979381443298966,2.9690721649484533,1.8556701030927834,0.0,0.0,3.8969072164948453,0.556701030927835,21.896907216494842,15.030927835051545,15.587628865979381,10.02061855670103,46.02061855670103
1419466,0.0,0,0.0,0.0,4.0,0.0,0.0,1.0,1.0,0.0,0.0,0.0,7.0,1.0,86.0,62.0,150.0,11.0,11.0,0.0,25.0,13.0,270.0,Doug Utjesenovic,1,1974,1974,3,0.0,0.0,0.0,1.3333333333333333,0.0,0.0,0.3333333333333333,0.0,0.0,2.3333333333333335,0.3333333333333333,28.666666666666668,20.666666666666668,8.333333333333334,4.333333333333333,50.0
1419467,0.0,0,0.0,0.0,2.0,1.0,0.0,4.0,1.0,0.0,0.0,0.0,0.0,0.0,112.0,71.0,175.0,9.0,13.0,0.0,46.0,15.0,270.0,Peter Wilson,1,1974,1974,3,0.0,0.0,0.0,0.6666666666666666,0.3333333333333333,0.0,0.3333333333333333,0.0,0.0,0.0,0.0,37.333333333333336,23.666666666666668,15.333333333333334,5.0,58.333333333333336
1419468,0.0,0,0.0,0.0,4.0,2.0,1.0,2.0,0.0,0.0,0.0,0.0,0.0,0.0,54.0,38.0,116.0,11.0,18.0,0.0,20.0,10.0,270.0,Manfred Schaefer,1,1974,1974,3,0.0,0.0,0.0,1.3333333333333333,0.6666666666666666,0.3333333333333333,0.0,0.0,0.0,0.0,0.0,18.0,12.666666666666666,6.666666666666667,3.3333333333333335,38.666666666666664
1419469,0.0,0,0.0,0.0,7.0,2.0,7.0,4.0,1.0,0.0,0.0,0.0,8.0,1.0,100.0,79.0,167.0,20.0,21.0,0.0,48.0,35.0,270.0,James Rooney,1,1974,1974,3,0.0,0.0,0.0,2.3333333333333335,0.6666666666666666,2.3333333333333335,0.3333333333333333,0.0,0.0,2.6666666666666665,0.3333333333333333,33.333333333333336,26.333333333333332,16.0,11.666666666666666,55.666666666666664
1419470,0.0,5,0.0,3.0,9.0,8.0,2.0,3.0,2.0,0.0,0.0,1.0,1.0,0.0,111.0,82.0,170.0,18.0,16.0,0.0,47.0,28.0,270.0,Jimmy Mackay,1,1974,1974,3,0.0,1.6666666666666667,0.0,3.0,2.6666666666666665,0.6666666666666666,0.6666666666666666,0.0,0.0,0.3333333333333333,0.0,37.0,27.333333333333332,15.666666666666666,9.333333333333334,56.666666666666664
1419487,4.0,36,12.0,13.0,49.0,27.0,18.0,13.0,32.0,0.0,4.0,1.0,54.0,11.0,760.0,664.0,1126.0,79.0,61.0,1.0,472.0,388.0,1262.0,Paul Breitner,2,1974,1982,14,0.28526148969889065,2.5673534072900157,0.8557844690966719,3.4944532488114106,1.925515055467512,1.2836767036450079,2.282091917591125,0.0,0.28526148969889065,3.851030110935024,0.7844690966719493,54.199683042789225,47.353407290015845,33.6608557844691,27.67036450079239,80.30110935023772
1419488,0.0,5,2.0,2.0,15.0,8.0,9.0,16.0,4.0,0.0,0.0,0.0,1.0,0.0,200.0,179.0,331.0,57.0,41.0,0.0,86.0,71.0,609.0,Hans-Georg Schwarzenbeck,1,1974,1974,7,0.0,0.7389162561576355,0.2955665024630542,2.2167487684729066,1.1822660098522169,1.3300492610837438,0.5911330049261084,0.0,0.0,0.1477832512315271,0.0,29.55665024630542,26.45320197044335,12.709359605911331,10.492610837438423,48.916256157635466
1419489,1.0,18,7.0,5.0,38.0,25.0,15.0,6.0,12.0,2.0,5.0,5.0,59.0,13.0,268.0,224.0,479.0,54.0,42.0,0.0,206.0,168.0,561.0,Ulrich Hoeneß,1,1974,1974,7,0.16042780748663102,2.8877005347593583,1.1229946524064172,6.096256684491979,4.010695187165775,2.406417112299465,1.9251336898395721,0.32085561497326204,0.8021390374331551,9.46524064171123,2.085561497326203,42.99465240641711,35.93582887700535,33.04812834224599,26.951871657754012,76.84491978609626
1419492,2.0,10,3.0,4.0,28.0,20.0,11.0,7.0,16.0,1.0,2.0,0.0,41.0,8.0,286.0,239.0,438.0,44.0,32.0,1.0,178.0,141.0,454.0,Heinz Flohe,2,1974,1978,7,0.39647577092511016,1.9823788546255507,0.5947136563876653,5.550660792951542,3.9647577092511015,2.1806167400881056,3.1718061674008813,0.19823788546255508,0.39647577092511016,8.127753303964758,1.5859030837004406,56.69603524229075,47.37885462555066,35.286343612334804,27.951541850220266,86.82819383259913
1419493,1.0,14,3.0,7.0,32.0,15.0,21.0,11.0,11.0,1.0,3.0,1.0,21.0,6.0,280.0,219.0,464.0,67.0,52.0,1.0,178.0,128.0,664.0,Bernd Hölzenbein,2,1974,1978,9,0.1355421686746988,1.897590361445783,0.40662650602409633,4.337349397590361,2.033132530120482,2.8463855421686746,1.4909638554216866,0.1355421686746988,0.40662650602409633,2.8463855421686746,0.8132530120481927,37.95180722891566,29.683734939759034,24.126506024096383,17.349397590361445,62.891566265060234
1419495,1.0,36,9.0,15.0,32.0,17.0,14.0,18.0,23.0,4.0,7.0,1.0,52.0,16.0,352.0,281.0,680.0,90.0,60.0,2.0,193.0,138.0,900.0,Rainer Bonhof,2,1974,1978,10,0.1,3.6,0.9,3.2,1.7,1.4,2.3,0.4,0.7,5.2,1.6,35.2,28.1,19.3,13.8,68.0
1419503,0.0,3,1.0,2.0,9.0,6.0,4.0,6.0,4.0,0.0,0.0,0.0,8.0,3.0,143.0,114.0,240.0,23.0,20.0,0.0,55.0,40.0,270.0,Antonio Arias,1,1974,1974,3,0.0,1.0,0.3333333333333333,3.0,2.0,1.3333333333333333,1.3333333333333333,0.0,0.0,2.6666666666666665,1.0,47.666666666666664,38.0,18.333333333333332,13.333333333333334,80.0
1419504,0.0,1,1.0,0.0,2.0,2.0,1.0,2.0,1.0,0.0,0.0,0.0,0.0,0.0,89.0,69.0,151.0,19.0,15.0,0.0,30.0,18.0,270.0,Alberto Quintano,1,1974,1974,3,0.0,0.3333333333333333,0.3333333333333333,0.6666666666666666,0.6666666666666666,0.3333333333333333,0.3333333333333333,0.0,0.0,0.0,0.0,29.666666666666668,23.0,10.0,6.0,50.333333333333336
1419505,0.0,3,0.0,2.0,13.0,8.0,0.0,8.0,0.0,0.0,0.0,0.0,3.0,1.0,135.0,109.0,212.0,18.0,30.0,0.0,47.0,33.0,270.0,Rolando Garcia,1,1974,1974,3,0.0,1.0,0.0,4.333333333333333,2.6666666666666665,0.0,0.0,0.0,0.0,1.0,0.3333333333333333,45.0,36.333333333333336,15.666666666666666,11.0,70.66666666666667
1419506,0.0,9,4.0,4.0,6.0,5.0,7.0,10.0,9.0,1.0,0.0,1.0,19.0,7.0,199.0,152.0,291.0,20.0,31.0,1.0,115.0,75.0,270.0,Carlos Reinoso,1,1974,1974,3,0.0,3.0,1.3333333333333333,2.0,1.6666666666666667,2.3333333333333335,3.0,0.3333333333333333,0.0,6.333333333333333,2.3333333333333335,66.33333333333333,50.666666666666664,38.333333333333336,25.0,97.0
1419507,0.0,7,0.0,4.0,2.0,0.0,5.0,5.0,2.0,0.0,0.0,0.0,0.0,0.0,155.0,122.0,216.0,15.0,23.0,0.0,72.0,51.0,270.0,Guillermo Paez,1,1974,1974,3,0.0,2.3333333333333335,0.0,0.6666666666666666,0.0,1.6666666666666667,0.6666666666666666,0.0,0.0,0.0,0.0,51.666666666666664,40.666666666666664,24.0,17.0,72.0
1419508,1.0,5,2.0,3.0,6.0,4.0,4.0,4.0,1.0,0.0,0.0,1.0,2.0,0.0,57.0,47.0,92.0,9.0,23.0,0.0,36.0,28.0,270.0,Sergio Ahumada,1,1974,1974,3,0.3333333333333333,1.6666666666666667,0.6666666666666666,2.0,1.3333333333333333,1.3333333333333333,0.3333333333333333,0.0,0.0,0.6666666666666666,0.0,19.0,15.666666666666666,12.0,9.333333333333334,30.666666666666668
1419509,0.0,5,1.0,2.0,26.0,15.0,8.0,8.0,8.0,0.0,1.0,1.0,1.0,0.0,88.0,63.0,154.0,25.0,34.0,0.0,75.0,50.0,308.0,Carlos Caszely,2,1974,1982,4,0.0,1.4610389610389611,0.29220779220779225,7.597402597402597,4.383116883116883,2.337662337662338,2.337662337662338,0.0,0.29220779220779225,0.29220779220779225,0.0,25.714285714285715,18.40909090909091,21.915584415584416,14.61038961038961,45.0
1419520,0.0,1,0.0,1.0,9.0,7.0,2.0,4.0,0.0,0.0,0.0,0.0,1.0,0.0,89.0,67.0,161.0,25.0,19.0,0.0,29.0,19.0,270.0,Raymond Tshimen Bwanga,1,1974,1974,3,0.0,0.3333333333333333,0.0,3.0,2.3333333333333335,0.6666666666666666,0.0,0.0,0.0,0.3333333333333333,0.0,29.666666666666668,22.333333333333332,9.666666666666666,6.333333333333333,53.666666666666664
1419521,0.0,1,1.0,0.0,3.0,1.0,1.0,6.0,0.0,0.0,0.0,0.0,6.0,3.0,108.0,85.0,171.0,12.0,17.0,0.0,36.0,18.0,270.0,Ilunga Mwepu,1,1974,1974,3,0.0,0.3333333333333333,0.3333333333333333,1.0,0.3333333333333333,0.3333333333333333,0.0,0.0,0.0,2.0,1.0,36.0,28.333333333333332,12.0,6.0,57.0
1419522,0.0,1,0.0,1.0,2.0,2.0,4.0,6.0,0.0,0.0,0.0,0.0,0.0,0.0,96.0,72.0,159.0,21.0,17.0,0.0,24.0,14.0,270.0,Boba Lobilo,1,1974,1974,3,0.0,0.3333333333333333,0.0,0.6666666666666666,0.6666666666666666,1.3333333333333333,0.0,0.0,0.0,0.0,0.0,32.0,24.0,8.0,4.666666666666667,53.0
1419523,0.0,2,0.0,1.0,3.0,1.0,0.0,3.0,2.0,0.0,0.0,0.0,4.0,0.0,103.0,82.0,161.0,16.0,10.0,0.0,27.0,18.0,270.0,Mwanza Mukombo,1,1974,1974,3,0.0,0.6666666666666666,0.0,1.0,0.3333333333333333,0.0,0.6666666666666666,0.0,0.0,1.3333333333333333,0.0,34.333333333333336,27.333333333333332,9.0,6.0,53.666666666666664
1419526,0.0,2,0.0,0.0,6.0,4.0,3.0,0.0,4.0,0.0,0.0,0.0,7.0,1.0,179.0,141.0,237.0,16.0,15.0,0.0,107.0,77.0,270.0,Mabwene Mana,1,1974,1974,3,0.0,0.6666666666666666,0.0,2.0,1.3333333333333333,1.0,1.3333333333333333,0.0,0.0,2.3333333333333335,0.3333333333333333,59.666666666666664,47.0,35.666666666666664,25.666666666666668,79.0
1419542,0.0,4,2.0,2.0,5.0,2.0,14.0,11.0,2.0,0.0,0.0,0.0,14.0,4.0,141.0,114.0,213.0,26.0,28.0,1.0,100.0,74.0,270.0,David Hay,1,1974,1974,3,0.0,1.3333333333333333,0.6666666666666666,1.6666666666666667,0.6666666666666666,4.666666666666667,0.6666666666666666,0.0,0.0,4.666666666666667,1.3333333333333333,47.0,38.0,33.333333333333336,24.666666666666668,71.0
1419544,0.0,1,1.0,0.0,0.0,0.0,4.0,10.0,0.0,0.0,0.0,0.0,0.0,0.0,69.0,62.0,106.0,14.0,13.0,0.0,15.0,10.0,270.0,Jim Holton,1,1974,1974,3,0.0,0.3333333333333333,0.3333333333333333,0.0,0.0,1.3333333333333333,0.0,0.0,0.0,0.0,0.0,23.0,20.666666666666668,5.0,3.3333333333333335,35.333333333333336
1419545,0.0,1,1.0,0.0,7.0,5.0,3.0,6.0,5.0,0.0,2.0,0.0,10.0,4.0,159.0,140.0,230.0,19.0,22.0,0.0,87.0,72.0,378.0,Daniel McGrain,2,1974,1982,5,0.0,0.23809523809523808,0.23809523809523808,1.6666666666666665,1.1904761904761905,0.7142857142857143,1.1904761904761905,0.0,0.47619047619047616,2.380952380952381,0.9523809523809523,37.857142857142854,33.33333333333333,20.71428571428571,17.142857142857142,54.76190476190476
1419546,0.0,3,1.0,1.0,11.0,9.0,5.0,10.0,1.0,0.0,0.0,0.0,12.0,3.0,139.0,117.0,220.0,21.0,23.0,0.0,71.0,52.0,360.0,Sandy Jardine,2,1974,1978,4,0.0,0.75,0.25,2.75,2.25,1.25,0.25,0.0,0.0,3.0,0.75,34.75,29.25,17.75,13.0,55.0
1419547,1.0,19,11.0,3.0,14.0,6.0,7.0,5.0,11.0,0.0,1.0,1.0,38.0,12.0,61.0,47.0,168.0,19.0,21.0,1.0,44.0,34.0,270.0,Peter Lorimer,1,1974,1974,3,0.3333333333333333,6.333333333333333,3.6666666666666665,4.666666666666667,2.0,2.3333333333333335,3.6666666666666665,0.0,0.3333333333333333,12.666666666666666,4.0,20.333333333333332,15.666666666666666,14.666666666666666,11.333333333333334,56.0
1419549,0.0,2,0.0,2.0,2.0,1.0,18.0,9.0,10.0,1.0,1.0,1.0,14.0,1.0,181.0,154.0,253.0,25.0,17.0,0.0,102.0,78.0,270.0,Billy Bremner,1,1974,1974,3,0.0,0.6666666666666666,0.0,0.6666666666666666,0.3333333333333333,6.0,3.3333333333333335,0.3333333333333333,0.3333333333333333,4.666666666666667,0.3333333333333333,60.333333333333336,51.333333333333336,34.0,26.0,84.33333333333333
1419550,4.0,33,13.0,16.0,10.0,6.0,35.0,35.0,21.0,2.0,3.0,7.0,8.0,0.0,188.0,124.0,323.0,101.0,77.0,1.0,167.0,107.0,612.0,Joe Jordan,3,1974,1982,7,0.5882352941176471,4.852941176470589,1.911764705882353,1.4705882352941178,0.8823529411764706,5.147058823529412,3.088235294117647,0.29411764705882354,0.4411764705882353,1.1764705882352942,0.0,27.647058823529413,18.235294117647058,24.558823529411764,15.73529411764706,47.5
1419551,2.0,19,4.0,9.0,18.0,6.0,13.0,7.0,10.0,0.0,1.0,2.0,19.0,4.0,241.0,177.0,379.0,37.0,60.0,0.0,186.0,126.0,605.0,Kenny Dalglish,3,1974,1982,8,0.2975206611570248,2.8264462809917354,0.5950413223140496,2.677685950413223,0.8925619834710744,1.9338842975206612,1.487603305785124,0.0,0.1487603305785124,2.8264462809917354,0.5950413223140496,35.85123966942149,26.330578512396695,27.669421487603305,18.74380165289256,56.3801652892562
1419559,0.0,0,0.0,0.0,1.0,1.0,4.0,8.0,2.0,0.0,0.0,0.0,0.0,0.0,162.0,139.0,240.0,36.0,14.0,0.0,58.0,42.0,417.0,Martin Buchan,2,1974,1978,5,0.0,0.0,0.0,0.2158273381294964,0.2158273381294964,0.8633093525179856,0.4316546762589928,0.0,0.0,0.0,0.0,34.96402877697842,29.999999999999996,12.51798561151079,9.064748201438848,51.798561151079134
1419563,0.0,5,1.0,1.0,24.0,15.0,11.0,11.0,10.0,1.0,2.0,0.0,34.0,9.0,549.0,454.0,877.0,84.0,45.0,0.0,293.0,216.0,1170.0,Antoni Szymanowski,2,1974,1978,13,0.0,0.38461538461538464,0.07692307692307693,1.8461538461538463,1.1538461538461537,0.8461538461538461,0.7692307692307693,0.07692307692307693,0.15384615384615385,2.6153846153846154,0.6923076923076923,42.23076923076923,34.92307692307692,22.53846153846154,16.615384615384617,67.46153846153847
1419564,0.0,7,1.0,4.0,8.0,5.0,11.0,45.0,0.0,0.0,0.0,0.0,5.0,1.0,503.0,404.0,848.0,119.0,95.0,0.0,223.0,151.0,1807.0,Władysław Żmuda,4,1974,1986,21,0.0,0.34864416159380185,0.04980630879911455,0.3984504703929164,0.24903154399557276,0.54786939679026,0.0,0.0,0.0,0.24903154399557276,0.04980630879911455,25.05257332595462,20.12174875484228,11.106806862202545,7.520752628666298,42.23574986164914
1419565,0.0,2,0.0,2.0,5.0,3.0,10.0,16.0,12.0,0.0,0.0,0.0,7.0,3.0,228.0,175.0,362.0,32.0,40.0,0.0,122.0,85.0,522.0,Adam Musial,1,1974,1974,6,0.0,0.3448275862068966,0.0,0.8620689655172414,0.5172413793103449,1.7241379310344829,2.0689655172413794,0.0,0.0,1.206896551724138,0.5172413793103449,39.310344827586206,30.17241379310345,21.03448275862069,14.655172413793103,62.41379310344828
1419566,1.0,15,4.0,6.0,2.0,0.0,4.0,16.0,1.0,0.0,0.0,1.0,0.0,0.0,297.0,220.0,478.0,44.0,35.0,0.0,110.0,54.0,1080.0,Jerzy Gorgoń,2,1974,1978,12,0.08333333333333333,1.25,0.3333333333333333,0.16666666666666666,0.0,0.3333333333333333,0.08333333333333333,0.0,0.0,0.0,0.0,24.75,18.333333333333332,9.166666666666666,4.5,39.833333333333336
1419567,4.0,72,30.0,28.0,68.0,40.0,17.0,8.0,48.0,0.0,5.0,9.0,53.0,11.0,740.0,588.0,1138.0,92.0,106.0,1.0,522.0,390.0,1162.0,Kazimierz Deyna,2,1974,1978,13,0.3098106712564544,5.576592082616179,2.323580034423408,5.266781411359725,3.098106712564544,1.3166953528399312,3.7177280550774525,0.0,0.387263339070568,4.104991394148021,0.8519793459552496,57.31497418244406,45.54216867469879,40.4302925989673,30.206540447504302,88.14113597246127
1419568,10.0,47,26.0,15.0,69.0,26.0,28.0,24.0,41.0,7.0,7.0,10.0,67.0,11.0,446.0,330.0,884.0,110.0,162.0,0.0,348.0,247.0,1800.0,Grzegorz Lato,3,1974,1982,20,0.5,2.35,1.3,3.45,1.3,1.4,2.05,0.35,0.35,3.35,0.55,22.3,16.5,17.4,12.35,44.2
1419569,0.0,21,7.0,10.0,39.0,19.0,15.0,23.0,24.0,2.0,4.0,0.0,33.0,8.0,481.0,382.0,756.0,86.0,93.0,0.0,329.0,249.0,987.0,Henryk Kasperczak,2,1974,1978,13,0.0,1.9148936170212765,0.6382978723404256,3.5562310030395134,1.7325227963525835,1.3677811550151975,2.188449848024316,0.182370820668693,0.364741641337386,3.0091185410334345,0.729483282674772,43.86018237082067,34.83282674772036,30.0,22.705167173252278,68.93617021276596
1419570,0.0,15,0.0,9.0,26.0,14.0,8.0,22.0,10.0,1.0,2.0,1.0,17.0,2.0,262.0,190.0,421.0,50.0,61.0,0.0,183.0,122.0,595.0,Zygmunt Maszczyk,1,1974,1974,7,0.0,2.26890756302521,0.0,3.9327731092436977,2.1176470588235294,1.2100840336134455,1.512605042016807,0.1512605042016807,0.3025210084033614,2.5714285714285716,0.3025210084033614,39.63025210084034,28.73949579831933,27.680672268907564,18.453781512605044,63.680672268907564
1419571,0.0,24,5.0,13.0,45.0,25.0,12.0,3.0,19.0,5.0,4.0,1.0,75.0,16.0,179.0,129.0,406.0,48.0,49.0,2.0,128.0,85.0,625.0,Robert Gadocha,1,1974,1974,7,0.0,3.456,0.72,6.4799999999999995,3.6,1.728,2.7359999999999998,0.72,0.576,10.799999999999999,2.304,25.776,18.576,18.432,12.24,58.464
1419572,7.0,42,23.0,14.0,24.0,9.0,22.0,28.0,15.0,2.0,4.0,11.0,9.0,2.0,181.0,128.0,371.0,72.0,88.0,2.0,148.0,100.0,1005.0,Andrzej Szarmach,3,1974,1982,13,0.6268656716417911,3.7611940298507465,2.0597014925373136,2.1492537313432836,0.8059701492537313,1.9701492537313434,1.3432835820895523,0.17910447761194032,0.35820895522388063,0.8059701492537313,0.17910447761194032,16.208955223880597,11.46268656716418,13.253731343283583,8.955223880597016,33.223880597014926
1419585,0.0,1,0.0,0.0,6.0,2.0,2.0,8.0,1.0,0.0,0.0,0.0,2.0,0.0,152.0,123.0,220.0,22.0,16.0,0.0,55.0,32.0,405.0,Francisco Sá,1,1974,1974,5,0.0,0.2222222222222222,0.0,1.3333333333333333,0.4444444444444444,0.4444444444444444,0.2222222222222222,0.0,0.0,0.4444444444444444,0.0,33.77777777777778,27.333333333333332,12.222222222222221,7.111111111111111,48.888888888888886
1419586,0.0,8,4.0,2.0,25.0,16.0,8.0,4.0,7.0,1.0,1.0,0.0,17.0,3.0,171.0,145.0,325.0,35.0,28.0,0.0,74.0,57.0,376.0,Enrique Wolff,1,1974,1974,5,0.0,1.9148936170212765,0.9574468085106382,5.984042553191489,3.829787234042553,1.9148936170212765,1.675531914893617,0.23936170212765956,0.23936170212765956,4.069148936170213,0.7180851063829787,40.930851063829785,34.70744680851064,17.71276595744681,13.643617021276595,77.79255319148936
1419588,1.0,8,4.0,3.0,12.0,9.0,4.0,5.0,3.0,0.0,0.0,0.0,2.0,0.0,305.0,253.0,408.0,28.0,23.0,0.0,136.0,103.0,540.0,Ramón Heredia,1,1974,1974,6,0.16666666666666666,1.3333333333333333,0.6666666666666666,2.0,1.5,0.6666666666666666,0.5,0.0,0.0,0.3333333333333333,0.0,50.833333333333336,42.166666666666664,22.666666666666668,17.166666666666668,68.0
1419589,1.0,14,4.0,3.0,26.0,18.0,11.0,11.0,12.0,1.0,3.0,2.0,26.0,9.0,382.0,306.0,521.0,45.0,46.0,1.0,261.0,197.0,450.0,Carlos Babington,1,1974,1974,5,0.2,2.8,0.8,5.2,3.6,2.2,2.4,0.2,0.6,5.2,1.8,76.4,61.2,52.2,39.4,104.2
1419591,0.0,5,2.0,3.0,20.0,8.0,9.0,9.0,2.0,0.0,0.0,0.0,1.0,0.0,99.0,68.0,179.0,23.0,39.0,0.0,61.0,40.0,307.0,Agustin Balbuena,1,1974,1974,4,0.0,1.4657980456026058,0.5863192182410424,5.863192182410423,2.3452768729641695,2.638436482084691,0.5863192182410424,0.0,0.0,0.2931596091205212,0.0,29.022801302931597,19.93485342019544,17.882736156351793,11.726384364820847,52.475570032573295
1419592,6.0,66,24.0,30.0,100.0,57.0,47.0,34.0,37.0,4.0,7.0,8.0,34.0,13.0,585.0,457.0,1038.0,136.0,136.0,2.0,421.0,310.0,1428.0,Mario Alberto Kempes,3,1974,1982,18,0.37815126050420167,4.159663865546218,1.5126050420168067,6.302521008403361,3.5924369747899156,2.9621848739495795,2.3319327731092434,0.25210084033613445,0.4411764705882353,2.142857142857143,0.819327731092437,36.86974789915966,28.80252100840336,26.53361344537815,19.53781512605042,65.42016806722688
1419593,1.0,13,4.0,4.0,20.0,7.0,29.0,3.0,6.0,0.0,1.0,1.0,12.0,2.0,128.0,95.0,264.0,52.0,36.0,0.0,93.0,65.0,540.0,Ruben Ayala,1,1974,1974,6,0.16666666666666666,2.1666666666666665,0.6666666666666666,3.3333333333333335,1.1666666666666667,4.833333333333333,1.0,0.0,0.16666666666666666,2.0,0.3333333333333333,21.333333333333332,15.833333333333334,15.5,10.833333333333334,44.0
1419596,4.0,18,10.0,5.0,40.0,17.0,17.0,12.0,10.0,0.0,1.0,2.0,25.0,5.0,191.0,134.0,357.0,41.0,61.0,0.0,148.0,102.0,720.0,René Orlando Houseman,2,1974,1978,12,0.5,2.25,1.25,5.0,2.125,2.125,1.25,0.0,0.125,3.125,0.625,23.875,16.75,18.5,12.75,44.625
1419600,0.0,1,1.0,0.0,16.0,13.0,6.0,4.0,4.0,0.0,0.0,0.0,7.0,2.0,234.0,193.0,335.0,30.0,34.0,0.0,117.0,92.0,382.0,Roberto Telch,1,1974,1974,5,0.0,0.2356020942408377,0.2356020942408377,3.769633507853403,3.06282722513089,1.4136125654450262,0.9424083769633508,0.0,0.0,1.649214659685864,0.4712041884816754,55.13089005235602,45.47120418848168,27.56544502617801,21.675392670157066,78.92670157068063
1419605,0.0,0,0.0,0.0,4.0,3.0,11.0,7.0,4.0,0.0,1.0,0.0,8.0,2.0,107.0,82.0,168.0,24.0,17.0,1.0,53.0,36.0,332.0,Björn Andersson,1,1974,1974,4,0.0,0.0,0.0,1.0843373493975903,0.8132530120481927,2.9819277108433733,1.0843373493975903,0.0,0.2710843373493976,2.1686746987951806,0.5421686746987951,29.00602409638554,22.2289156626506,14.36746987951807,9.759036144578312,45.54216867469879
1419606,0.0,0,0.0,0.0,0.0,0.0,4.0,3.0,2.0,0.0,0.0,0.0,1.0,0.0,184.0,147.0,273.0,21.0,23.0,0.0,91.0,64.0,540.0,Kent Karlsson,1,1974,1974,6,0.0,0.0,0.0,0.0,0.0,0.6666666666666666,0.3333333333333333,0.0,0.0,0.16666666666666666,0.0,30.666666666666668,24.5,15.166666666666666,10.666666666666666,45.5
1419607,1.0,5,1.0,3.0,18.0,5.0,7.0,10.0,8.0,1.0,1.0,0.0,20.0,6.0,162.0,117.0,280.0,36.0,43.0,0.0,111.0,74.0,426.0,Conny Torstensson,2,1974,1978,6,0.2112676056338028,1.056338028169014,0.2112676056338028,3.8028169014084505,1.056338028169014,1.4788732394366197,1.6901408450704225,0.2112676056338028,0.2112676056338028,4.225352112676056,1.267605633802817,34.225352112676056,24.718309859154928,23.450704225352112,15.633802816901408,59.154929577464785
1419608,0.0,11,3.0,5.0,11.0,6.0,3.0,6.0,5.0,0.0,0.0,2.0,16.0,3.0,236.0,179.0,379.0,31.0,37.0,0.0,139.0,96.0,540.0,Steffan Tapper,2,1974,1978,7,0.0,1.8333333333333333,0.5,1.8333333333333333,1.0,0.5,0.8333333333333334,0.0,0.0,2.6666666666666665,0.5,39.333333333333336,29.833333333333332,23.166666666666668,16.0,63.166666666666664
1419609,2.0,18,7.0,7.0,14.0,3.0,11.0,7.0,8.0,1.0,1.0,4.0,12.0,1.0,111.0,77.0,215.0,23.0,33.0,0.0,84.0,52.0,540.0,Roland Sandberg,1,1974,1974,6,0.3333333333333333,3.0,1.1666666666666667,2.3333333333333335,0.5,1.8333333333333333,1.3333333333333333,0.16666666666666666,0.16666666666666666,2.0,0.16666666666666666,18.5,12.833333333333334,14.0,8.666666666666666,35.833333333333336
1419610,4.0,23,12.0,6.0,21.0,11.0,18.0,12.0,17.0,0.0,4.0,4.0,11.0,2.0,263.0,163.0,432.0,93.0,84.0,1.0,203.0,112.0,639.0,Ralf Edström,2,1974,1978,9,0.5633802816901409,3.23943661971831,1.6901408450704227,2.9577464788732395,1.5492957746478875,2.535211267605634,2.3943661971830985,0.0,0.5633802816901409,1.5492957746478875,0.28169014084507044,37.04225352112676,22.95774647887324,28.591549295774648,15.774647887323944,60.845070422535215
1419617,0.0,1,0.0,1.0,3.0,2.0,4.0,8.0,0.0,0.0,0.0,0.0,7.0,2.0,64.0,52.0,129.0,14.0,20.0,0.0,32.0,24.0,270.0,Tsonyo Vasilev,1,1974,1974,3,0.0,0.3333333333333333,0.0,1.0,0.6666666666666666,1.3333333333333333,0.0,0.0,0.0,2.3333333333333335,0.6666666666666666,21.333333333333332,17.333333333333332,10.666666666666666,8.0,43.0
1419618,0.0,2,0.0,1.0,5.0,3.0,5.0,6.0,1.0,0.0,1.0,0.0,2.0,0.0,75.0,65.0,129.0,19.0,18.0,0.0,37.0,28.0,270.0,Stefan Velitchkov,1,1974,1974,3,0.0,0.6666666666666666,0.0,1.6666666666666667,1.0,1.6666666666666667,0.3333333333333333,0.0,0.3333333333333333,0.6666666666666666,0.0,25.0,21.666666666666668,12.333333333333334,9.333333333333334,43.0
1419619,0.0,0,0.0,0.0,0.0,0.0,1.0,1.0,0.0,0.0,0.0,0.0,0.0,0.0,102.0,81.0,147.0,9.0,4.0,0.0,36.0,23.0,270.0,Kiril Ivkov,1,1974,1974,3,0.0,0.0,0.0,0.0,0.0,0.3333333333333333,0.0,0.0,0.0,0.0,0.0,34.0,27.0,12.0,7.666666666666667,49.0
1419620,0.0,4,1.0,1.0,8.0,6.0,1.0,7.0,6.0,0.0,0.0,0.0,5.0,3.0,164.0,138.0,224.0,23.0,22.0,0.0,114.0,90.0,270.0,Bozhil Kolev,1,1974,1974,3,0.0,1.3333333333333333,0.3333333333333333,2.6666666666666665,2.0,0.3333333333333333,2.0,0.0,0.0,1.6666666666666667,1.0,54.666666666666664,46.0,38.0,30.0,74.66666666666667
1419622,0.0,7,2.0,4.0,22.0,9.0,14.0,5.0,7.0,0.0,0.0,3.0,15.0,1.0,104.0,75.0,201.0,31.0,29.0,0.0,79.0,58.0,270.0,Georgi Denev,1,1974,1974,3,0.0,2.3333333333333335,0.6666666666666666,7.333333333333333,3.0,4.666666666666667,2.3333333333333335,0.0,0.0,5.0,0.3333333333333333,34.666666666666664,25.0,26.333333333333332,19.333333333333332,67.0
1419632,0.0,1,0.0,0.0,2.0,1.0,2.0,2.0,3.0,0.0,1.0,0.0,2.0,1.0,67.0,57.0,110.0,17.0,7.0,0.0,24.0,20.0,270.0,Luciano Spinosi,1,1974,1974,3,0.0,0.3333333333333333,0.0,0.6666666666666666,0.3333333333333333,0.6666666666666666,1.0,0.0,0.3333333333333333,0.6666666666666666,0.3333333333333333,22.333333333333332,19.0,8.0,6.666666666666667,36.666666666666664
1419633,2.0,18,6.0,6.0,33.0,19.0,6.0,31.0,11.0,0.0,1.0,2.0,12.0,4.0,392.0,315.0,580.0,51.0,85.0,0.0,244.0,185.0,798.0,Romeo Benetti,2,1974,1978,9,0.22556390977443608,2.0300751879699246,0.6766917293233082,3.7218045112781954,2.142857142857143,0.6766917293233082,1.2406015037593985,0.0,0.11278195488721804,1.3533834586466165,0.45112781954887216,44.21052631578947,35.526315789473685,27.518796992481203,20.864661654135336,65.41353383458646
1419634,1.0,2,1.0,0.0,6.0,3.0,2.0,6.0,5.0,0.0,0.0,0.0,7.0,1.0,154.0,129.0,207.0,14.0,20.0,0.0,102.0,83.0,270.0,Fabio Capello,1,1974,1974,3,0.3333333333333333,0.6666666666666666,0.3333333333333333,2.0,1.0,0.6666666666666666,1.6666666666666667,0.0,0.0,2.3333333333333335,0.3333333333333333,51.333333333333336,43.0,34.0,27.666666666666668,69.0
1419637,1.0,12,7.0,4.0,71.0,37.0,16.0,9.0,20.0,3.0,4.0,2.0,71.0,11.0,361.0,262.0,653.0,78.0,95.0,2.0,250.0,171.0,744.0,Franco Causio,3,1974,1982,11,0.12096774193548386,1.4516129032258063,0.846774193548387,8.588709677419354,4.475806451612903,1.9354838709677418,2.419354838709677,0.36290322580645157,0.48387096774193544,8.588709677419354,1.3306451612903225,43.66935483870967,31.693548387096772,30.241935483870964,20.68548387096774,78.99193548387096
1419643,0.0,0,0.0,0.0,2.0,2.0,6.0,7.0,0.0,0.0,0.0,0.0,0.0,0.0,83.0,70.0,147.0,28.0,24.0,0.0,36.0,28.0,322.0,Mauro Bellugi,1,1978,1978,5,0.0,0.0,0.0,0.5590062111801242,0.5590062111801242,1.6770186335403725,0.0,0.0,0.0,0.0,0.0,23.198757763975156,19.565217391304348,10.062111801242235,7.826086956521738,41.086956521739125
1419646,0.0,9,1.0,7.0,21.0,17.0,4.0,8.0,2.0,0.0,0.0,0.0,10.0,1.0,147.0,122.0,237.0,33.0,19.0,0.0,66.0,52.0,270.0,Pierre Bayonne,1,1974,1974,3,0.0,3.0,0.3333333333333333,7.0,5.666666666666667,1.3333333333333333,0.6666666666666666,0.0,0.0,3.3333333333333335,0.3333333333333333,49.0,40.666666666666664,22.0,17.333333333333332,79.0
1419649,0.0,2,1.0,1.0,4.0,1.0,5.0,2.0,4.0,0.0,1.0,0.0,3.0,2.0,140.0,114.0,171.0,11.0,12.0,0.0,86.0,64.0,270.0,Jean-Claude Désir,1,1974,1974,3,0.0,0.6666666666666666,0.3333333333333333,1.3333333333333333,0.3333333333333333,1.6666666666666667,1.3333333333333333,0.0,0.3333333333333333,1.0,0.6666666666666666,46.666666666666664,38.0,28.666666666666668,21.333333333333332,57.0
1419650,0.0,4,1.0,2.0,8.0,5.0,5.0,3.0,4.0,0.0,0.0,1.0,3.0,1.0,131.0,106.0,177.0,15.0,19.0,0.0,79.0,60.0,270.0,Eddy Antoine,1,1974,1974,3,0.0,1.3333333333333333,0.3333333333333333,2.6666666666666665,1.6666666666666667,1.6666666666666667,1.3333333333333333,0.0,0.0,1.0,0.3333333333333333,43.666666666666664,35.333333333333336,26.333333333333332,20.0,59.0
1419651,0.0,2,1.0,1.0,3.0,1.0,3.0,1.0,6.0,1.0,1.0,0.0,1.0,0.0,197.0,160.0,250.0,15.0,10.0,0.0,90.0,60.0,270.0,Philippe Vorbe,1,1974,1974,3,0.0,0.6666666666666666,0.3333333333333333,1.0,0.3333333333333333,1.0,2.0,0.3333333333333333,0.3333333333333333,0.3333333333333333,0.0,65.66666666666667,53.333333333333336,30.0,20.0,83.33333333333333
1419653,2.0,11,2.0,6.0,10.0,4.0,6.0,0.0,4.0,0.0,0.0,0.0,1.0,0.0,67.0,54.0,115.0,11.0,21.0,0.0,45.0,34.0,270.0,Emmanuel Sanon,1,1974,1974,3,0.6666666666666666,3.6666666666666665,0.6666666666666666,3.3333333333333335,1.3333333333333333,2.0,1.3333333333333333,0.0,0.0,0.3333333333333333,0.0,22.333333333333332,18.0,15.0,11.333333333333334,38.333333333333336
1419666,1.0,5,1.0,1.0,1.0,1.0,4.0,8.0,1.0,0.0,0.0,0.0,7.0,1.0,117.0,88.0,198.0,18.0,17.0,0.0,57.0,37.0,270.0,Ricardo Pavoni,1,1974,1974,3,0.3333333333333333,1.6666666666666667,0.3333333333333333,0.3333333333333333,0.3333333333333333,1.3333333333333333,0.3333333333333333,0.0,0.0,2.3333333333333335,0.3333333333333333,39.0,29.333333333333332,19.0,12.333333333333334,66.0
1419667,0.0,0,0.0,0.0,2.0,2.0,6.0,4.0,1.0,0.0,0.0,0.0,0.0,0.0,72.0,58.0,127.0,19.0,13.0,0.0,22.0,11.0,270.0,Baudilio Jauregui,1,1974,1974,3,0.0,0.0,0.0,0.6666666666666666,0.6666666666666666,2.0,0.3333333333333333,0.0,0.0,0.0,0.0,24.0,19.333333333333332,7.333333333333333,3.6666666666666665,42.333333333333336
1419670,0.0,5,2.0,2.0,4.0,1.0,7.0,4.0,4.0,0.0,1.0,1.0,2.0,0.0,39.0,25.0,71.0,19.0,15.0,0.0,31.0,21.0,270.0,Fernando Morena,1,1974,1974,3,0.0,1.6666666666666667,0.6666666666666666,1.3333333333333333,0.3333333333333333,2.3333333333333335,1.3333333333333333,0.0,0.3333333333333333,0.6666666666666666,0.0,13.0,8.333333333333334,10.333333333333334,7.0,23.666666666666668
1419682,0.0,3,1.0,1.0,9.0,5.0,13.0,39.0,5.0,0.0,0.0,0.0,6.0,2.0,383.0,336.0,536.0,69.0,73.0,0.0,192.0,158.0,833.0,Wim Rijsbergen,2,1974,1978,10,0.0,0.3241296518607443,0.10804321728691475,0.9723889555822328,0.5402160864345738,1.4045618247298919,0.5402160864345738,0.0,0.0,0.6482593037214885,0.2160864345738295,41.380552220888354,36.30252100840336,20.744297719087633,17.07082833133253,57.91116446578631
1419683,1.0,17,3.0,9.0,29.0,17.0,17.0,35.0,13.0,3.0,2.0,0.0,21.0,4.0,777.0,622.0,1071.0,100.0,83.0,0.0,443.0,306.0,1290.0,Ruud Krol,2,1974,1978,14,0.06976744186046512,1.1860465116279069,0.20930232558139533,2.0232558139534884,1.1860465116279069,1.1860465116279069,0.9069767441860465,0.20930232558139533,0.13953488372093023,1.4651162790697674,0.27906976744186046,54.20930232558139,43.3953488372093,30.906976744186046,21.348837209302324,74.72093023255813
1419684,0.0,20,6.0,10.0,7.0,6.0,6.0,34.0,10.0,1.0,2.0,2.0,31.0,11.0,427.0,355.0,623.0,43.0,50.0,0.0,241.0,184.0,942.0,Wim Suurbier,2,1974,1978,11,0.0,1.910828025477707,0.5732484076433121,0.6687898089171974,0.5732484076433121,0.5732484076433121,0.9554140127388535,0.09554140127388534,0.19108280254777069,2.961783439490446,1.0509554140127388,40.796178343949045,33.917197452229296,23.02547770700637,17.579617834394906,59.52229299363057
1419685,0.0,14,4.0,10.0,20.0,15.0,12.0,24.0,14.0,1.0,2.0,4.0,9.0,2.0,345.0,283.0,487.0,60.0,55.0,0.0,261.0,204.0,568.0,Willem van Hanegem,1,1974,1974,7,0.0,2.2183098591549295,0.6338028169014085,3.1690140845070425,2.376760563380282,1.9014084507042255,2.2183098591549295,0.15845070422535212,0.31690140845070425,1.426056338028169,0.31690140845070425,54.66549295774648,44.84154929577465,41.355633802816904,32.32394366197183,77.16549295774648
1419686,5.0,44,16.0,23.0,24.0,14.0,20.0,27.0,15.0,0.0,3.0,1.0,26.0,9.0,366.0,290.0,595.0,87.0,73.0,1.0,260.0,195.0,994.0,Johan Neeskens,2,1974,1978,12,0.45271629778672035,3.9839034205231387,1.448692152917505,2.1730382293762576,1.267605633802817,1.8108651911468814,1.358148893360161,0.0,0.2716297786720322,2.3541247484909458,0.8148893360160966,33.138832997987926,26.25754527162978,23.54124748490946,17.655935613682093,53.87323943661972
1419687,2.0,27,9.0,10.0,25.0,13.0,16.0,30.0,20.0,1.0,2.0,0.0,36.0,14.0,730.0,578.0,1000.0,85.0,89.0,0.0,399.0,264.0,1200.0,Arie Haan,2,1974,1978,13,0.15,2.025,0.6749999999999999,1.875,0.975,1.2,1.5,0.075,0.15,2.6999999999999997,1.05,54.75,43.35,29.924999999999997,19.8,75.0
1419688,0.0,12,4.0,4.0,18.0,11.0,30.0,22.0,24.0,0.0,3.0,2.0,37.0,11.0,494.0,401.0,780.0,106.0,71.0,1.0,341.0,262.0,1243.0,Wim Jansen,2,1974,1978,14,0.0,0.8688656476267095,0.28962188254223653,1.3032984714400644,0.7964601769911505,2.1721641190667738,1.737731295253419,0.0,0.21721641190667737,2.6790024135156876,0.7964601769911505,35.76830249396621,29.03459372485921,24.69026548672566,18.97023330651649,56.47626709573612
1419689,6.0,51,23.0,21.0,49.0,27.0,31.0,15.0,24.0,4.0,9.0,7.0,28.0,8.0,364.0,281.0,640.0,90.0,95.0,2.0,302.0,223.0,1132.0,Rob Rensenbrink,2,1974,1978,13,0.47703180212014135,4.054770318021202,1.8286219081272086,3.895759717314488,2.146643109540636,2.464664310954064,1.9081272084805654,0.31802120141342755,0.715547703180212,2.2261484098939928,0.6360424028268551,28.939929328621908,22.340989399293285,24.01060070671378,17.729681978798588,50.88339222614841
1419690,7.0,38,14.0,18.0,49.0,23.0,30.0,38.0,24.0,1.0,3.0,9.0,52.0,14.0,375.0,293.0,665.0,95.0,101.0,1.0,305.0,234.0,1160.0,Johnny Rep,2,1974,1978,14,0.5431034482758621,2.9482758620689653,1.0862068965517242,3.8017241379310343,1.7844827586206895,2.3275862068965516,1.8620689655172413,0.07758620689655173,0.23275862068965517,4.0344827586206895,1.0862068965517242,29.094827586206897,22.732758620689655,23.663793103448274,18.155172413793103,51.5948275862069
1419691,3.0,16,12.0,4.0,49.0,33.0,33.0,12.0,33.0,3.0,6.0,4.0,70.0,19.0,330.0,263.0,593.0,83.0,58.0,0.0,281.0,215.0,630.0,Johan Cruyff,1,1974,1974,7,0.42857142857142855,2.2857142857142856,1.7142857142857142,7.0,4.714285714285714,4.714285714285714,4.714285714285714,0.42857142857142855,0.8571428571428571,10.0,2.7142857142857144,47.142857142857146,37.57142857142857,40.142857142857146,30.714285714285715,84.71428571428571
1419695,1.0,13,5.0,5.0,34.0,17.0,12.0,11.0,12.0,3.0,4.0,0.0,55.0,13.0,152.0,108.0,332.0,37.0,54.0,0.0,112.0,69.0,612.0,René van de Kerkhof,2,1974,1978,8,0.14705882352941177,1.911764705882353,0.7352941176470589,5.0,2.5,1.7647058823529411,1.7647058823529411,0.4411764705882353,0.5882352941176471,8.088235294117647,1.911764705882353,22.35294117647059,15.882352941176471,16.47058823529412,10.147058823529411,48.82352941176471
1419702,1.0,15,6.0,6.0,25.0,15.0,4.0,24.0,7.0,0.0,0.0,1.0,17.0,7.0,315.0,247.0,517.0,68.0,70.0,0.0,206.0,147.0,660.0,Willy van de Kerkhof,1,1978,1978,7,0.13636363636363638,2.0454545454545454,0.8181818181818182,3.409090909090909,2.0454545454545454,0.5454545454545455,0.9545454545454546,0.0,0.0,2.3181818181818183,0.9545454545454546,42.95454545454545,33.68181818181818,28.090909090909093,20.045454545454547,70.5
1419704,0.0,9,2.0,4.0,10.0,7.0,4.0,9.0,9.0,0.0,2.0,3.0,3.0,0.0,373.0,327.0,463.0,36.0,24.0,0.0,211.0,172.0,475.0,Paulo César Carpegiani,1,1974,1974,6,0.0,1.7052631578947368,0.37894736842105264,1.8947368421052633,1.3263157894736843,0.7578947368421053,1.7052631578947368,0.0,0.37894736842105264,0.5684210526315789,0.0,70.67368421052632,61.95789473684211,39.97894736842105,32.589473684210525,87.72631578947369
1419707,3.0,23,5.0,10.0,33.0,19.0,9.0,18.0,23.0,0.0,4.0,0.0,27.0,8.0,534.0,426.0,782.0,68.0,100.0,1.0,357.0,270.0,948.0,Dirceu,3,1974,1982,12,0.2848101265822785,2.1835443037974684,0.4746835443037975,3.132911392405063,1.8037974683544304,0.8544303797468354,2.1835443037974684,0.0,0.379746835443038,2.5632911392405062,0.759493670886076,50.69620253164557,40.44303797468354,33.89240506329114,25.632911392405063,74.24050632911393
1419710,0.0,7,1.0,3.0,22.0,12.0,16.0,7.0,10.0,0.0,3.0,0.0,88.0,15.0,685.0,604.0,1001.0,59.0,37.0,0.0,330.0,272.0,1200.0,Manfred Kaltz,2,1978,1982,13,0.0,0.525,0.075,1.65,0.8999999999999999,1.2,0.75,0.0,0.22499999999999998,6.6,1.125,51.375,45.3,24.75,20.4,75.075
1419711,0.0,3,0.0,3.0,6.0,2.0,4.0,10.0,2.0,0.0,0.0,1.0,0.0,0.0,172.0,144.0,298.0,29.0,29.0,0.0,66.0,44.0,540.0,Rolf Rüssmann,1,1978,1978,6,0.0,0.5,0.0,1.0,0.3333333333333333,0.6666666666666666,0.3333333333333333,0.0,0.0,0.0,0.0,28.666666666666668,24.0,11.0,7.333333333333333,49.666666666666664
1419714,1.0,11,5.0,4.0,24.0,13.0,8.0,7.0,8.0,1.0,1.0,0.0,15.0,1.0,243.0,198.0,354.0,33.0,40.0,0.0,151.0,116.0,409.0,Hansi Müller,2,1978,1982,6,0.22004889975550124,2.4205378973105134,1.1002444987775062,5.28117359413203,2.860635696821516,1.76039119804401,1.76039119804401,0.22004889975550124,0.22004889975550124,3.3007334963325183,0.22004889975550124,53.4718826405868,43.56968215158924,33.22738386308069,25.525672371638144,77.89731051344744
1419715,2.0,27,6.0,17.0,20.0,10.0,19.0,11.0,9.0,1.0,1.0,4.0,28.0,4.0,137.0,107.0,275.0,45.0,60.0,0.0,105.0,78.0,733.0,Klaus Fischer,2,1978,1982,11,0.2455661664392906,3.315143246930423,0.7366984993178718,2.455661664392906,1.227830832196453,2.3328785811732606,1.1050477489768078,0.1227830832196453,0.1227830832196453,3.437926330150068,0.4911323328785812,16.821282401091405,13.137789904502048,12.892223738062757,9.577080491132334,33.765347885402456
1419722,9.0,46,17.0,21.0,39.0,21.0,36.0,26.0,20.0,0.0,4.0,8.0,33.0,7.0,457.0,377.0,749.0,89.0,103.0,3.0,343.0,271.0,1273.0,Karl-Heinz Rummenigge,3,1978,1986,19,0.6362922230950511,3.2521602513747054,1.2018853102906522,2.757266300078555,1.4846818538884525,2.5451688923802043,1.4139827179890023,0.0,0.2827965435978005,2.333071484681854,0.4948939512961508,32.309505106048704,26.653574234092694,24.249803613511393,19.15946582875098,52.95365278868814
1419723,2.0,11,5.0,5.0,16.0,3.0,6.0,3.0,10.0,1.0,1.0,1.0,5.0,2.0,85.0,72.0,149.0,13.0,30.0,0.0,65.0,52.0,331.0,Dieter Müller,1,1978,1978,4,0.5438066465256798,2.990936555891239,1.3595166163141994,4.350453172205438,0.8157099697885197,1.6314199395770395,2.719033232628399,0.2719033232628399,0.2719033232628399,1.3595166163141994,0.5438066465256798,23.11178247734139,19.577039274924473,17.673716012084594,14.138972809667674,40.51359516616314
1419724,0.0,1,1.0,0.0,9.0,7.0,7.0,6.0,6.0,0.0,0.0,0.0,0.0,0.0,176.0,160.0,288.0,41.0,24.0,0.0,75.0,65.0,450.0,Bernard Dietz,1,1978,1978,5,0.0,0.2,0.2,1.8,1.4,1.4,1.2,0.0,0.0,0.0,0.0,35.2,32.0,15.0,13.0,57.6
1419725,0.0,6,2.0,2.0,8.0,5.0,4.0,18.0,5.0,0.0,1.0,0.0,17.0,7.0,191.0,151.0,334.0,29.0,35.0,0.0,87.0,54.0,456.0,Henryk Maculewicz,1,1978,1978,6,0.0,1.1842105263157896,0.39473684210526316,1.5789473684210527,0.986842105263158,0.7894736842105263,0.986842105263158,0.0,0.19736842105263158,3.355263157894737,1.381578947368421,37.69736842105263,29.80263157894737,17.17105263157895,10.657894736842106,65.92105263157895
1419726,0.0,6,1.0,4.0,5.0,2.0,2.0,11.0,3.0,0.0,0.0,1.0,6.0,3.0,136.0,107.0,199.0,13.0,33.0,0.0,85.0,62.0,285.0,Bohdan Masztaler,1,1978,1978,4,0.0,1.8947368421052633,0.31578947368421056,1.5789473684210527,0.6315789473684211,0.6315789473684211,0.9473684210526316,0.0,0.0,1.8947368421052633,0.9473684210526316,42.94736842105263,33.78947368421053,26.842105263157897,19.578947368421055,62.8421052631579
1419727,0.0,7,0.0,5.0,28.0,14.0,11.0,14.0,8.0,0.0,0.0,0.0,10.0,3.0,201.0,143.0,321.0,47.0,43.0,0.0,158.0,104.0,450.0,Adam Nawałka,1,1978,1978,5,0.0,1.4,0.0,5.6,2.8,2.2,1.6,0.0,0.0,2.0,0.6,40.2,28.6,31.6,20.8,64.2
1419732,6.0,69,26.0,21.0,68.0,29.0,39.0,23.0,37.0,3.0,6.0,2.0,56.0,15.0,503.0,398.0,884.0,100.0,121.0,3.0,410.0,312.0,1282.0,Zbigniew Boniek,3,1978,1986,16,0.421216848673947,4.84399375975039,1.825273010920437,4.773790951638066,2.0358814352574104,2.7379095163806553,2.5975039001560063,0.2106084243369735,0.421216848673947,3.931357254290172,1.0530421216848675,35.31201248049922,27.94071762870515,28.783151326053044,21.903276131045242,62.059282371294856
1419734,1.0,19,5.0,11.0,14.0,8.0,3.0,11.0,7.0,2.0,3.0,1.0,14.0,3.0,144.0,103.0,246.0,25.0,31.0,1.0,108.0,73.0,405.0,Janusz Kupcewicz,1,1982,1982,5,0.2222222222222222,4.222222222222222,1.1111111111111112,3.111111111111111,1.7777777777777777,0.6666666666666666,1.5555555555555556,0.4444444444444444,0.6666666666666666,3.111111111111111,0.6666666666666666,32.0,22.88888888888889,24.0,16.22222222222222,54.666666666666664
1419735,0.0,0,0.0,0.0,3.0,3.0,3.0,5.0,0.0,0.0,0.0,0.0,0.0,0.0,142.0,129.0,204.0,19.0,9.0,0.0,36.0,26.0,405.0,Roman Wójcicki,2,1982,1986,5,0.0,0.0,0.0,0.6666666666666666,0.6666666666666666,0.6666666666666666,0.0,0.0,0.0,0.0,0.0,31.555555555555557,28.666666666666668,8.0,5.777777777777778,45.333333333333336
1419738,1.0,8,2.0,3.0,24.0,12.0,10.0,20.0,5.0,1.0,0.0,2.0,15.0,5.0,452.0,393.0,700.0,59.0,69.0,0.0,205.0,163.0,1071.0,Alberto Tarantini,2,1978,1982,12,0.08403361344537814,0.6722689075630252,0.1680672268907563,2.0168067226890756,1.0084033613445378,0.8403361344537815,0.42016806722689076,0.08403361344537814,0.0,1.2605042016806722,0.42016806722689076,37.983193277310924,33.02521008403361,17.22689075630252,13.697478991596638,58.8235294117647
1419739,0.0,1,1.0,0.0,6.0,5.0,13.0,32.0,4.0,0.0,1.0,0.0,0.0,0.0,428.0,383.0,612.0,67.0,64.0,0.0,128.0,101.0,1110.0,Luis Galván,2,1978,1982,12,0.0,0.08108108108108107,0.08108108108108107,0.48648648648648646,0.4054054054054054,1.054054054054054,0.3243243243243243,0.0,0.08108108108108107,0.0,0.0,34.7027027027027,31.054054054054053,10.378378378378377,8.18918918918919,49.62162162162162
1419740,0.0,15,2.0,10.0,38.0,23.0,18.0,26.0,11.0,1.0,1.0,0.0,48.0,20.0,583.0,491.0,964.0,104.0,81.0,1.0,294.0,218.0,1110.0,Jorge Olguín,2,1978,1982,12,0.0,1.2162162162162162,0.16216216216216214,3.081081081081081,1.8648648648648647,1.4594594594594594,0.8918918918918919,0.08108108108108107,0.08108108108108107,3.8918918918918917,1.6216216216216215,47.27027027027027,39.81081081081081,23.837837837837835,17.675675675675674,78.16216216216216
1419741,3.0,41,18.0,17.0,18.0,10.0,14.0,23.0,13.0,3.0,5.0,2.0,2.0,1.0,659.0,533.0,913.0,110.0,75.0,1.0,314.0,217.0,1110.0,Daniel Passarella,2,1978,1982,12,0.24324324324324323,3.324324324324324,1.4594594594594594,1.4594594594594594,0.8108108108108107,1.135135135135135,1.054054054054054,0.24324324324324323,0.4054054054054054,0.16216216216216214,0.08108108108108107,53.43243243243243,43.21621621621622,25.45945945945946,17.594594594594593,74.02702702702702
1419742,1.0,15,4.0,9.0,50.0,32.0,42.0,15.0,30.0,2.0,1.0,1.0,7.0,1.0,642.0,520.0,902.0,124.0,73.0,0.0,417.0,319.0,921.0,Osvaldo Ardiles,2,1978,1982,11,0.09771986970684039,1.465798045602606,0.39087947882736157,4.88599348534202,3.1270358306188926,4.1042345276872965,2.931596091205212,0.19543973941368079,0.09771986970684039,0.6840390879478828,0.09771986970684039,62.736156351791536,50.814332247557005,40.74918566775245,31.17263843648209,88.14332247557005
1419743,0.0,9,1.0,7.0,13.0,6.0,18.0,25.0,3.0,0.0,0.0,2.0,0.0,0.0,550.0,470.0,726.0,76.0,77.0,0.0,298.0,235.0,1010.0,Américo Gallego,2,1978,1982,11,0.0,0.801980198019802,0.08910891089108912,1.1584158415841586,0.5346534653465347,1.603960396039604,0.26732673267326734,0.0,0.0,0.0,0.0,49.00990099009901,41.881188118811885,26.554455445544555,20.940594059405942,64.6930693069307
1419744,0.0,9,2.0,5.0,33.0,21.0,10.0,3.0,6.0,0.0,1.0,1.0,6.0,2.0,139.0,106.0,268.0,41.0,44.0,0.0,91.0,64.0,305.0,José Daniel Valencia,2,1978,1982,5,0.0,2.6557377049180326,0.5901639344262295,9.737704918032787,6.19672131147541,2.9508196721311477,1.7704918032786885,0.0,0.29508196721311475,1.7704918032786885,0.5901639344262295,41.01639344262295,31.278688524590166,26.852459016393443,18.885245901639344,79.08196721311475
1419745,4.0,17,10.0,3.0,35.0,16.0,18.0,7.0,4.0,1.0,1.0,6.0,3.0,1.0,89.0,57.0,215.0,37.0,49.0,1.0,73.0,44.0,480.0,Leopoldo Luque,1,1978,1978,5,0.75,3.1875,1.875,6.5625,3.0,3.375,0.75,0.1875,0.1875,0.5625,0.1875,16.6875,10.6875,13.6875,8.25,40.3125
1419752,4.0,33,9.0,17.0,56.0,36.0,44.0,7.0,23.0,3.0,8.0,2.0,50.0,17.0,239.0,185.0,508.0,109.0,59.0,1.0,191.0,140.0,879.0,Daniel Bertoni,2,1978,1982,11,0.40955631399317405,3.3788395904436856,0.9215017064846416,5.733788395904436,3.6860068259385663,4.505119453924914,2.354948805460751,0.3071672354948805,0.8191126279863481,5.1194539249146755,1.7406143344709897,24.47098976109215,18.941979522184297,19.55631399317406,14.33447098976109,52.0136518771331
1419756,0.0,3,0.0,3.0,18.0,10.0,18.0,6.0,10.0,1.0,2.0,1.0,23.0,6.0,82.0,63.0,196.0,46.0,28.0,2.0,64.0,50.0,322.0,Oscar Ortiz,1,1978,1978,6,0.0,0.8385093167701863,0.0,5.0310559006211175,2.795031055900621,5.0310559006211175,2.795031055900621,0.2795031055900621,0.5590062111801242,6.428571428571428,1.6770186335403725,22.919254658385093,17.608695652173914,17.888198757763973,13.975155279503104,54.78260869565217
1419760,1.0,2,1.0,1.0,8.0,5.0,2.0,9.0,9.0,3.0,3.0,0.0,24.0,5.0,174.0,136.0,295.0,23.0,27.0,0.0,85.0,60.0,450.0,József Tóth,2,1978,1982,5,0.2,0.4,0.2,1.6,1.0,0.4,1.8,0.6,0.6,4.8,1.0,34.8,27.2,17.0,12.0,59.0
1419761,0.0,0,0.0,0.0,1.0,0.0,2.0,7.0,2.0,0.0,0.0,0.0,0.0,0.0,70.0,62.0,120.0,13.0,16.0,0.0,18.0,14.0,270.0,Zoltán Kereki,1,1978,1978,3,0.0,0.0,0.0,0.3333333333333333,0.0,0.6666666666666666,0.6666666666666666,0.0,0.0,0.0,0.0,23.333333333333332,20.666666666666668,6.0,4.666666666666667,40.0
1419762,1.0,11,5.0,4.0,10.0,9.0,4.0,6.0,1.0,0.0,0.0,0.0,13.0,1.0,138.0,93.0,219.0,21.0,22.0,1.0,99.0,65.0,270.0,Sándor Zombori,1,1978,1978,3,0.3333333333333333,3.6666666666666665,1.6666666666666667,3.3333333333333335,3.0,1.3333333333333333,0.3333333333333333,0.0,0.0,4.333333333333333,0.3333333333333333,46.0,31.0,33.0,21.666666666666668,73.0
1419764,2.0,10,4.0,4.0,37.0,24.0,5.0,9.0,8.0,1.0,2.0,2.0,8.0,2.0,170.0,138.0,305.0,49.0,60.0,0.0,116.0,88.0,450.0,Tibor Nyilasi,2,1978,1982,5,0.4,2.0,0.8,7.4,4.8,1.0,1.6,0.2,0.4,1.6,0.4,34.0,27.6,23.2,17.6,61.0
1419765,0.0,0,0.0,0.0,11.0,8.0,12.0,13.0,4.0,0.0,0.0,0.0,6.0,0.0,155.0,129.0,236.0,40.0,32.0,0.0,93.0,77.0,270.0,Sándor Pintér,1,1978,1978,3,0.0,0.0,0.0,3.6666666666666665,2.6666666666666665,4.0,1.3333333333333333,0.0,0.0,2.0,0.0,51.666666666666664,43.0,31.0,25.666666666666668,78.66666666666667
1419766,0.0,9,2.0,5.0,27.0,10.0,18.0,5.0,4.0,0.0,0.0,2.0,7.0,0.0,128.0,87.0,250.0,36.0,47.0,1.0,100.0,67.0,324.0,András Törőcsik,2,1978,1982,4,0.0,2.5,0.5555555555555556,7.5,2.7777777777777777,5.0,1.1111111111111112,0.0,0.0,1.9444444444444444,0.0,35.55555555555556,24.166666666666664,27.77777777777778,18.61111111111111,69.44444444444444
1419768,0.0,1,0.0,1.0,6.0,3.0,8.0,11.0,6.0,1.0,1.0,0.0,24.0,6.0,210.0,170.0,337.0,29.0,40.0,0.0,105.0,80.0,450.0,Győző Martos,2,1978,1982,6,0.0,0.2,0.0,1.2,0.6,1.6,1.2,0.2,0.2,4.8,1.2,42.0,34.0,21.0,16.0,67.4
1419770,0.0,0,0.0,0.0,0.0,0.0,2.0,0.0,0.0,0.0,0.0,0.0,0.0,0.0,95.0,81.0,126.0,6.0,5.0,0.0,25.0,14.0,270.0,László Bálint,2,1978,1982,3,0.0,0.0,0.0,0.0,0.0,0.6666666666666666,0.0,0.0,0.0,0.0,0.0,31.666666666666668,27.0,8.333333333333334,4.666666666666667,42.0
1419775,2.0,11,2.0,7.0,18.0,11.0,9.0,3.0,11.0,3.0,5.0,0.0,16.0,6.0,83.0,61.0,158.0,23.0,20.0,0.0,76.0,55.0,270.0,László Fazekas,2,1978,1982,4,0.6666666666666666,3.6666666666666665,0.6666666666666666,6.0,3.6666666666666665,3.0,3.6666666666666665,1.0,1.6666666666666667,5.333333333333333,2.0,27.666666666666668,20.333333333333332,25.333333333333332,18.333333333333332,52.666666666666664
1419779,1.0,23,8.0,11.0,34.0,17.0,36.0,38.0,14.0,1.0,2.0,3.0,57.0,14.0,582.0,482.0,1020.0,105.0,91.0,0.0,338.0,264.0,1610.0,Antonio Cabrini,3,1978,1986,18,0.055900621118012424,1.2857142857142856,0.4472049689440994,1.9006211180124224,0.9503105590062112,2.012422360248447,0.782608695652174,0.055900621118012424,0.11180124223602485,3.186335403726708,0.782608695652174,32.53416149068323,26.944099378881987,18.8944099378882,14.75776397515528,57.01863354037267
1419780,0.0,4,1.0,3.0,26.0,17.0,26.0,42.0,7.0,2.0,1.0,0.0,21.0,5.0,409.0,318.0,718.0,94.0,78.0,0.0,231.0,156.0,1170.0,Claudio Gentile,2,1978,1982,13,0.0,0.3076923076923077,0.07692307692307693,2.0,1.3076923076923077,2.0,0.5384615384615384,0.15384615384615385,0.07692307692307693,1.6153846153846154,0.38461538461538464,31.46153846153846,24.46153846153846,17.76923076923077,12.0,55.23076923076923
1419781,0.0,3,2.0,1.0,15.0,12.0,10.0,13.0,4.0,1.0,1.0,2.0,6.0,2.0,765.0,660.0,1057.0,68.0,38.0,0.0,222.0,146.0,1620.0,Gaetano Scirea,3,1978,1986,18,0.0,0.16666666666666666,0.1111111111111111,0.8333333333333334,0.6666666666666666,0.5555555555555556,0.2222222222222222,0.05555555555555555,0.05555555555555555,0.3333333333333333,0.1111111111111111,42.5,36.666666666666664,12.333333333333334,8.11111111111111,58.72222222222222
1419782,0.0,28,2.0,18.0,45.0,23.0,14.0,11.0,14.0,2.0,6.0,0.0,45.0,10.0,375.0,298.0,613.0,59.0,78.0,1.0,246.0,185.0,811.0,Giancarlo Antognoni,2,1978,1982,11,0.0,3.1072749691738593,0.2219482120838471,4.99383477188656,2.5524044389642415,1.5536374845869296,1.5536374845869296,0.2219482120838471,0.6658446362515413,4.99383477188656,1.1097410604192355,41.61528976572133,33.07028360049322,27.299630086313194,20.530209617755858,68.02712700369914
1419783,2.0,28,13.0,12.0,47.0,31.0,30.0,20.0,10.0,1.0,2.0,0.0,24.0,6.0,545.0,456.0,841.0,97.0,69.0,2.0,316.0,243.0,1156.0,Marco Tardelli,2,1978,1982,13,0.15570934256055363,2.179930795847751,1.0121107266435985,3.65916955017301,2.413494809688581,2.3356401384083045,0.7785467128027681,0.07785467128027682,0.15570934256055363,1.8685121107266436,0.4671280276816609,42.430795847750865,35.501730103806224,24.60207612456747,18.918685121107266,65.4757785467128
1419784,9.0,26,15.0,7.0,56.0,27.0,38.0,18.0,28.0,3.0,6.0,8.0,36.0,6.0,356.0,290.0,636.0,89.0,124.0,1.0,249.0,200.0,1206.0,Paolo Rossi,2,1978,1982,14,0.6716417910447761,1.9402985074626866,1.1194029850746268,4.17910447761194,2.014925373134328,2.835820895522388,2.08955223880597,0.22388059701492538,0.44776119402985076,2.6865671641791042,0.44776119402985076,26.567164179104477,21.64179104477612,18.582089552238806,14.925373134328359,47.46268656716418
1419785,2.0,20,7.0,11.0,28.0,14.0,26.0,9.0,4.0,0.0,1.0,7.0,1.0,0.0,211.0,152.0,353.0,75.0,71.0,4.0,158.0,106.0,607.0,Roberto Bettega,1,1978,1978,7,0.29654036243822074,2.9654036243822075,1.0378912685337727,4.151565074135091,2.0757825370675453,3.8550247116968697,0.5930807248764415,0.0,0.14827018121911037,0.14827018121911037,0.0,31.28500823723229,22.537067545304776,23.426688632619438,15.7166392092257,52.33937397034596
1419786,1.0,14,3.0,11.0,24.0,8.0,14.0,8.0,7.0,0.0,1.0,3.0,10.0,4.0,163.0,115.0,290.0,40.0,63.0,0.0,120.0,83.0,563.0,Francesco Graziani,2,1978,1982,10,0.15985790408525755,2.238010657193606,0.47957371225577267,3.8365896980461813,1.2788632326820604,2.238010657193606,1.119005328596803,0.0,0.15985790408525755,1.5985790408525755,0.6394316163410302,26.05683836589698,18.383658969804618,19.182948490230906,13.268206039076377,46.35879218472469
1419787,1.0,5,4.0,1.0,9.0,2.0,3.0,3.0,4.0,0.0,1.0,0.0,11.0,5.0,104.0,75.0,190.0,20.0,25.0,0.0,52.0,31.0,286.0,Renato Zaccarelli,1,1978,1978,5,0.3146853146853147,1.5734265734265735,1.2587412587412588,2.8321678321678325,0.6293706293706294,0.9440559440559441,1.2587412587412588,0.0,0.3146853146853147,3.4615384615384617,1.5734265734265735,32.72727272727273,23.601398601398603,16.363636363636363,9.755244755244755,59.79020979020979
1419793,0.0,3,1.0,0.0,5.0,2.0,5.0,3.0,2.0,0.0,1.0,0.0,3.0,1.0,109.0,76.0,183.0,20.0,16.0,0.0,50.0,30.0,318.0,Antonello Cuccureddu,1,1978,1978,5,0.0,0.8490566037735849,0.2830188679245283,1.4150943396226416,0.5660377358490566,1.4150943396226416,0.5660377358490566,0.0,0.2830188679245283,0.8490566037735849,0.2830188679245283,30.849056603773587,21.50943396226415,14.150943396226415,8.49056603773585,51.79245283018868
1419798,1.0,4,3.0,1.0,7.0,4.0,5.0,13.0,6.0,1.0,0.0,0.0,1.0,0.0,381.0,348.0,541.0,48.0,33.0,0.0,122.0,101.0,930.0,Marius Trésor,2,1978,1982,10,0.0967741935483871,0.3870967741935484,0.29032258064516125,0.6774193548387096,0.3870967741935484,0.48387096774193544,0.5806451612903225,0.0967741935483871,0.0,0.0967741935483871,0.0,36.87096774193548,33.677419354838705,11.806451612903226,9.774193548387096,52.354838709677416
1419799,0.0,2,0.0,2.0,3.0,3.0,8.0,14.0,1.0,1.0,0.0,0.0,3.0,1.0,245.0,210.0,367.0,31.0,28.0,0.0,107.0,88.0,696.0,Gérard Janvion,2,1978,1982,8,0.0,0.25862068965517243,0.0,0.3879310344827586,0.3879310344827586,1.0344827586206897,0.12931034482758622,0.12931034482758622,0.0,0.3879310344827586,0.12931034482758622,31.68103448275862,27.155172413793103,13.836206896551724,11.379310344827585,47.456896551724135
1419800,1.0,15,4.0,7.0,40.0,28.0,11.0,17.0,11.0,0.0,3.0,1.0,17.0,4.0,526.0,478.0,852.0,124.0,79.0,0.0,226.0,193.0,1384.0,Maxime Bossis,3,1978,1986,15,0.06502890173410404,0.9754335260115606,0.26011560693641617,2.601156069364162,1.8208092485549132,0.7153179190751445,0.7153179190751445,0.0,0.19508670520231214,1.1054913294797688,0.26011560693641617,34.20520231213873,31.083815028901732,14.696531791907514,12.550578034682081,55.40462427745665
1419803,1.0,11,5.0,5.0,8.0,6.0,7.0,2.0,5.0,1.0,2.0,3.0,1.0,1.0,123.0,97.0,187.0,24.0,26.0,1.0,92.0,71.0,340.0,Bernard Lacombe,2,1978,1982,5,0.2647058823529412,2.911764705882353,1.3235294117647058,2.1176470588235294,1.5882352941176472,1.8529411764705883,1.3235294117647058,0.2647058823529412,0.5294117647058824,0.2647058823529412,0.2647058823529412,32.55882352941177,25.676470588235293,24.35294117647059,18.794117647058822,49.5
1419804,2.0,16,6.0,9.0,36.0,17.0,5.0,18.0,11.0,3.0,1.0,2.0,31.0,11.0,166.0,130.0,325.0,42.0,68.0,0.0,116.0,88.0,624.0,Didier Six,2,1978,1982,10,0.28846153846153844,2.3076923076923075,0.8653846153846153,5.1923076923076925,2.4519230769230766,0.7211538461538461,1.5865384615384615,0.43269230769230765,0.14423076923076922,4.471153846153846,1.5865384615384615,23.94230769230769,18.75,16.73076923076923,12.692307692307692,46.875
1419805,5.0,50,12.0,23.0,67.0,32.0,36.0,28.0,43.0,3.0,8.0,1.0,10.0,1.0,732.0,587.0,1042.0,111.0,111.0,2.0,512.0,391.0,1261.0,Michel Platini,3,1978,1986,14,0.3568596352101507,3.568596352101507,0.8564631245043616,4.781919111816019,2.283901665344964,2.569389373513085,3.068992862807296,0.2141157811260904,0.570975416336241,0.7137192704203014,0.07137192704203013,52.24425059476606,41.89532117367169,36.54242664551943,27.906423473433783,74.3695479777954
1419812,0.0,12,3.0,7.0,8.0,5.0,8.0,9.0,3.0,0.0,1.0,1.0,9.0,1.0,393.0,356.0,585.0,57.0,32.0,0.0,145.0,119.0,971.0,Patrick Battiston,3,1978,1986,11,0.0,1.1122554067971162,0.27806385169927905,0.7415036045314108,0.4634397528321318,0.7415036045314108,0.27806385169927905,0.0,0.09268795056642636,0.8341915550978373,0.09268795056642636,36.42636457260556,32.99691040164778,13.439752832131822,11.029866117404737,54.22245108135942
1419814,1.0,7,1.0,4.0,0.0,0.0,2.0,12.0,0.0,0.0,0.0,1.0,3.0,1.0,156.0,137.0,228.0,24.0,28.0,0.0,68.0,55.0,383.0,Christian López,2,1978,1982,6,0.2349869451697128,1.6449086161879896,0.2349869451697128,0.0,0.0,0.4699738903394256,0.0,0.0,0.0,0.7049608355091384,0.2349869451697128,36.65796344647519,32.193211488250654,15.97911227154047,12.924281984334204,53.577023498694516
1419815,4.0,23,8.0,8.0,49.0,23.0,25.0,19.0,27.0,3.0,4.0,5.0,24.0,10.0,233.0,182.0,437.0,71.0,77.0,0.0,181.0,133.0,805.0,Dominique Rocheteau,3,1978,1986,10,0.4472049689440994,2.571428571428571,0.8944099378881988,5.478260869565217,2.571428571428571,2.795031055900621,3.018633540372671,0.3354037267080745,0.4472049689440994,2.683229813664596,1.1180124223602483,26.049689440993788,20.34782608695652,20.236024844720497,14.869565217391305,48.857142857142854
1419819,1.0,1,1.0,0.0,2.0,1.0,2.0,4.0,1.0,0.0,0.0,0.0,10.0,2.0,98.0,85.0,186.0,15.0,16.0,0.0,35.0,30.0,270.0,Moktar Dhuoib,1,1978,1978,3,0.3333333333333333,0.3333333333333333,0.3333333333333333,0.6666666666666666,0.3333333333333333,0.6666666666666666,0.3333333333333333,0.0,0.0,3.3333333333333335,0.6666666666666666,32.666666666666664,28.333333333333332,11.666666666666666,10.0,62.0
1419820,0.0,2,0.0,1.0,1.0,0.0,2.0,5.0,0.0,0.0,0.0,0.0,1.0,0.0,95.0,72.0,163.0,16.0,11.0,0.0,35.0,18.0,270.0,Omar Jebali,1,1978,1978,3,0.0,0.6666666666666666,0.0,0.3333333333333333,0.0,0.6666666666666666,0.0,0.0,0.0,0.3333333333333333,0.0,31.666666666666668,24.0,11.666666666666666,6.0,54.333333333333336
1419821,0.0,0,0.0,0.0,0.0,0.0,1.0,2.0,0.0,0.0,0.0,0.0,0.0,0.0,75.0,53.0,130.0,12.0,7.0,0.0,22.0,7.0,270.0,Mohsen Labidi,1,1978,1978,3,0.0,0.0,0.0,0.0,0.0,0.3333333333333333,0.0,0.0,0.0,0.0,0.0,25.0,17.666666666666668,7.333333333333333,2.3333333333333335,43.333333333333336
1419822,1.0,4,1.0,3.0,3.0,1.0,1.0,7.0,2.0,0.0,0.0,1.0,13.0,3.0,129.0,108.0,220.0,16.0,24.0,0.0,50.0,40.0,270.0,Ali Kaabi,1,1978,1978,3,0.3333333333333333,1.3333333333333333,0.3333333333333333,1.0,0.3333333333333333,0.3333333333333333,0.6666666666666666,0.0,0.0,4.333333333333333,1.0,43.0,36.0,16.666666666666668,13.333333333333334,73.33333333333333
1419823,0.0,4,0.0,4.0,16.0,8.0,7.0,5.0,4.0,1.0,1.0,0.0,7.0,2.0,145.0,105.0,203.0,25.0,20.0,0.0,110.0,75.0,270.0,Tarak Dhiab,1,1978,1978,3,0.0,1.3333333333333333,0.0,5.333333333333333,2.6666666666666665,2.3333333333333335,1.3333333333333333,0.3333333333333333,0.3333333333333333,2.3333333333333335,0.6666666666666666,48.333333333333336,35.0,36.666666666666664,25.0,67.66666666666667
1419824,0.0,7,3.0,4.0,10.0,3.0,1.0,4.0,6.0,1.0,1.0,0.0,15.0,6.0,115.0,89.0,182.0,8.0,23.0,0.0,65.0,44.0,270.0,Hamadi Agrebi,1,1978,1978,3,0.0,2.3333333333333335,1.0,3.3333333333333335,1.0,0.3333333333333333,2.0,0.3333333333333333,0.3333333333333333,5.0,2.0,38.333333333333336,29.666666666666668,21.666666666666668,14.666666666666666,60.666666666666664
1419825,1.0,5,2.0,3.0,11.0,6.0,4.0,5.0,1.0,1.0,1.0,2.0,1.0,1.0,87.0,67.0,143.0,23.0,18.0,0.0,56.0,41.0,270.0,Nejib Ghommidh,1,1978,1978,3,0.3333333333333333,1.6666666666666667,0.6666666666666666,3.6666666666666665,2.0,1.3333333333333333,0.3333333333333333,0.3333333333333333,0.3333333333333333,0.3333333333333333,0.3333333333333333,29.0,22.333333333333332,18.666666666666668,13.666666666666666,47.666666666666664
1419844,1.0,6,1.0,3.0,6.0,2.0,7.0,4.0,1.0,0.0,0.0,0.0,7.0,0.0,124.0,104.0,217.0,15.0,19.0,0.0,67.0,53.0,270.0,Arturo Vasquez Ayala,1,1978,1978,3,0.3333333333333333,2.0,0.3333333333333333,2.0,0.6666666666666666,2.3333333333333335,0.3333333333333333,0.0,0.0,2.3333333333333335,0.0,41.333333333333336,34.666666666666664,22.333333333333332,17.666666666666668,72.33333333333333
1419845,0.0,11,4.0,4.0,21.0,11.0,7.0,1.0,13.0,0.0,3.0,0.0,24.0,6.0,161.0,137.0,269.0,24.0,23.0,0.0,103.0,82.0,270.0,Leonardo Cuellar,1,1978,1978,3,0.0,3.6666666666666665,1.3333333333333333,7.0,3.6666666666666665,2.3333333333333335,4.333333333333333,0.0,1.0,8.0,2.0,53.666666666666664,45.666666666666664,34.333333333333336,27.333333333333332,89.66666666666667
1419847,0.0,7,1.0,5.0,8.0,5.0,4.0,2.0,4.0,0.0,0.0,1.0,5.0,1.0,164.0,131.0,219.0,14.0,14.0,0.0,111.0,84.0,270.0,Antonio de la Torre,1,1978,1978,3,0.0,2.3333333333333335,0.3333333333333333,2.6666666666666665,1.6666666666666667,1.3333333333333333,1.3333333333333333,0.0,0.0,1.6666666666666667,0.3333333333333333,54.666666666666664,43.666666666666664,37.0,28.0,73.0
1419848,1.0,21,6.0,12.0,24.0,9.0,30.0,12.0,15.0,0.0,0.0,5.0,13.0,3.0,226.0,161.0,385.0,53.0,57.0,1.0,181.0,122.0,750.0,Hugo Sanchez,3,1978,1994,8,0.12,2.52,0.72,2.88,1.0799999999999998,3.5999999999999996,1.7999999999999998,0.0,0.0,1.5599999999999998,0.36,27.119999999999997,19.32,21.72,14.639999999999999,46.199999999999996
1419849,1.0,11,2.0,8.0,1.0,0.0,8.0,6.0,8.0,0.0,0.0,1.0,1.0,1.0,72.0,59.0,118.0,14.0,13.0,0.0,61.0,49.0,270.0,Victor Rangel,1,1978,1978,3,0.3333333333333333,3.6666666666666665,0.6666666666666666,0.3333333333333333,0.0,2.6666666666666665,2.6666666666666665,0.0,0.0,0.3333333333333333,0.3333333333333333,24.0,19.666666666666668,20.333333333333332,16.333333333333332,39.333333333333336
1419863,1.0,4,2.0,1.0,9.0,8.0,7.0,18.0,1.0,0.0,0.0,0.0,2.0,0.0,166.0,133.0,283.0,41.0,32.0,1.0,55.0,36.0,552.0,Rubén Toribio Díaz,2,1978,1982,7,0.16304347826086957,0.6521739130434783,0.32608695652173914,1.467391304347826,1.3043478260869565,1.141304347826087,0.16304347826086957,0.0,0.0,0.32608695652173914,0.0,27.065217391304348,21.684782608695652,8.967391304347826,5.869565217391304,46.141304347826086
1419864,0.0,0,0.0,0.0,2.0,1.0,4.0,12.0,0.0,0.0,0.0,0.0,0.0,0.0,98.0,77.0,207.0,26.0,26.0,0.0,25.0,13.0,519.0,Rodolfo Manzo,1,1978,1978,6,0.0,0.0,0.0,0.3468208092485549,0.17341040462427745,0.6936416184971098,0.0,0.0,0.0,0.0,0.0,16.99421965317919,13.352601156069364,4.335260115606936,2.254335260115607,35.895953757225435
1419865,0.0,6,2.0,4.0,14.0,8.0,15.0,18.0,9.0,0.0,1.0,1.0,20.0,7.0,313.0,246.0,537.0,53.0,56.0,0.0,135.0,92.0,810.0,Jaime Duarte,2,1978,1982,9,0.0,0.6666666666666666,0.2222222222222222,1.5555555555555556,0.8888888888888888,1.6666666666666667,1.0,0.0,0.1111111111111111,2.2222222222222223,0.7777777777777778,34.77777777777778,27.333333333333332,15.0,10.222222222222221,59.666666666666664
1419866,1.0,9,1.0,8.0,14.0,9.0,6.0,25.0,4.0,1.0,0.0,0.0,1.0,0.0,358.0,298.0,526.0,61.0,61.0,0.0,164.0,133.0,682.0,José Manuel Velásquez,2,1978,1982,8,0.13196480938416422,1.187683284457478,0.13196480938416422,1.8475073313782993,1.187683284457478,0.7917888563049854,0.5278592375366569,0.13196480938416422,0.0,0.13196480938416422,0.0,47.24340175953079,39.32551319648094,21.642228739002935,17.55131964809384,69.41348973607039
1419867,1.0,17,7.0,7.0,32.0,19.0,12.0,15.0,15.0,1.0,2.0,0.0,9.0,2.0,513.0,389.0,697.0,61.0,85.0,0.0,321.0,226.0,803.0,César Cueto,2,1978,1982,9,0.112079701120797,1.905354919053549,0.7845579078455791,3.586550435865504,2.1295143212951433,1.3449564134495642,1.6811955168119552,0.112079701120797,0.224159402241594,1.0087173100871731,0.224159402241594,57.49688667496886,43.59900373599004,35.977584059775836,25.330012453300125,78.11955168119552
1419868,0.0,10,2.0,7.0,48.0,21.0,27.0,10.0,10.0,0.0,1.0,1.0,30.0,5.0,268.0,224.0,456.0,61.0,62.0,0.0,168.0,140.0,725.0,Juan Carlos Oblitas,2,1978,1982,9,0.0,1.2413793103448276,0.2482758620689655,5.958620689655173,2.606896551724138,3.3517241379310345,1.2413793103448276,0.0,0.12413793103448276,3.7241379310344827,0.6206896551724138,33.268965517241384,27.80689655172414,20.855172413793102,17.379310344827587,56.60689655172414
1419869,0.0,6,1.0,4.0,42.0,19.0,16.0,7.0,9.0,1.0,0.0,2.0,33.0,8.0,125.0,92.0,281.0,44.0,50.0,1.0,83.0,60.0,495.0,Juan Muñante,1,1978,1978,6,0.0,1.0909090909090908,0.18181818181818182,7.636363636363637,3.4545454545454546,2.909090909090909,1.6363636363636365,0.18181818181818182,0.0,6.0,1.4545454545454546,22.727272727272727,16.727272727272727,15.090909090909092,10.909090909090908,51.09090909090909
1419870,1.0,13,4.0,8.0,13.0,4.0,13.0,6.0,4.0,0.0,2.0,2.0,2.0,0.0,149.0,117.0,244.0,28.0,45.0,0.0,119.0,92.0,502.0,Guillermo La Rosa,2,1978,1982,8,0.17928286852589642,2.3306772908366535,0.7171314741035857,2.3306772908366535,0.7171314741035857,2.3306772908366535,0.7171314741035857,0.0,0.35856573705179284,0.35856573705179284,0.0,26.713147410358566,20.976095617529882,21.334661354581673,16.49402390438247,43.745019920318725
1419886,0.0,12,4.0,6.0,15.0,8.0,4.0,4.0,6.0,0.0,2.0,0.0,6.0,2.0,157.0,116.0,234.0,14.0,24.0,0.0,115.0,78.0,339.0,Asa Hartford,2,1978,1982,4,0.0,3.185840707964602,1.0619469026548674,3.982300884955752,2.1238938053097347,1.0619469026548674,1.592920353982301,0.0,0.5309734513274337,1.592920353982301,0.5309734513274337,41.68141592920354,30.79646017699115,30.530973451327434,20.707964601769913,62.123893805309734
1419891,1.0,9,3.0,3.0,32.0,17.0,14.0,3.0,11.0,1.0,0.0,0.0,42.0,11.0,173.0,142.0,312.0,35.0,26.0,0.0,132.0,107.0,360.0,John Robertson,2,1978,1982,4,0.25,2.25,0.75,8.0,4.25,3.5,2.75,0.25,0.0,10.5,2.75,43.25,35.5,33.0,26.75,78.0
1419892,1.0,13,4.0,6.0,13.0,8.0,4.0,13.0,14.0,0.0,1.0,0.0,13.0,6.0,388.0,327.0,500.0,27.0,33.0,1.0,229.0,180.0,540.0,Graeme Souness,3,1978,1986,6,0.16666666666666666,2.1666666666666665,0.6666666666666666,2.1666666666666665,1.3333333333333333,0.6666666666666666,2.3333333333333335,0.0,0.16666666666666666,2.1666666666666665,1.0,64.66666666666667,54.5,38.166666666666664,30.0,83.33333333333333
1419898,2.0,3,2.0,1.0,1.0,1.0,1.0,10.0,1.0,0.0,0.0,0.0,0.0,0.0,98.0,74.0,159.0,28.0,18.0,0.0,47.0,28.0,367.0,Ernie Brandts,1,1978,1978,4,0.4904632152588556,0.7356948228882835,0.4904632152588556,0.2452316076294278,0.2452316076294278,0.2452316076294278,0.2452316076294278,0.0,0.0,0.0,0.0,24.032697547683924,18.147138964577657,11.525885558583107,6.866485013623978,38.99182561307902
1419903,0.0,8,3.0,1.0,5.0,4.0,5.0,17.0,6.0,1.0,1.0,1.0,7.0,0.0,181.0,147.0,305.0,50.0,33.0,0.0,95.0,68.0,570.0,Jan Poortvliet,1,1978,1978,6,0.0,1.2631578947368423,0.4736842105263158,0.7894736842105263,0.6315789473684211,0.7894736842105263,0.9473684210526316,0.15789473684210528,0.15789473684210528,1.105263157894737,0.0,28.578947368421055,23.210526315789476,15.0,10.736842105263158,48.15789473684211
1419909,0.0,2,1.0,0.0,6.0,3.0,4.0,6.0,1.0,0.0,0.0,0.0,7.0,2.0,102.0,73.0,173.0,22.0,23.0,0.0,52.0,33.0,270.0,Hassan Nazari,1,1978,1978,3,0.0,0.6666666666666666,0.3333333333333333,2.0,1.0,1.3333333333333333,0.3333333333333333,0.0,0.0,2.3333333333333335,0.6666666666666666,34.0,24.333333333333332,17.333333333333332,11.0,57.666666666666664
1419910,0.0,0,0.0,0.0,0.0,0.0,3.0,4.0,1.0,0.0,0.0,0.0,0.0,0.0,70.0,57.0,127.0,16.0,13.0,0.0,22.0,12.0,270.0,Hossein Kazerani,1,1978,1978,3,0.0,0.0,0.0,0.0,0.0,1.0,0.3333333333333333,0.0,0.0,0.0,0.0,23.333333333333332,19.0,7.333333333333333,4.0,42.333333333333336
1419912,0.0,2,0.0,2.0,10.0,4.0,2.0,3.0,3.0,0.0,1.0,1.0,7.0,1.0,131.0,86.0,204.0,18.0,21.0,0.0,89.0,53.0,270.0,Ebrahim Ghasempour,1,1978,1978,3,0.0,0.6666666666666666,0.0,3.3333333333333335,1.3333333333333333,0.6666666666666666,1.0,0.0,0.3333333333333333,2.3333333333333335,0.3333333333333333,43.666666666666664,28.666666666666668,29.666666666666668,17.666666666666668,68.0
1419913,0.0,6,0.0,4.0,10.0,3.0,1.0,2.0,7.0,0.0,0.0,0.0,18.0,5.0,142.0,110.0,209.0,8.0,18.0,0.0,102.0,75.0,270.0,Ali Parvin,1,1978,1978,3,0.0,2.0,0.0,3.3333333333333335,1.0,0.3333333333333333,2.3333333333333335,0.0,0.0,6.0,1.6666666666666667,47.333333333333336,36.666666666666664,34.0,25.0,69.66666666666667
1419914,0.0,5,0.0,3.0,17.0,10.0,3.0,8.0,3.0,0.0,0.0,0.0,2.0,0.0,110.0,87.0,183.0,27.0,33.0,0.0,69.0,53.0,270.0,Mohammad Sadeghi,1,1978,1978,3,0.0,1.6666666666666667,0.0,5.666666666666667,3.3333333333333335,1.0,1.0,0.0,0.0,0.6666666666666666,0.0,36.666666666666664,29.0,23.0,17.666666666666668,61.0
1419916,0.0,1,0.0,1.0,2.0,0.0,2.0,7.0,0.0,0.0,0.0,0.0,0.0,0.0,55.0,35.0,107.0,18.0,17.0,0.0,25.0,11.0,270.0,Nasrollah Abdollahi,1,1978,1978,3,0.0,0.3333333333333333,0.0,0.6666666666666666,0.0,0.6666666666666666,0.0,0.0,0.0,0.0,0.0,18.333333333333332,11.666666666666666,8.333333333333334,3.6666666666666665,35.666666666666664
1419927,0.0,2,1.0,0.0,4.0,2.0,0.0,1.0,0.0,0.0,0.0,0.0,0.0,0.0,75.0,64.0,134.0,17.0,12.0,0.0,36.0,27.0,270.0,Roy Andersson,1,1978,1978,3,0.0,0.6666666666666666,0.3333333333333333,1.3333333333333333,0.6666666666666666,0.0,0.0,0.0,0.0,0.0,0.0,25.0,21.333333333333332,12.0,9.0,44.666666666666664
1419928,0.0,0,0.0,0.0,10.0,8.0,3.0,11.0,2.0,0.0,0.0,0.0,10.0,2.0,138.0,90.0,214.0,22.0,21.0,0.0,71.0,35.0,270.0,Hasse Borg,1,1978,1978,3,0.0,0.0,0.0,3.3333333333333335,2.6666666666666665,1.0,0.6666666666666666,0.0,0.0,3.3333333333333335,0.6666666666666666,46.0,30.0,23.666666666666668,11.666666666666666,71.33333333333333
1419929,0.0,1,0.0,1.0,7.0,4.0,2.0,9.0,2.0,0.0,0.0,0.0,15.0,6.0,108.0,91.0,178.0,21.0,26.0,1.0,42.0,32.0,270.0,Ingemar Erlandsson,1,1978,1978,3,0.0,0.3333333333333333,0.0,2.3333333333333335,1.3333333333333333,0.6666666666666666,0.6666666666666666,0.0,0.0,5.0,2.0,36.0,30.333333333333332,14.0,10.666666666666666,59.333333333333336
1419942,0.0,7,1.0,6.0,19.0,9.0,5.0,17.0,5.0,0.0,1.0,1.0,22.0,5.0,177.0,162.0,333.0,34.0,42.0,0.0,81.0,71.0,540.0,Toninho Baiano,1,1978,1978,6,0.0,1.1666666666666667,0.16666666666666666,3.1666666666666665,1.5,0.8333333333333334,0.8333333333333334,0.0,0.16666666666666666,3.6666666666666665,0.8333333333333334,29.5,27.0,13.5,11.833333333333334,55.5
1419943,1.0,4,2.0,2.0,3.0,3.0,4.0,24.0,2.0,0.0,0.0,0.0,1.0,0.0,360.0,305.0,552.0,55.0,50.0,0.0,113.0,74.0,1065.0,Oscar,2,1978,1982,12,0.08450704225352113,0.3380281690140845,0.16901408450704225,0.2535211267605634,0.2535211267605634,0.3380281690140845,0.16901408450704225,0.0,0.0,0.08450704225352113,0.0,30.422535211267604,25.774647887323944,9.549295774647886,6.253521126760563,46.64788732394366
1419944,0.0,1,0.0,1.0,0.0,0.0,2.0,2.0,3.0,0.0,0.0,0.0,0.0,0.0,255.0,229.0,343.0,12.0,9.0,0.0,103.0,83.0,630.0,Amaral,1,1978,1978,7,0.0,0.14285714285714285,0.0,0.0,0.0,0.2857142857142857,0.42857142857142855,0.0,0.0,0.0,0.0,36.42857142857143,32.714285714285715,14.714285714285714,11.857142857142858,49.0
1419945,0.0,19,2.0,12.0,15.0,8.0,8.0,23.0,13.0,1.0,2.0,1.0,19.0,5.0,587.0,508.0,763.0,55.0,57.0,2.0,377.0,310.0,830.0,Toninho Cerezo,2,1978,1982,10,0.0,2.060240963855422,0.2168674698795181,1.6265060240963858,0.8674698795180724,0.8674698795180724,1.4096385542168677,0.10843373493975905,0.2168674698795181,2.060240963855422,0.5421686746987953,63.65060240963856,55.08433734939759,40.87951807228916,33.6144578313253,82.73493975903615
1419946,5.0,42,14.0,19.0,40.0,23.0,19.0,15.0,30.0,5.0,11.0,7.0,15.0,4.0,383.0,318.0,578.0,58.0,67.0,0.0,295.0,237.0,764.0,Zico,3,1978,1986,14,0.5890052356020943,4.947643979057592,1.649214659685864,4.712041884816754,2.7094240837696333,2.238219895287958,3.5340314136125652,0.5890052356020943,1.2958115183246073,1.7670157068062826,0.4712041884816754,45.117801047120416,37.460732984293195,34.75130890052356,27.918848167539267,68.08900523560209
1419947,0.0,6,0.0,5.0,15.0,9.0,14.0,12.0,7.0,0.0,0.0,0.0,5.0,0.0,385.0,313.0,544.0,66.0,37.0,0.0,239.0,180.0,636.0,Batista,2,1978,1982,8,0.0,0.8490566037735849,0.0,2.1226415094339623,1.2735849056603774,1.9811320754716981,0.9905660377358491,0.0,0.0,0.7075471698113208,0.0,54.4811320754717,44.29245283018868,33.820754716981135,25.471698113207548,76.9811320754717
1419948,0.0,16,7.0,4.0,27.0,14.0,8.0,9.0,5.0,1.0,0.0,3.0,15.0,2.0,108.0,78.0,205.0,27.0,33.0,1.0,86.0,58.0,472.0,Gil,1,1978,1978,7,0.0,3.0508474576271185,1.3347457627118644,5.148305084745763,2.669491525423729,1.5254237288135593,0.9533898305084746,0.1906779661016949,0.0,2.860169491525424,0.3813559322033898,20.593220338983052,14.872881355932204,16.39830508474576,11.059322033898304,39.08898305084746
1419951,0.0,4,0.0,2.0,12.0,6.0,4.0,12.0,3.0,0.0,0.0,0.0,19.0,3.0,107.0,86.0,189.0,15.0,22.0,0.0,69.0,50.0,306.0,José Rodrigues Neto,1,1978,1978,4,0.0,1.1764705882352942,0.0,3.5294117647058822,1.7647058823529411,1.1764705882352942,0.8823529411764706,0.0,0.0,5.588235294117648,0.8823529411764706,31.47058823529412,25.294117647058822,20.294117647058822,14.705882352941178,55.588235294117645
1419954,3.0,20,10.0,9.0,8.0,2.0,11.0,7.0,8.0,1.0,2.0,2.0,0.0,0.0,107.0,76.0,182.0,26.0,40.0,0.0,94.0,63.0,450.0,Roberto Dinamite,1,1978,1978,5,0.6,4.0,2.0,1.6,0.4,2.2,1.6,0.2,0.4,0.0,0.0,21.4,15.2,18.8,12.6,36.4
1419956,0.0,19,7.0,5.0,26.0,12.0,8.0,2.0,11.0,1.0,0.0,2.0,3.0,0.0,237.0,209.0,338.0,26.0,36.0,2.0,167.0,143.0,419.0,Jorge Mendonça,1,1978,1978,6,0.0,4.081145584725537,1.503579952267303,5.58472553699284,2.5775656324582337,1.7183770883054892,2.3627684964200477,0.21479713603818615,0.0,0.6443914081145584,0.0,50.906921241050114,44.89260143198091,35.87112171837708,30.71599045346062,72.60143198090691
1419959,1.0,9,2.0,7.0,24.0,15.0,14.0,17.0,9.0,1.0,3.0,0.0,7.0,2.0,443.0,364.0,699.0,98.0,74.0,0.0,216.0,155.0,990.0,Bruno Pezzey,2,1978,1982,11,0.09090909090909091,0.8181818181818182,0.18181818181818182,2.1818181818181817,1.3636363636363635,1.2727272727272727,0.8181818181818182,0.09090909090909091,0.2727272727272727,0.6363636363636364,0.18181818181818182,40.27272727272727,33.09090909090909,19.636363636363637,14.090909090909092,63.54545454545455
1419960,0.0,1,0.0,1.0,5.0,2.0,3.0,6.0,1.0,0.0,0.0,0.0,9.0,2.0,157.0,136.0,242.0,18.0,12.0,0.0,53.0,38.0,360.0,Gerd Breitenberger,1,1978,1978,4,0.0,0.25,0.0,1.25,0.5,0.75,0.25,0.0,0.0,2.25,0.5,39.25,34.0,13.25,9.5,60.5
1419961,1.0,3,1.0,2.0,5.0,4.0,10.0,9.0,0.0,0.0,0.0,0.0,6.0,0.0,413.0,380.0,602.0,54.0,30.0,0.0,84.0,60.0,990.0,Erich Obermayer,2,1978,1982,11,0.09090909090909091,0.2727272727272727,0.09090909090909091,0.45454545454545453,0.36363636363636365,0.9090909090909091,0.0,0.0,0.0,0.5454545454545454,0.0,37.54545454545455,34.54545454545455,7.636363636363637,5.454545454545454,54.72727272727273
1419962,0.0,4,1.0,3.0,22.0,15.0,5.0,14.0,11.0,0.0,0.0,0.0,28.0,7.0,296.0,250.0,463.0,45.0,51.0,0.0,114.0,83.0,540.0,Robert Sara,1,1978,1978,6,0.0,0.6666666666666666,0.16666666666666666,3.6666666666666665,2.5,0.8333333333333334,1.8333333333333333,0.0,0.0,4.666666666666667,1.1666666666666667,49.333333333333336,41.666666666666664,19.0,13.833333333333334,77.16666666666667
1419963,0.0,5,5.0,0.0,13.0,8.0,13.0,5.0,4.0,0.0,1.0,0.0,5.0,2.0,189.0,157.0,281.0,32.0,28.0,0.0,75.0,55.0,489.0,Josef Hickersberger,1,1978,1978,6,0.0,0.920245398773006,0.920245398773006,2.392638036809816,1.4723926380368098,2.392638036809816,0.7361963190184049,0.0,0.18404907975460122,0.920245398773006,0.36809815950920244,34.78527607361963,28.89570552147239,13.803680981595091,10.122699386503067,51.717791411042946
1419964,0.0,2,0.0,1.0,42.0,29.0,17.0,13.0,34.0,1.0,0.0,0.0,26.0,6.0,793.0,666.0,1003.0,85.0,63.0,0.0,487.0,386.0,981.0,Herbert Prohaska,2,1978,1982,11,0.0,0.18348623853211007,0.0,3.853211009174312,2.6605504587155964,1.5596330275229358,3.1192660550458715,0.09174311926605504,0.0,2.385321100917431,0.5504587155963303,72.75229357798165,61.100917431192656,44.678899082568805,35.412844036697244,92.01834862385321
1419965,0.0,13,2.0,7.0,9.0,4.0,4.0,0.0,8.0,0.0,3.0,1.0,20.0,2.0,208.0,152.0,297.0,13.0,19.0,0.0,120.0,78.0,405.0,Kurt Jara,2,1978,1982,5,0.0,2.888888888888889,0.4444444444444444,2.0,0.8888888888888888,0.8888888888888888,1.7777777777777777,0.0,0.6666666666666666,4.444444444444445,0.4444444444444444,46.22222222222222,33.77777777777778,26.666666666666668,17.333333333333332,66.0
1419966,0.0,13,4.0,5.0,23.0,10.0,11.0,13.0,7.0,0.0,1.0,4.0,7.0,1.0,255.0,194.0,390.0,44.0,50.0,0.0,142.0,95.0,540.0,Willy Kreuz,1,1978,1978,6,0.0,2.1666666666666665,0.6666666666666666,3.8333333333333335,1.6666666666666667,1.8333333333333333,1.1666666666666667,0.0,0.16666666666666666,1.1666666666666667,0.16666666666666666,42.5,32.333333333333336,23.666666666666668,15.833333333333334,65.0
1419967,3.0,16,8.0,6.0,29.0,11.0,13.0,7.0,9.0,0.0,2.0,3.0,4.0,1.0,134.0,105.0,260.0,31.0,50.0,2.0,84.0,58.0,665.0,Walter Schachner,2,1978,1982,8,0.40601503759398494,2.1654135338345863,1.0827067669172932,3.924812030075188,1.4887218045112782,1.7593984962406015,1.218045112781955,0.0,0.2706766917293233,0.5413533834586466,0.13533834586466165,18.13533834586466,14.210526315789473,11.368421052631579,7.849624060150376,35.18796992481203
1419968,5.0,40,19.0,14.0,51.0,26.0,15.0,8.0,10.0,0.0,2.0,6.0,5.0,0.0,226.0,168.0,406.0,59.0,76.0,0.0,146.0,91.0,900.0,Hans Johann Krankl,2,1978,1982,10,0.5,4.0,1.9,5.1,2.6,1.5,1.0,0.0,0.2,0.5,0.0,22.6,16.8,14.6,9.1,40.6
1419973,0.0,2,1.0,0.0,8.0,4.0,7.0,6.0,2.0,0.0,0.0,0.0,9.0,0.0,170.0,141.0,255.0,28.0,20.0,0.0,96.0,72.0,360.0,Roland Hattenberger,1,1982,1982,4,0.0,0.5,0.25,2.0,1.0,1.75,0.5,0.0,0.0,2.25,0.0,42.5,35.25,24.0,18.0,63.75
1419977,0.0,7,0.0,6.0,6.0,1.0,3.0,5.0,4.0,2.0,1.0,0.0,11.0,4.0,191.0,149.0,274.0,26.0,28.0,0.0,94.0,62.0,426.0,Eduard Krieger,1,1978,1978,5,0.0,1.4788732394366197,0.0,1.267605633802817,0.2112676056338028,0.6338028169014085,0.8450704225352113,0.4225352112676056,0.2112676056338028,2.323943661971831,0.8450704225352113,40.352112676056336,31.47887323943662,19.859154929577464,13.098591549295774,57.88732394366197
1419981,0.0,2,0.0,0.0,3.0,0.0,7.0,5.0,6.0,0.0,0.0,0.0,12.0,4.0,154.0,144.0,222.0,17.0,18.0,0.0,66.0,58.0,270.0,Marcelino,1,1978,1978,3,0.0,0.6666666666666666,0.0,1.0,0.0,2.3333333333333335,2.0,0.0,0.0,4.0,1.3333333333333333,51.333333333333336,48.0,22.0,19.333333333333332,74.0
1419985,1.0,7,1.0,5.0,8.0,5.0,2.0,4.0,0.0,0.0,0.0,1.0,1.0,0.0,178.0,148.0,227.0,22.0,22.0,0.0,121.0,92.0,270.0,Juan Manuel Asensi,1,1978,1978,3,0.3333333333333333,2.3333333333333335,0.3333333333333333,2.6666666666666665,1.6666666666666667,0.6666666666666666,0.0,0.0,0.0,0.3333333333333333,0.0,59.333333333333336,49.333333333333336,40.333333333333336,30.666666666666668,75.66666666666667
1419986,0.0,1,0.0,0.0,9.0,7.0,11.0,2.0,3.0,0.0,1.0,0.0,1.0,0.0,124.0,109.0,182.0,25.0,13.0,0.0,63.0,50.0,270.0,Isidoro San José,1,1978,1978,3,0.0,0.3333333333333333,0.0,3.0,2.3333333333333335,3.6666666666666665,1.0,0.0,0.3333333333333333,0.3333333333333333,0.0,41.333333333333336,36.333333333333336,21.0,16.666666666666668,60.666666666666664
1419996,0.0,3,3.0,0.0,6.0,3.0,4.0,3.0,5.0,0.0,2.0,2.0,3.0,0.0,91.0,56.0,129.0,22.0,22.0,0.0,75.0,46.0,360.0,Santillana,2,1978,1982,4,0.0,0.75,0.75,1.5,0.75,1.0,1.25,0.0,0.5,0.75,0.0,22.75,14.0,18.75,11.5,32.25
1420003,4.0,21,10.0,10.0,23.0,15.0,17.0,15.0,6.0,1.0,0.0,6.0,4.0,0.0,225.0,179.0,364.0,55.0,60.0,0.0,158.0,120.0,681.0,Jorge Valdano,2,1982,1986,9,0.5286343612334802,2.775330396475771,1.3215859030837005,3.039647577092511,1.9823788546255507,2.246696035242291,0.7929515418502203,0.13215859030837004,0.0,0.5286343612334802,0.0,29.73568281938326,23.65638766519824,20.88105726872247,15.859030837004406,48.1057268722467
1420005,0.0,5,1.0,3.0,32.0,13.0,8.0,11.0,3.0,0.0,1.0,0.0,19.0,5.0,187.0,162.0,296.0,26.0,46.0,0.0,149.0,127.0,480.0,Gabriel Calderón,2,1982,1990,9,0.0,0.9375,0.1875,6.0,2.4375,1.5,0.5625,0.0,0.1875,3.5625,0.9375,35.0625,30.375,27.9375,23.8125,55.5
1420009,0.0,6,4.0,2.0,8.0,3.0,13.0,25.0,5.0,2.0,0.0,0.0,10.0,3.0,230.0,195.0,400.0,47.0,52.0,0.0,110.0,87.0,807.0,Julio Olarticoechea,2,1986,1990,12,0.0,0.6691449814126395,0.44609665427509293,0.8921933085501859,0.3345724907063197,1.449814126394052,0.5576208178438662,0.22304832713754646,0.0,1.1152416356877324,0.3345724907063197,25.650557620817843,21.74721189591078,12.267657992565056,9.70260223048327,44.60966542750929
1420013,1.0,36,9.0,20.0,18.0,8.0,8.0,23.0,40.0,3.0,9.0,0.0,112.0,32.0,404.0,298.0,691.0,43.0,56.0,0.0,296.0,206.0,1035.0,Frank Vercauteren,2,1982,1986,11,0.08695652173913043,3.130434782608696,0.782608695652174,1.565217391304348,0.6956521739130435,0.6956521739130435,3.4782608695652173,0.2608695652173913,0.782608695652174,9.73913043478261,2.782608695652174,35.130434782608695,25.91304347826087,25.73913043478261,17.91304347826087,60.08695652173913
1420014,0.0,0,0.0,0.0,4.0,4.0,3.0,5.0,1.0,0.0,0.0,0.0,6.0,0.0,118.0,104.0,172.0,15.0,15.0,0.0,59.0,46.0,271.0,Marc Baecke,1,1982,1982,4,0.0,0.0,0.0,1.3284132841328413,1.3284132841328413,0.996309963099631,0.33210332103321033,0.0,0.0,1.992619926199262,0.0,39.18819188191882,34.53874538745387,19.59409594095941,15.276752767527675,57.12177121771218
1420016,0.0,0,0.0,0.0,2.0,1.0,3.0,9.0,0.0,0.0,0.0,0.0,2.0,0.0,142.0,128.0,218.0,31.0,23.0,0.0,48.0,38.0,450.0,Luc Millecamps,1,1982,1982,5,0.0,0.0,0.0,0.4,0.2,0.6,0.0,0.0,0.0,0.4,0.0,28.4,25.6,9.6,7.6,43.6
1420017,0.0,8,0.0,6.0,20.0,14.0,12.0,19.0,4.0,1.0,1.0,0.0,22.0,5.0,467.0,399.0,751.0,79.0,47.0,0.0,224.0,166.0,1118.0,Eric Gerets,3,1982,1990,12,0.0,0.6440071556350626,0.0,1.6100178890876564,1.1270125223613596,0.9660107334525939,0.3220035778175313,0.08050089445438283,0.08050089445438283,1.7710196779964222,0.4025044722719141,37.59391771019678,32.119856887298745,18.032200357781754,13.363148479427549,60.456171735241504
1420018,1.0,17,3.0,14.0,8.0,2.0,2.0,13.0,7.0,0.0,0.0,0.0,3.0,0.0,300.0,243.0,400.0,30.0,39.0,1.0,216.0,166.0,450.0,Ludo Coeck,1,1982,1982,5,0.2,3.4,0.6,1.6,0.4,0.4,1.4,0.0,0.0,0.6,0.0,60.0,48.6,43.2,33.2,80.0
1420019,4.0,36,12.0,19.0,48.0,30.0,19.0,18.0,33.0,3.0,7.0,3.0,21.0,3.0,672.0,515.0,972.0,125.0,128.0,1.0,476.0,342.0,1506.0,Jan Ceulemans,3,1982,1990,16,0.2390438247011952,2.151394422310757,0.7171314741035856,2.8685258964143423,1.792828685258964,1.1354581673306772,1.9721115537848604,0.1792828685258964,0.4183266932270916,1.254980079681275,0.1792828685258964,40.1593625498008,30.77689243027888,28.44621513944223,20.43824701195219,58.08764940239043
1420020,1.0,13,2.0,9.0,13.0,7.0,9.0,5.0,3.0,0.0,1.0,2.0,4.0,1.0,95.0,66.0,179.0,35.0,25.0,0.0,76.0,49.0,395.0,Alexandre Czerniatynski,2,1982,1994,6,0.22784810126582278,2.962025316455696,0.45569620253164556,2.962025316455696,1.5949367088607593,2.050632911392405,0.6835443037974683,0.0,0.22784810126582278,0.9113924050632911,0.22784810126582278,21.645569620253163,15.037974683544302,17.31645569620253,11.164556962025316,40.78481012658227
1420022,2.0,21,7.0,12.0,11.0,2.0,9.0,1.0,6.0,0.0,0.0,6.0,3.0,1.0,120.0,83.0,217.0,28.0,34.0,1.0,95.0,60.0,515.0,Erwin Vandenbergh,2,1982,1986,6,0.34951456310679613,3.6699029126213594,1.2233009708737863,1.9223300970873787,0.34951456310679613,1.5728155339805825,1.0485436893203883,0.0,0.0,0.5242718446601942,0.17475728155339806,20.97087378640777,14.504854368932039,16.601941747572816,10.485436893203884,37.922330097087375
1420023,0.0,1,0.0,1.0,5.0,5.0,9.0,9.0,7.0,0.0,0.0,0.0,7.0,2.0,258.0,220.0,377.0,35.0,21.0,0.0,96.0,68.0,610.0,Michel Renquin,2,1982,1986,7,0.0,0.14754098360655737,0.0,0.7377049180327869,0.7377049180327869,1.3278688524590163,1.0327868852459017,0.0,0.0,1.0327868852459017,0.29508196721311475,38.0655737704918,32.459016393442624,14.163934426229508,10.032786885245901,55.622950819672134
1420031,0.0,3,1.0,1.0,10.0,6.0,1.0,2.0,4.0,1.0,0.0,0.0,5.0,1.0,202.0,188.0,255.0,17.0,16.0,0.0,89.0,77.0,360.0,Walter Meeuws,1,1982,1982,4,0.0,0.75,0.25,2.5,1.5,0.25,1.0,0.25,0.0,1.25,0.25,50.5,47.0,22.25,19.25,63.75
1420032,0.0,3,3.0,0.0,3.0,3.0,12.0,19.0,0.0,0.0,0.0,0.0,3.0,1.0,175.0,148.0,302.0,48.0,32.0,1.0,49.0,30.0,664.0,Fulvio Collovati,2,1982,1986,8,0.0,0.40662650602409633,0.40662650602409633,0.40662650602409633,0.40662650602409633,1.6265060240963853,0.0,0.0,0.0,0.40662650602409633,0.1355421686746988,23.719879518072286,20.06024096385542,6.6415662650602405,4.066265060240964,40.933734939759034
1420033,0.0,4,2.0,2.0,3.0,2.0,2.0,10.0,2.0,0.0,0.0,0.0,3.0,0.0,80.0,67.0,122.0,19.0,15.0,0.0,40.0,32.0,270.0,Giampiero Marini,1,1982,1982,5,0.0,1.3333333333333333,0.6666666666666666,1.0,0.6666666666666666,0.6666666666666666,0.6666666666666666,0.0,0.0,1.0,0.0,26.666666666666668,22.333333333333332,13.333333333333334,10.666666666666666,40.666666666666664
1420034,1.0,22,7.0,10.0,53.0,27.0,27.0,19.0,28.0,3.0,4.0,1.0,62.0,18.0,350.0,270.0,626.0,81.0,78.0,1.0,249.0,178.0,941.0,Bruno Conti,2,1982,1986,11,0.09564293304994687,2.104144527098831,0.6695005313496281,5.069075451647183,2.5823591923485654,2.5823591923485654,2.6780021253985122,0.2869287991498406,0.38257173219978746,5.929861849096706,1.7215727948990436,33.4750265674814,25.823591923485655,23.815090329436767,17.02444208289054,59.87247608926673
1420035,5.0,11,6.0,3.0,21.0,7.0,14.0,6.0,7.0,0.0,2.0,1.0,5.0,2.0,126.0,98.0,211.0,27.0,38.0,1.0,92.0,64.0,470.0,Alessandro Altobelli,2,1982,1986,7,0.9574468085106382,2.106382978723404,1.1489361702127658,4.0212765957446805,1.3404255319148937,2.6808510638297873,1.3404255319148937,0.0,0.3829787234042553,0.9574468085106382,0.3829787234042553,24.127659574468083,18.76595744680851,17.617021276595743,12.25531914893617,40.40425531914894
1420036,0.0,5,0.0,2.0,8.0,2.0,22.0,10.0,5.0,1.0,2.0,0.0,0.0,0.0,154.0,142.0,242.0,34.0,24.0,0.0,94.0,85.0,436.0,Gabriele Oriali,1,1982,1982,5,0.0,1.0321100917431194,0.0,1.651376146788991,0.41284403669724773,4.541284403669725,1.0321100917431194,0.20642201834862386,0.41284403669724773,0.0,0.0,31.788990825688074,29.31192660550459,19.403669724770644,17.545871559633028,49.95412844036698
1420038,0.0,2,2.0,0.0,2.0,2.0,8.0,4.0,6.0,0.0,2.0,0.0,1.0,0.0,596.0,483.0,730.0,42.0,16.0,0.0,279.0,190.0,919.0,Franco Baresi,2,1990,1994,10,0.0,0.19586507072905332,0.19586507072905332,0.19586507072905332,0.19586507072905332,0.7834602829162133,0.58759521218716,0.0,0.19586507072905332,0.09793253536452666,0.0,58.36779107725789,47.30141458106638,27.32317736670294,18.607181719260065,71.49075081610447
1420039,0.0,4,0.0,3.0,5.0,4.0,10.0,22.0,3.0,0.0,0.0,0.0,8.0,1.0,523.0,456.0,753.0,56.0,52.0,0.0,195.0,142.0,1462.0,Giuseppe Bergomi,4,1982,1998,16,0.0,0.24623803009575926,0.0,0.3077975376196991,0.24623803009575926,0.6155950752393982,0.18467852257181944,0.0,0.0,0.4924760601915185,0.061559507523939815,32.195622435020525,28.071135430916556,12.004103967168263,8.741450068399454,46.35430916552668
1420040,0.0,6,1.0,4.0,3.0,1.0,6.0,12.0,2.0,0.0,1.0,0.0,0.0,0.0,146.0,132.0,222.0,21.0,27.0,1.0,57.0,46.0,484.0,Pietro Vierchowod,2,1986,1990,7,0.0,1.1157024793388428,0.1859504132231405,0.5578512396694214,0.1859504132231405,1.1157024793388428,0.371900826446281,0.0,0.1859504132231405,0.0,0.0,27.14876033057851,24.545454545454543,10.599173553719007,8.553719008264462,41.280991735537185
1420042,1.0,8,2.0,5.0,8.0,4.0,12.0,10.0,4.0,0.0,0.0,2.0,5.0,2.0,135.0,98.0,209.0,27.0,41.0,0.0,93.0,60.0,441.0,Daniele Massaro,1,1994,1994,6,0.2040816326530612,1.6326530612244896,0.4081632653061224,1.6326530612244896,0.8163265306122448,2.4489795918367343,0.8163265306122448,0.0,0.0,1.0204081632653061,0.4081632653061224,27.551020408163264,20.0,18.97959183673469,12.244897959183673,42.65306122448979
1420045,0.0,1,0.0,0.0,1.0,1.0,2.0,11.0,1.0,0.0,0.0,0.0,0.0,0.0,164.0,147.0,255.0,25.0,19.0,0.0,47.0,35.0,630.0,Pavel Janas,1,1982,1982,7,0.0,0.14285714285714285,0.0,0.14285714285714285,0.14285714285714285,0.2857142857142857,0.14285714285714285,0.0,0.0,0.0,0.0,23.428571428571427,21.0,6.714285714285714,5.0,36.42857142857143
1420046,1.0,9,2.0,5.0,20.0,11.0,10.0,30.0,4.0,0.0,0.0,0.0,12.0,0.0,330.0,273.0,536.0,58.0,63.0,0.0,145.0,102.0,990.0,Stefan Majewski,2,1982,1986,11,0.09090909090909091,0.8181818181818182,0.18181818181818182,1.8181818181818181,1.0,0.9090909090909091,0.36363636363636365,0.0,0.0,1.0909090909090908,0.0,30.0,24.818181818181817,13.181818181818182,9.272727272727273,48.72727272727273
1420048,0.0,7,1.0,4.0,13.0,10.0,6.0,8.0,7.0,0.0,0.0,0.0,12.0,0.0,281.0,230.0,437.0,49.0,37.0,0.0,162.0,120.0,720.0,Waldemar Matysik,2,1982,1986,9,0.0,0.875,0.125,1.625,1.25,0.75,0.875,0.0,0.0,1.5,0.0,35.125,28.75,20.25,15.0,54.625
1420049,1.0,16,3.0,9.0,30.0,18.0,22.0,24.0,17.0,2.0,3.0,0.0,14.0,3.0,357.0,289.0,543.0,57.0,76.0,1.0,236.0,178.0,765.0,Andrzej Buncol,2,1982,1986,9,0.11764705882352941,1.8823529411764706,0.35294117647058826,3.5294117647058822,2.1176470588235294,2.588235294117647,2.0,0.23529411764705882,0.35294117647058826,1.6470588235294117,0.35294117647058826,42.0,34.0,27.764705882352942,20.941176470588236,63.88235294117647
1420050,2.0,16,4.0,8.0,45.0,21.0,33.0,25.0,19.0,0.0,1.0,3.0,35.0,11.0,179.0,139.0,414.0,75.0,91.0,2.0,141.0,106.0,856.0,Włodzimierz Smolarek,2,1982,1986,10,0.2102803738317757,1.6822429906542056,0.4205607476635514,4.731308411214953,2.207943925233645,3.4696261682242993,1.9976635514018692,0.0,0.10514018691588785,3.6799065420560746,1.1565420560747663,18.820093457943926,14.61448598130841,14.824766355140188,11.144859813084112,43.52803738317757
1420053,0.0,0,0.0,0.0,2.0,0.0,5.0,12.0,2.0,0.0,0.0,0.0,0.0,0.0,132.0,118.0,198.0,22.0,20.0,0.0,57.0,49.0,423.0,Marek Dziuba,1,1982,1982,5,0.0,0.0,0.0,0.425531914893617,0.0,1.0638297872340425,0.425531914893617,0.0,0.0,0.0,0.0,28.085106382978722,25.106382978723403,12.127659574468085,10.425531914893616,42.12765957446808
1420058,3.0,13,6.0,4.0,13.0,10.0,12.0,10.0,11.0,1.0,2.0,0.0,1.0,0.0,382.0,338.0,498.0,45.0,34.0,1.0,221.0,187.0,540.0,Falcão,2,1982,1986,7,0.5,2.1666666666666665,1.0,2.1666666666666665,1.6666666666666667,2.0,1.8333333333333333,0.16666666666666666,0.3333333333333333,0.16666666666666666,0.0,63.666666666666664,56.333333333333336,36.833333333333336,31.166666666666668,83.0
1420059,0.0,4,0.0,2.0,2.0,1.0,1.0,10.0,4.0,0.0,0.0,1.0,0.0,0.0,185.0,167.0,247.0,21.0,16.0,0.0,67.0,55.0,450.0,Luizinho,1,1982,1982,5,0.0,0.8,0.0,0.4,0.2,0.2,0.8,0.0,0.0,0.0,0.0,37.0,33.4,13.4,11.0,49.4
1420060,0.0,8,2.0,3.0,8.0,5.0,3.0,10.0,14.0,2.0,2.0,0.0,20.0,5.0,205.0,171.0,337.0,30.0,29.0,0.0,116.0,90.0,442.0,Leandro,1,1982,1982,5,0.0,1.6289592760180995,0.4072398190045249,1.6289592760180995,1.0180995475113122,0.6108597285067873,2.850678733031674,0.4072398190045249,0.4072398190045249,4.072398190045249,1.0180995475113122,41.7420814479638,34.81900452488688,23.61990950226244,18.32579185520362,68.61990950226244
1420061,1.0,18,8.0,6.0,20.0,14.0,21.0,12.0,29.0,3.0,3.0,0.0,61.0,11.0,570.0,472.0,833.0,66.0,61.0,0.0,384.0,298.0,889.0,Júnior,2,1982,1986,10,0.10123734533183351,1.8222722159730034,0.8098987626546681,2.02474690663667,1.4173228346456692,2.1259842519685037,2.935883014623172,0.30371203599550056,0.30371203599550056,6.175478065241845,1.1136107986501687,57.7052868391451,47.78402699662542,38.87514060742407,30.168728908886386,84.33070866141732
1420062,4.0,25,9.0,6.0,24.0,15.0,12.0,7.0,22.0,1.0,1.0,2.0,14.0,4.0,521.0,457.0,666.0,49.0,54.0,0.0,358.0,298.0,888.0,Sócrates,2,1982,1986,10,0.4054054054054054,2.5337837837837838,0.9121621621621622,2.4324324324324325,1.5202702702702702,1.2162162162162162,2.22972972972973,0.10135135135135134,0.10135135135135134,1.4189189189189189,0.4054054054054054,52.80405405405405,46.317567567567565,36.28378378378378,30.2027027027027,67.5
1420063,2.0,18,5.0,11.0,10.0,4.0,4.0,5.0,10.0,1.0,1.0,8.0,0.0,0.0,90.0,73.0,150.0,21.0,21.0,0.0,75.0,58.0,406.0,Serginho Chulapa,1,1982,1982,5,0.4433497536945813,3.9901477832512318,1.1083743842364533,2.2167487684729066,0.8866995073891626,0.8866995073891626,2.2167487684729066,0.22167487684729065,0.22167487684729065,0.0,0.0,19.950738916256157,16.182266009852217,16.625615763546797,12.857142857142858,33.251231527093594
1420064,2.0,27,5.0,11.0,12.0,4.0,5.0,3.0,11.0,0.0,5.0,0.0,55.0,15.0,208.0,157.0,345.0,17.0,21.0,1.0,152.0,111.0,450.0,Éder Aleixo,1,1982,1982,5,0.4,5.4,1.0,2.4,0.8,1.0,2.2,0.0,1.0,11.0,3.0,41.6,31.4,30.4,22.2,69.0
1420071,0.0,8,3.0,4.0,31.0,19.0,14.0,16.0,9.0,0.0,1.0,3.0,12.0,1.0,493.0,413.0,683.0,76.0,67.0,0.0,259.0,192.0,888.0,Volodymyr Bezsonov,3,1982,1990,10,0.0,0.8108108108108107,0.30405405405405406,3.1418918918918917,1.9256756756756757,1.4189189189189189,0.9121621621621622,0.0,0.10135135135135134,1.2162162162162162,0.10135135135135134,49.96621621621621,41.858108108108105,26.25,19.45945945945946,69.22297297297297
1420072,1.0,3,1.0,1.0,2.0,2.0,3.0,3.0,3.0,0.0,0.0,0.0,0.0,0.0,262.0,232.0,331.0,19.0,9.0,0.0,116.0,94.0,450.0,Alexandre Chivadze,1,1982,1982,5,0.2,0.6,0.2,0.4,0.4,0.6,0.6,0.0,0.0,0.0,0.0,52.4,46.4,23.2,18.8,66.2
1420073,0.0,13,2.0,7.0,25.0,12.0,6.0,12.0,8.0,0.0,1.0,1.0,30.0,6.0,392.0,336.0,626.0,44.0,45.0,0.0,168.0,127.0,840.0,Anatoli Demyanenko,3,1982,1990,9,0.0,1.3928571428571428,0.21428571428571427,2.6785714285714284,1.2857142857142856,0.6428571428571428,0.8571428571428571,0.0,0.10714285714285714,3.214285714285714,0.6428571428571428,42.0,36.0,18.0,13.607142857142856,67.07142857142857
1420075,1.0,5,3.0,1.0,7.0,4.0,4.0,1.0,9.0,1.0,0.0,0.0,6.0,2.0,212.0,158.0,264.0,15.0,11.0,0.0,164.0,117.0,413.0,Yury Gavrilov,1,1982,1982,5,0.21791767554479421,1.089588377723971,0.6537530266343826,1.5254237288135595,0.8716707021791769,0.8716707021791769,1.9612590799031477,0.21791767554479421,0.0,1.3075060532687652,0.43583535108958843,46.19854721549637,34.430992736077485,35.73849878934625,25.496368038740922,57.53026634382567
1420076,0.0,2,1.0,1.0,7.0,3.0,9.0,8.0,1.0,0.0,0.0,0.0,7.0,0.0,133.0,104.0,221.0,33.0,22.0,0.0,66.0,46.0,360.0,Tengiz Sulakvelidze,1,1982,1982,4,0.0,0.5,0.25,1.75,0.75,2.25,0.25,0.0,0.0,1.75,0.0,33.25,26.0,16.5,11.5,55.25
1420077,1.0,15,4.0,10.0,13.0,8.0,10.0,3.0,5.0,0.0,1.0,4.0,8.0,0.0,91.0,76.0,165.0,26.0,23.0,0.0,65.0,57.0,415.0,Ramaz Shengelia,1,1982,1982,5,0.2168674698795181,3.2530120481927716,0.8674698795180724,2.8192771084337354,1.7349397590361448,2.168674698795181,1.0843373493975905,0.0,0.2168674698795181,1.7349397590361448,0.0,19.734939759036145,16.481927710843376,14.096385542168676,12.361445783132531,35.78313253012048
1420078,1.0,1,1.0,0.0,2.0,2.0,6.0,9.0,2.0,0.0,1.0,0.0,1.0,1.0,173.0,134.0,251.0,39.0,23.0,0.0,59.0,32.0,450.0,Sergei Baltacha,1,1982,1982,5,0.2,0.2,0.2,0.4,0.4,1.2,0.4,0.0,0.2,0.2,0.2,34.6,26.8,11.8,6.4,50.2
1420079,1.0,9,1.0,6.0,8.0,6.0,8.0,5.0,8.0,1.0,1.0,0.0,18.0,2.0,281.0,230.0,399.0,36.0,16.0,0.0,148.0,109.0,568.0,Andrei Bal,2,1982,1986,6,0.15845070422535212,1.426056338028169,0.15845070422535212,1.267605633802817,0.9507042253521127,1.267605633802817,1.267605633802817,0.15845070422535212,0.15845070422535212,2.852112676056338,0.31690140845070425,44.524647887323944,36.443661971830984,23.450704225352112,17.27112676056338,63.221830985915496
1420080,2.0,18,7.0,8.0,29.0,16.0,8.0,3.0,10.0,1.0,3.0,2.0,26.0,7.0,174.0,134.0,307.0,31.0,35.0,0.0,131.0,95.0,543.0,Oleg Blokhin,2,1982,1986,7,0.3314917127071823,2.983425414364641,1.160220994475138,4.806629834254144,2.6519337016574585,1.3259668508287292,1.6574585635359116,0.16574585635359115,0.4972375690607735,4.30939226519337,1.160220994475138,28.839779005524864,22.209944751381215,21.712707182320443,15.74585635359116,50.88397790055249
1420082,0.0,1,0.0,1.0,1.0,1.0,2.0,9.0,0.0,0.0,0.0,0.0,0.0,0.0,173.0,158.0,200.0,12.0,13.0,0.0,57.0,47.0,270.0,Vagiz Khidiyatullin,1,1990,1990,3,0.0,0.3333333333333333,0.0,0.3333333333333333,0.3333333333333333,0.6666666666666666,0.0,0.0,0.0,0.0,0.0,57.666666666666664,52.666666666666664,19.0,15.666666666666666,66.66666666666667
1420086,0.0,0,0.0,0.0,0.0,0.0,7.0,6.0,0.0,0.0,0.0,0.0,1.0,0.0,83.0,72.0,139.0,23.0,10.0,0.0,34.0,24.0,270.0,Sergei Borovskiy,1,1982,1982,3,0.0,0.0,0.0,0.0,0.0,2.3333333333333335,0.0,0.0,0.0,0.3333333333333333,0.0,27.666666666666668,24.0,11.333333333333334,8.0,46.333333333333336
1420092,0.0,3,0.0,2.0,5.0,1.0,3.0,14.0,2.0,0.0,0.0,1.0,1.0,1.0,226.0,205.0,319.0,39.0,45.0,0.0,77.0,62.0,540.0,Imre Garaba,2,1982,1986,6,0.0,0.5,0.0,0.8333333333333334,0.16666666666666666,0.5,0.3333333333333333,0.0,0.0,0.16666666666666666,0.16666666666666666,37.666666666666664,34.166666666666664,12.833333333333334,10.333333333333334,53.166666666666664
1420093,0.0,4,2.0,0.0,8.0,3.0,9.0,9.0,2.0,0.0,0.0,0.0,9.0,1.0,208.0,167.0,310.0,32.0,31.0,0.0,112.0,81.0,472.0,Sándor Sallai,2,1982,1986,6,0.0,0.7627118644067796,0.3813559322033898,1.5254237288135593,0.5720338983050848,1.7161016949152543,0.3813559322033898,0.0,0.0,1.7161016949152543,0.1906779661016949,39.66101694915254,31.843220338983052,21.35593220338983,15.444915254237289,59.110169491525426
1420094,2.0,5,5.0,0.0,8.0,4.0,2.0,2.0,5.0,2.0,2.0,0.0,8.0,2.0,69.0,55.0,119.0,12.0,16.0,0.0,48.0,36.0,270.0,Gabor Pölöskei,1,1982,1982,3,0.6666666666666666,1.6666666666666667,1.6666666666666667,2.6666666666666665,1.3333333333333333,0.6666666666666666,1.6666666666666667,0.6666666666666666,0.6666666666666666,2.6666666666666665,0.6666666666666666,23.0,18.333333333333332,16.0,12.0,39.666666666666664
1420103,1.0,5,4.0,1.0,3.0,2.0,7.0,2.0,3.0,0.0,0.0,0.0,9.0,1.0,145.0,118.0,227.0,22.0,17.0,0.0,68.0,52.0,360.0,Jozsef Varga,2,1982,1986,4,0.25,1.25,1.0,0.75,0.5,1.75,0.75,0.0,0.0,2.25,0.25,36.25,29.5,17.0,13.0,56.75
1420106,0.0,0,0.0,0.0,0.0,0.0,2.0,3.0,0.0,0.0,0.0,0.0,1.0,0.0,113.0,97.0,169.0,11.0,14.0,0.0,29.0,19.0,270.0,Carlos Recinos,1,1982,1982,3,0.0,0.0,0.0,0.0,0.0,0.6666666666666666,0.0,0.0,0.0,0.3333333333333333,0.0,37.666666666666664,32.333333333333336,9.666666666666666,6.333333333333333,56.333333333333336
1420107,0.0,0,0.0,0.0,3.0,3.0,0.0,1.0,0.0,0.0,0.0,0.0,0.0,0.0,107.0,85.0,150.0,9.0,8.0,0.0,22.0,12.0,270.0,Jose Jovel,1,1982,1982,3,0.0,0.0,0.0,1.0,1.0,0.0,0.0,0.0,0.0,0.0,0.0,35.666666666666664,28.333333333333332,7.333333333333333,4.0,50.0
1420109,0.0,1,1.0,0.0,2.0,0.0,0.0,13.0,1.0,0.0,0.0,0.0,0.0,0.0,87.0,78.0,154.0,12.0,25.0,1.0,14.0,10.0,270.0,Jaime Rodriguez,1,1982,1982,3,0.0,0.3333333333333333,0.3333333333333333,0.6666666666666666,0.0,0.0,0.3333333333333333,0.0,0.0,0.0,0.0,29.0,26.0,4.666666666666667,3.3333333333333335,51.333333333333336
1420112,0.0,1,0.0,0.0,12.0,7.0,5.0,2.0,3.0,1.0,1.0,0.0,1.0,1.0,157.0,136.0,203.0,14.0,18.0,0.0,84.0,74.0,270.0,Jose Huezo,1,1982,1982,3,0.0,0.3333333333333333,0.0,4.0,2.3333333333333335,1.6666666666666667,1.0,0.3333333333333333,0.3333333333333333,0.3333333333333333,0.3333333333333333,52.333333333333336,45.333333333333336,28.0,24.666666666666668,67.66666666666667
1420113,0.0,2,0.0,2.0,9.0,1.0,5.0,4.0,1.0,0.0,0.0,0.0,1.0,0.0,92.0,77.0,141.0,12.0,25.0,0.0,44.0,32.0,270.0,Jose Maria Rivas,1,1982,1982,3,0.0,0.6666666666666666,0.0,3.0,0.3333333333333333,1.6666666666666667,0.3333333333333333,0.0,0.0,0.3333333333333333,0.0,30.666666666666668,25.666666666666668,14.666666666666666,10.666666666666666,47.0
1420115,0.0,14,5.0,5.0,41.0,18.0,9.0,2.0,3.0,0.0,0.0,0.0,5.0,2.0,85.0,67.0,195.0,32.0,38.0,0.0,61.0,44.0,270.0,Jorge González,1,1982,1982,3,0.0,4.666666666666667,1.6666666666666667,13.666666666666666,6.0,3.0,1.0,0.0,0.0,1.6666666666666667,0.6666666666666666,28.333333333333332,22.333333333333332,20.333333333333332,14.666666666666666,65.0
1420125,2.0,6,4.0,1.0,4.0,4.0,0.0,3.0,2.0,1.0,0.0,0.0,6.0,0.0,76.0,63.0,114.0,15.0,14.0,0.0,54.0,42.0,270.0,John Wark,1,1982,1982,3,0.6666666666666666,2.0,1.3333333333333333,1.3333333333333333,1.3333333333333333,0.0,0.6666666666666666,0.3333333333333333,0.0,2.0,0.0,25.333333333333332,21.0,18.0,14.0,38.0
1420126,0.0,1,0.0,1.0,2.0,1.0,1.0,4.0,2.0,0.0,0.0,0.0,1.0,0.0,126.0,111.0,174.0,14.0,8.0,0.0,60.0,46.0,270.0,Alan Hansen,1,1982,1982,3,0.0,0.3333333333333333,0.0,0.6666666666666666,0.3333333333333333,0.3333333333333333,0.6666666666666666,0.0,0.0,0.3333333333333333,0.0,42.0,37.0,20.0,15.333333333333334,58.0
1420127,0.0,4,2.0,1.0,5.0,3.0,1.0,3.0,2.0,0.0,0.0,0.0,7.0,2.0,138.0,125.0,189.0,11.0,11.0,0.0,84.0,75.0,270.0,Frank Gray,1,1982,1982,3,0.0,1.3333333333333333,0.6666666666666666,1.6666666666666667,1.0,0.3333333333333333,0.6666666666666666,0.0,0.0,2.3333333333333335,0.6666666666666666,46.0,41.666666666666664,28.0,25.0,63.0
1420129,1.0,6,2.0,3.0,20.0,14.0,11.0,2.0,17.0,3.0,3.0,0.0,36.0,12.0,267.0,231.0,390.0,31.0,19.0,0.0,202.0,171.0,476.0,Gordon Strachan,2,1982,1986,6,0.18907563025210083,1.134453781512605,0.37815126050420167,3.7815126050420167,2.6470588235294117,2.0798319327731094,3.2142857142857144,0.5672268907563025,0.5672268907563025,6.80672268907563,2.26890756302521,50.483193277310924,43.6764705882353,38.19327731092437,32.331932773109244,73.73949579831933
1420132,0.0,2,0.0,2.0,0.0,0.0,2.0,3.0,1.0,0.0,0.0,0.0,0.0,0.0,168.0,138.0,212.0,20.0,13.0,0.0,53.0,31.0,381.0,Alex McLeish,3,1982,1990,5,0.0,0.47244094488188976,0.0,0.0,0.0,0.47244094488188976,0.23622047244094488,0.0,0.0,0.0,0.0,39.68503937007874,32.59842519685039,12.519685039370078,7.322834645669292,50.07874015748031
1420136,0.0,0,0.0,0.0,2.0,1.0,3.0,7.0,0.0,0.0,0.0,0.0,2.0,0.0,169.0,146.0,235.0,20.0,17.0,0.0,53.0,35.0,450.0,William Miller,2,1982,1986,5,0.0,0.0,0.0,0.4,0.2,0.6,0.0,0.0,0.0,0.4,0.0,33.8,29.2,10.6,7.0,47.0
1420137,1.0,5,1.0,3.0,2.0,1.0,2.0,8.0,2.0,0.0,0.0,0.0,1.0,1.0,172.0,146.0,222.0,13.0,16.0,0.0,75.0,55.0,366.0,David Narey,2,1982,1986,5,0.24590163934426232,1.2295081967213115,0.24590163934426232,0.49180327868852464,0.24590163934426232,0.49180327868852464,0.49180327868852464,0.0,0.0,0.24590163934426232,0.24590163934426232,42.295081967213115,35.9016393442623,18.442622950819672,13.524590163934427,54.59016393442623
1420139,1.0,9,4.0,3.0,8.0,4.0,9.0,8.0,4.0,1.0,1.0,1.0,0.0,0.0,113.0,92.0,164.0,19.0,30.0,0.0,92.0,72.0,307.0,Steve Archibald,2,1982,1986,4,0.2931596091205212,2.638436482084691,1.1726384364820848,2.3452768729641695,1.1726384364820848,2.638436482084691,1.1726384364820848,0.2931596091205212,0.2931596091205212,0.0,0.0,33.127035830618894,26.97068403908795,26.97068403908795,21.107491856677527,48.078175895765476
1420142,0.0,1,0.0,1.0,0.0,0.0,2.0,0.0,0.0,0.0,0.0,0.0,1.0,0.0,68.0,53.0,134.0,12.0,10.0,0.0,26.0,15.0,270.0,Adrian Elrick,1,1982,1982,3,0.0,0.3333333333333333,0.0,0.0,0.0,0.6666666666666666,0.0,0.0,0.0,0.3333333333333333,0.0,22.666666666666668,17.666666666666668,8.666666666666666,5.0,44.666666666666664
1420145,1.0,11,2.0,5.0,8.0,1.0,2.0,2.0,5.0,0.0,0.0,1.0,4.0,0.0,122.0,90.0,165.0,8.0,17.0,0.0,77.0,48.0,270.0,Steve Sumner,1,1982,1982,3,0.3333333333333333,3.6666666666666665,0.6666666666666666,2.6666666666666665,0.3333333333333333,0.6666666666666666,1.6666666666666667,0.0,0.0,1.3333333333333333,0.0,40.666666666666664,30.0,25.666666666666668,16.0,55.0
1420146,0.0,0,0.0,0.0,5.0,2.0,4.0,1.0,4.0,0.0,0.0,0.0,3.0,0.0,86.0,66.0,123.0,12.0,16.0,0.0,47.0,33.0,270.0,Keith McKay,1,1982,1982,3,0.0,0.0,0.0,1.6666666666666667,0.6666666666666666,1.3333333333333333,1.3333333333333333,0.0,0.0,1.0,0.0,28.666666666666668,22.0,15.666666666666666,11.0,41.0
1420147,0.0,3,0.0,3.0,5.0,3.0,1.0,8.0,4.0,0.0,0.0,0.0,0.0,0.0,77.0,62.0,121.0,16.0,20.0,0.0,46.0,36.0,270.0,Alan Boath,1,1982,1982,3,0.0,1.0,0.0,1.6666666666666667,1.0,0.3333333333333333,1.3333333333333333,0.0,0.0,0.0,0.0,25.666666666666668,20.666666666666668,15.333333333333334,12.0,40.333333333333336
1420149,1.0,8,4.0,2.0,11.0,7.0,11.0,1.0,4.0,0.0,0.0,0.0,13.0,3.0,89.0,54.0,149.0,28.0,27.0,0.0,65.0,32.0,270.0,Steve Wooddin,1,1982,1982,3,0.3333333333333333,2.6666666666666665,1.3333333333333333,3.6666666666666665,2.3333333333333335,3.6666666666666665,1.3333333333333333,0.0,0.0,4.333333333333333,1.0,29.666666666666668,18.0,21.666666666666668,10.666666666666666,49.666666666666664
1420161,0.0,2,0.0,1.0,6.0,5.0,3.0,8.0,1.0,0.0,0.0,0.0,16.0,0.0,107.0,83.0,199.0,22.0,16.0,1.0,66.0,47.0,270.0,Jorge Olaechea,1,1982,1982,3,0.0,0.6666666666666666,0.0,2.0,1.6666666666666667,1.0,0.3333333333333333,0.0,0.0,5.333333333333333,0.0,35.666666666666664,27.666666666666668,22.0,15.666666666666666,66.33333333333333
1420162,0.0,1,1.0,0.0,0.0,0.0,2.0,7.0,0.0,0.0,0.0,0.0,0.0,0.0,32.0,26.0,67.0,13.0,11.0,0.0,7.0,7.0,270.0,Salvador Salguero,1,1982,1982,3,0.0,0.3333333333333333,0.3333333333333333,0.0,0.0,0.6666666666666666,0.0,0.0,0.0,0.0,0.0,10.666666666666666,8.666666666666666,2.3333333333333335,2.3333333333333335,22.333333333333332
1420166,0.0,2,1.0,0.0,3.0,1.0,1.0,4.0,1.0,0.0,0.0,0.0,9.0,0.0,116.0,99.0,171.0,7.0,10.0,0.0,58.0,42.0,270.0,Michel Kaham,1,1982,1982,3,0.0,0.6666666666666666,0.3333333333333333,1.0,0.3333333333333333,0.3333333333333333,0.3333333333333333,0.0,0.0,3.0,0.0,38.666666666666664,33.0,19.333333333333332,14.0,57.0
1420167,0.0,0,0.0,0.0,1.0,1.0,1.0,9.0,0.0,0.0,0.0,0.0,0.0,0.0,72.0,62.0,133.0,21.0,13.0,0.0,16.0,8.0,270.0,Rene N'Djeya,1,1982,1982,3,0.0,0.0,0.0,0.3333333333333333,0.3333333333333333,0.3333333333333333,0.0,0.0,0.0,0.0,0.0,24.0,20.666666666666668,5.333333333333333,2.6666666666666665,44.333333333333336
1420168,1.0,25,7.0,10.0,10.0,6.0,2.0,13.0,4.0,0.0,1.0,1.0,6.0,2.0,337.0,285.0,438.0,20.0,38.0,1.0,128.0,90.0,584.0,Emmanuel Kunde,2,1982,1990,7,0.1541095890410959,3.8527397260273974,1.0787671232876712,1.5410958904109588,0.9246575342465754,0.3082191780821918,0.6164383561643836,0.0,0.1541095890410959,0.9246575342465754,0.3082191780821918,51.93493150684932,43.92123287671233,19.726027397260275,13.86986301369863,67.5
1420169,0.0,1,0.0,1.0,1.0,1.0,4.0,1.0,0.0,0.0,0.0,0.0,0.0,0.0,103.0,94.0,167.0,15.0,4.0,0.0,20.0,15.0,270.0,Elie Onana,1,1982,1982,3,0.0,0.3333333333333333,0.0,0.3333333333333333,0.3333333333333333,1.3333333333333333,0.0,0.0,0.0,0.0,0.0,34.333333333333336,31.333333333333332,6.666666666666667,5.0,55.666666666666664
1420170,0.0,4,0.0,2.0,12.0,7.0,6.0,5.0,5.0,0.0,0.0,0.0,13.0,2.0,110.0,93.0,179.0,16.0,23.0,0.0,58.0,44.0,270.0,Theophile Abega,1,1982,1982,3,0.0,1.3333333333333333,0.0,4.0,2.3333333333333335,2.0,1.6666666666666667,0.0,0.0,4.333333333333333,0.6666666666666666,36.666666666666664,31.0,19.333333333333332,14.666666666666666,59.666666666666664
1420171,0.0,1,0.0,0.0,6.0,4.0,4.0,4.0,1.0,0.0,0.0,0.0,1.0,0.0,106.0,90.0,157.0,15.0,15.0,0.0,34.0,26.0,270.0,Ephrem M'Bom,1,1982,1982,3,0.0,0.3333333333333333,0.0,2.0,1.3333333333333333,1.3333333333333333,0.3333333333333333,0.0,0.0,0.3333333333333333,0.0,35.333333333333336,30.0,11.333333333333334,8.666666666666666,52.333333333333336
1420172,0.0,3,0.0,2.0,1.0,1.0,9.0,17.0,6.0,1.0,1.0,0.0,0.0,0.0,110.0,91.0,160.0,23.0,24.0,0.0,49.0,35.0,270.0,Ibrahim Aoudou,1,1982,1982,3,0.0,1.0,0.0,0.3333333333333333,0.3333333333333333,3.0,2.0,0.3333333333333333,0.3333333333333333,0.0,0.0,36.666666666666664,30.333333333333332,16.333333333333332,11.666666666666666,53.333333333333336
1420173,1.0,10,5.0,3.0,4.0,2.0,5.0,7.0,10.0,0.0,0.0,2.0,8.0,2.0,138.0,116.0,195.0,11.0,19.0,0.0,92.0,73.0,270.0,Gregoire M'Bida,1,1982,1982,3,0.3333333333333333,3.3333333333333335,1.6666666666666667,1.3333333333333333,0.6666666666666666,1.6666666666666667,3.3333333333333335,0.0,0.0,2.6666666666666665,0.6666666666666666,46.0,38.666666666666664,30.666666666666668,24.333333333333332,65.0
1420175,5.0,15,9.0,3.0,27.0,14.0,25.0,17.0,18.0,1.0,3.0,1.0,2.0,1.0,150.0,125.0,294.0,49.0,76.0,1.0,120.0,98.0,573.0,Roger Milla,3,1982,1994,10,0.7853403141361257,2.356020942408377,1.4136125654450262,4.2408376963350785,2.198952879581152,3.9267015706806285,2.8272251308900525,0.15706806282722513,0.47120418848167545,0.31413612565445026,0.15706806282722513,23.56020942408377,19.63350785340314,18.848167539267017,15.392670157068064,46.17801047120419
1420188,0.0,3,0.0,3.0,3.0,2.0,29.0,29.0,5.0,0.0,1.0,1.0,5.0,3.0,492.0,429.0,715.0,89.0,45.0,1.0,210.0,163.0,1301.0,Karlheinz Förster,2,1982,1986,14,0.0,0.207532667179093,0.0,0.207532667179093,0.13835511145272866,2.0061491160645657,0.3458877786318217,0.0,0.06917755572636433,0.3458877786318217,0.207532667179093,34.03535741737125,29.6771714066103,14.52728670253651,11.275941583397387,49.4619523443505
1420189,0.0,16,6.0,6.0,50.0,29.0,32.0,30.0,6.0,0.0,1.0,0.0,20.0,2.0,384.0,328.0,659.0,108.0,76.0,0.0,224.0,180.0,1180.0,Hans-Peter Briegel,2,1982,1986,13,0.0,1.2203389830508475,0.4576271186440678,3.8135593220338984,2.211864406779661,2.440677966101695,0.4576271186440678,0.0,0.07627118644067797,1.5254237288135595,0.15254237288135594,29.28813559322034,25.016949152542374,17.084745762711865,13.728813559322035,50.26271186440678
1420190,0.0,2,1.0,0.0,9.0,6.0,8.0,14.0,7.0,0.0,0.0,0.0,1.0,1.0,382.0,351.0,488.0,34.0,23.0,0.0,154.0,130.0,660.0,Ulrich Stielike,1,1982,1982,7,0.0,0.27272727272727276,0.13636363636363638,1.2272727272727273,0.8181818181818182,1.090909090909091,0.9545454545454546,0.0,0.0,0.13636363636363638,0.13636363636363638,52.09090909090909,47.86363636363637,21.0,17.727272727272727,66.54545454545455
1420191,0.0,16,6.0,7.0,17.0,8.0,21.0,16.0,6.0,0.0,1.0,1.0,10.0,1.0,337.0,306.0,491.0,60.0,47.0,0.0,210.0,186.0,633.0,Wolfgang Dremmler,1,1982,1982,7,0.0,2.2748815165876777,0.8530805687203792,2.4170616113744074,1.1374407582938388,2.985781990521327,0.8530805687203792,0.0,0.14218009478672985,1.4218009478672986,0.14218009478672985,47.91469194312796,43.507109004739334,29.85781990521327,26.445497630331754,69.81042654028437
1420192,3.0,39,16.0,12.0,95.0,53.0,37.0,20.0,43.0,7.0,6.0,2.0,89.0,26.0,384.0,336.0,805.0,117.0,116.0,1.0,285.0,242.0,1178.0,Pierre Littbarski,3,1982,1990,18,0.22920203735144312,2.979626485568761,1.2224108658743633,7.258064516129032,4.049235993208828,2.826825127334465,3.2852292020373515,0.534804753820034,0.45840407470288624,6.799660441426147,1.9864176570458405,29.33786078098472,25.67062818336163,21.774193548387096,18.488964346349746,61.502546689303905
1420193,0.0,16,6.0,4.0,43.0,21.0,23.0,12.0,19.0,3.0,2.0,0.0,27.0,8.0,376.0,326.0,605.0,80.0,66.0,0.0,260.0,218.0,878.0,Felix Magath,2,1982,1986,10,0.0,1.6400911161731206,0.6150341685649202,4.407744874715261,2.152619589977221,2.357630979498861,1.9476082004555806,0.3075170842824601,0.20501138952164008,2.767653758542141,0.8200455580865603,38.54214123006833,33.41685649202733,26.651480637813208,22.346241457858767,62.01594533029612
1420194,1.0,14,5.0,7.0,4.0,0.0,2.0,5.0,9.0,2.0,1.0,5.0,0.0,0.0,81.0,61.0,134.0,18.0,23.0,0.0,68.0,49.0,323.0,Horst Hrubesch,1,1982,1982,5,0.2786377708978328,3.900928792569659,1.393188854489164,1.1145510835913313,0.0,0.5572755417956656,2.5077399380804954,0.5572755417956656,0.2786377708978328,0.0,0.0,22.569659442724458,16.9969040247678,18.94736842105263,13.653250773993808,37.3374613003096
1420198,6.0,54,18.0,21.0,42.0,27.0,51.0,37.0,55.0,1.0,5.0,3.0,57.0,19.0,1276.0,1089.0,1751.0,179.0,100.0,1.0,766.0,607.0,2045.0,Lothar Matthäus,5,1982,1998,25,0.26405867970660146,2.3765281173594133,0.7921760391198044,1.8484107579462103,1.1882640586797066,2.2444987775061125,2.4205378973105134,0.044009779951100246,0.22004889975550124,2.508557457212714,0.8361858190709047,56.156479217603916,47.92665036674817,33.71149144254279,26.71393643031785,77.06112469437653
1420200,0.0,6,3.0,2.0,6.0,4.0,6.0,13.0,3.0,0.0,0.0,0.0,9.0,0.0,155.0,131.0,249.0,24.0,19.0,0.0,77.0,58.0,390.0,Bernd Förster,1,1982,1982,4,0.0,1.3846153846153848,0.6923076923076924,1.3846153846153848,0.9230769230769231,1.3846153846153848,0.6923076923076924,0.0,0.0,2.076923076923077,0.0,35.769230769230774,30.230769230769234,17.76923076923077,13.384615384615385,57.46153846153847
1420204,0.0,0,0.0,0.0,3.0,1.0,4.0,3.0,1.0,0.0,0.0,0.0,1.0,0.0,155.0,139.0,276.0,33.0,15.0,0.0,36.0,24.0,540.0,Mahmoud Guendouz,2,1982,1986,6,0.0,0.0,0.0,0.5,0.16666666666666666,0.6666666666666666,0.16666666666666666,0.0,0.0,0.16666666666666666,0.0,25.833333333333332,23.166666666666668,6.0,4.0,46.0
1420205,0.0,3,0.0,2.0,4.0,0.0,4.0,11.0,5.0,0.0,0.0,0.0,3.0,1.0,221.0,194.0,303.0,17.0,24.0,0.0,92.0,74.0,524.0,Faouzi Mansouri,2,1982,1986,6,0.0,0.5152671755725191,0.0,0.6870229007633588,0.0,0.6870229007633588,0.8587786259541985,0.0,0.0,0.5152671755725191,0.1717557251908397,37.958015267175576,33.3206106870229,15.801526717557252,12.709923664122138,52.04198473282443
1420206,0.0,3,1.0,2.0,16.0,10.0,7.0,7.0,3.0,0.0,1.0,0.0,5.0,1.0,97.0,66.0,199.0,32.0,19.0,0.0,48.0,27.0,270.0,Chaabane Merzekane,1,1982,1982,3,0.0,1.0,0.3333333333333333,5.333333333333333,3.3333333333333335,2.3333333333333335,1.0,0.0,0.3333333333333333,1.6666666666666667,0.3333333333333333,32.333333333333336,22.0,16.0,9.0,66.33333333333333
1420207,0.0,3,0.0,3.0,1.0,0.0,2.0,8.0,0.0,0.0,0.0,0.0,0.0,0.0,122.0,98.0,197.0,15.0,27.0,0.0,31.0,19.0,450.0,Nouredine Kourichi,2,1982,1986,5,0.0,0.6,0.0,0.2,0.0,0.4,0.0,0.0,0.0,0.0,0.0,24.4,19.6,6.2,3.8,39.4
1420208,1.0,9,4.0,2.0,11.0,6.0,2.0,4.0,6.0,0.0,1.0,1.0,7.0,2.0,168.0,138.0,237.0,13.0,20.0,0.0,101.0,80.0,344.0,Lakhdar Belloumi,2,1982,1986,5,0.26162790697674415,2.3546511627906974,1.0465116279069766,2.877906976744186,1.569767441860465,0.5232558139534883,1.569767441860465,0.0,0.26162790697674415,1.8313953488372092,0.5232558139534883,43.95348837209302,36.104651162790695,26.424418604651162,20.930232558139533,62.00581395348837
1420210,1.0,11,5.0,3.0,19.0,13.0,4.0,0.0,5.0,0.0,0.0,1.0,6.0,1.0,101.0,77.0,168.0,22.0,25.0,1.0,68.0,48.0,295.0,Djamel Zidane,2,1982,1986,5,0.3050847457627119,3.3559322033898304,1.5254237288135595,5.796610169491526,3.9661016949152543,1.2203389830508475,1.5254237288135595,0.0,0.0,1.8305084745762712,0.3050847457627119,30.8135593220339,23.491525423728813,20.74576271186441,14.64406779661017,51.25423728813559
1420211,0.0,3,0.0,1.0,2.0,1.0,5.0,3.0,9.0,1.0,0.0,0.0,4.0,0.0,149.0,124.0,193.0,14.0,14.0,0.0,86.0,66.0,270.0,Ali Fergani,1,1982,1982,3,0.0,1.0,0.0,0.6666666666666666,0.3333333333333333,1.6666666666666667,3.0,0.3333333333333333,0.0,1.3333333333333333,0.0,49.666666666666664,41.333333333333336,28.666666666666668,22.0,64.33333333333333
1420212,1.0,11,4.0,4.0,22.0,7.0,7.0,7.0,5.0,0.0,1.0,0.0,11.0,4.0,179.0,135.0,285.0,22.0,36.0,1.0,118.0,87.0,482.0,Rabah Madjer,2,1982,1986,6,0.18672199170124482,2.053941908713693,0.7468879668049793,4.107883817427386,1.3070539419087137,1.3070539419087137,0.9336099585062241,0.0,0.18672199170124482,2.053941908713693,0.7468879668049793,33.42323651452283,25.207468879668053,22.033195020746888,16.2448132780083,53.21576763485478
1420213,2.0,17,6.0,9.0,36.0,17.0,8.0,6.0,4.0,1.0,1.0,2.0,20.0,4.0,173.0,148.0,306.0,31.0,32.0,2.0,105.0,84.0,428.0,Salah Assad,2,1982,1986,5,0.4205607476635514,3.574766355140187,1.2616822429906542,7.570093457943925,3.574766355140187,1.6822429906542056,0.8411214953271028,0.2102803738317757,0.2102803738317757,4.205607476635514,0.8411214953271028,36.37850467289719,31.121495327102803,22.07943925233645,17.66355140186916,64.34579439252336
1420226,0.0,1,0.0,1.0,4.0,2.0,11.0,6.0,7.0,0.0,0.0,0.0,20.0,6.0,368.0,314.0,586.0,52.0,29.0,0.0,202.0,158.0,809.0,Kenny Sansom,2,1982,1986,9,0.0,0.11124845488257107,0.0,0.4449938195302843,0.22249690976514214,1.2237330037082819,0.7787391841779975,0.0,0.0,2.2249690976514214,0.6674907292954264,40.939431396786155,34.93201483312732,22.472187886279357,17.57725587144623,65.19159456118665
1420227,0.0,8,3.0,4.0,4.0,3.0,6.0,23.0,4.0,1.0,1.0,2.0,2.0,0.0,533.0,431.0,734.0,85.0,71.0,0.0,220.0,133.0,1255.0,Terry Butcher,3,1982,1990,14,0.0,0.5737051792828686,0.2151394422310757,0.2868525896414343,0.2151394422310757,0.4302788844621514,0.2868525896414343,0.07171314741035857,0.07171314741035857,0.14342629482071714,0.0,38.223107569721115,30.90836653386454,15.776892430278885,9.53784860557769,52.63745019920319
1420228,0.0,2,0.0,2.0,3.0,1.0,3.0,3.0,8.0,0.0,1.0,0.0,6.0,4.0,183.0,173.0,248.0,17.0,14.0,0.0,105.0,96.0,450.0,Mick Mills,1,1982,1982,5,0.0,0.4,0.0,0.6,0.2,0.6,1.6,0.0,0.2,1.2,0.8,36.6,34.6,21.0,19.2,49.6
1420229,0.0,1,0.0,1.0,0.0,0.0,1.0,6.0,2.0,0.0,0.0,0.0,0.0,0.0,181.0,167.0,232.0,20.0,16.0,0.0,61.0,50.0,450.0,Phil Thompson,1,1982,1982,5,0.0,0.2,0.0,0.0,0.0,0.2,0.4,0.0,0.0,0.0,0.0,36.2,33.4,12.2,10.0,46.4
1420230,0.0,9,4.0,5.0,7.0,3.0,2.0,18.0,13.0,0.0,1.0,0.0,32.0,9.0,403.0,330.0,493.0,19.0,32.0,0.0,291.0,221.0,583.0,Ray Wilkins,2,1982,1986,7,0.0,1.3893653516295026,0.6174957118353345,1.0806174957118353,0.4631217838765008,0.30874785591766724,2.006861063464837,0.0,0.15437392795883362,4.939965694682676,1.3893653516295026,62.21269296740995,50.943396226415096,44.922813036020585,34.11663807890223,76.10634648370497
1420231,0.0,8,3.0,3.0,15.0,8.0,3.0,9.0,18.0,0.0,1.0,0.0,37.0,13.0,183.0,136.0,304.0,22.0,28.0,0.0,148.0,106.0,423.0,Graham Rix,1,1982,1982,5,0.0,1.702127659574468,0.6382978723404255,3.1914893617021276,1.702127659574468,0.6382978723404255,3.829787234042553,0.0,0.2127659574468085,7.872340425531915,2.7659574468085104,38.93617021276596,28.936170212765955,31.48936170212766,22.5531914893617,64.68085106382979
1420232,0.0,7,1.0,4.0,15.0,6.0,5.0,2.0,7.0,0.0,1.0,0.0,26.0,9.0,91.0,76.0,212.0,23.0,22.0,0.0,63.0,51.0,360.0,Steve Coppell,1,1982,1982,4,0.0,1.75,0.25,3.75,1.5,1.25,1.75,0.0,0.25,6.5,2.25,22.75,19.0,15.75,12.75,53.0
1420233,2.0,23,6.0,14.0,5.0,1.0,8.0,23.0,8.0,0.0,1.0,3.0,1.0,1.0,206.0,162.0,326.0,47.0,44.0,0.0,128.0,93.0,591.0,Bryan Robson,3,1982,1990,8,0.30456852791878175,3.50253807106599,0.9137055837563453,0.7614213197969544,0.15228426395939088,1.218274111675127,1.218274111675127,0.0,0.15228426395939088,0.15228426395939088,0.15228426395939088,31.37055837563452,24.670050761421322,19.492385786802032,14.16243654822335,49.64467005076142
1420234,1.0,16,4.0,11.0,10.0,4.0,8.0,13.0,9.0,1.0,1.0,2.0,1.0,1.0,123.0,93.0,192.0,39.0,38.0,0.0,107.0,78.0,450.0,Paul Mariner,1,1982,1982,5,0.2,3.2,0.8,2.0,0.8,1.6,1.8,0.2,0.2,0.2,0.2,24.6,18.6,21.4,15.6,38.4
1420235,2.0,23,8.0,9.0,29.0,11.0,11.0,5.0,2.0,1.0,1.0,1.0,21.0,4.0,101.0,76.0,233.0,31.0,39.0,0.0,86.0,65.0,438.0,Trevor Francis,1,1982,1982,5,0.4109589041095891,4.726027397260275,1.6438356164383563,5.958904109589041,2.26027397260274,2.26027397260274,0.4109589041095891,0.20547945205479454,0.20547945205479454,4.315068493150685,0.8219178082191781,20.75342465753425,15.616438356164386,17.67123287671233,13.356164383561644,47.87671232876713
1420242,0.0,12,2.0,6.0,15.0,9.0,7.0,6.0,18.0,0.0,2.0,0.0,28.0,13.0,275.0,196.0,417.0,33.0,33.0,0.0,220.0,146.0,585.0,Glenn Hoddle,2,1982,1986,7,0.0,1.8461538461538463,0.3076923076923077,2.3076923076923075,1.3846153846153846,1.0769230769230769,2.769230769230769,0.0,0.3076923076923077,4.3076923076923075,2.0,42.30769230769231,30.153846153846153,33.84615384615385,22.46153846153846,64.15384615384616
1420248,3.0,29,9.0,14.0,43.0,33.0,20.0,13.0,51.0,3.0,8.0,2.0,41.0,14.0,605.0,494.0,846.0,69.0,56.0,0.0,439.0,342.0,1079.0,Alain Giresse,2,1982,1986,12,0.25023169601482853,2.4189063948100094,0.7506950880444856,3.586654309545876,2.752548656163114,1.6682113067655235,4.253938832252086,0.25023169601482853,0.6672845227062094,3.4198331788693235,1.1677479147358665,50.463392029657086,41.204819277108435,36.61723818350325,28.526413345690454,70.56533827618165
1420251,1.0,15,2.0,13.0,16.0,7.0,14.0,14.0,11.0,1.0,1.0,0.0,16.0,5.0,97.0,78.0,196.0,30.0,38.0,1.0,76.0,60.0,512.0,Gérard Soler,1,1982,1982,6,0.17578125,2.63671875,0.3515625,2.8125,1.23046875,2.4609375,1.93359375,0.17578125,0.17578125,2.8125,0.87890625,17.05078125,13.7109375,13.359375,10.546875,34.453125
1420254,3.0,18,5.0,10.0,15.0,12.0,9.0,8.0,9.0,0.0,2.0,1.0,3.0,1.0,304.0,272.0,399.0,36.0,24.0,2.0,199.0,172.0,526.0,Bernard Genghini,2,1982,1986,6,0.5133079847908746,3.0798479087452475,0.855513307984791,2.5665399239543727,2.0532319391634983,1.5399239543726237,1.5399239543726237,0.0,0.3422053231939164,0.5133079847908746,0.1711026615969582,52.01520912547529,46.539923954372625,34.049429657794676,29.429657794676807,68.26996197718631
1420255,1.0,16,7.0,8.0,59.0,39.0,20.0,13.0,15.0,3.0,2.0,2.0,25.0,6.0,684.0,594.0,955.0,96.0,91.0,0.0,410.0,335.0,1052.0,Jean Tigana,2,1982,1986,12,0.0855513307984791,1.3688212927756656,0.5988593155893537,5.047528517110266,3.3365019011406845,1.711026615969582,1.2832699619771863,0.2566539923954373,0.1711026615969582,2.1387832699619773,0.5133079847908746,58.5171102661597,50.81749049429658,35.07604562737643,28.659695817490498,81.70152091254754
1420256,0.0,8,2.0,3.0,19.0,8.0,13.0,4.0,7.0,0.0,0.0,0.0,17.0,3.0,112.0,89.0,194.0,25.0,26.0,0.0,95.0,73.0,309.0,Bruno Bellone,2,1982,1986,5,0.0,2.330097087378641,0.5825242718446603,5.533980582524272,2.330097087378641,3.7864077669902914,2.0388349514563107,0.0,0.0,4.951456310679612,0.8737864077669903,32.62135922330097,25.92233009708738,27.66990291262136,21.2621359223301,56.504854368932044
1420258,1.0,23,7.0,9.0,35.0,19.0,32.0,45.0,14.0,0.0,3.0,1.0,46.0,10.0,474.0,404.0,866.0,119.0,104.0,0.0,220.0,162.0,1170.0,Manuel Amoros,2,1982,1986,12,0.07692307692307693,1.7692307692307692,0.5384615384615384,2.6923076923076925,1.4615384615384615,2.4615384615384617,1.0769230769230769,0.0,0.23076923076923078,3.5384615384615383,0.7692307692307693,36.46153846153846,31.076923076923077,16.923076923076923,12.461538461538462,66.61538461538461
1420259,1.0,8,2.0,2.0,10.0,6.0,7.0,4.0,2.0,0.0,0.0,0.0,5.0,0.0,218.0,180.0,300.0,24.0,27.0,0.0,157.0,123.0,360.0,Jesús María Zamora,1,1982,1982,4,0.25,2.0,0.5,2.5,1.5,1.75,0.5,0.0,0.0,1.25,0.0,54.5,45.0,39.25,30.75,75.0
1420260,0.0,5,3.0,2.0,17.0,10.0,6.0,12.0,7.0,0.0,1.0,0.0,28.0,6.0,237.0,196.0,397.0,43.0,37.0,0.0,162.0,128.0,504.0,Rafael Gordillo,2,1982,1986,6,0.0,0.8928571428571429,0.5357142857142857,3.035714285714286,1.7857142857142858,1.0714285714285714,1.25,0.0,0.17857142857142858,5.0,1.0714285714285714,42.32142857142858,35.0,28.92857142857143,22.857142857142858,70.89285714285715
1420261,0.0,6,1.0,5.0,7.0,3.0,21.0,11.0,5.0,1.0,1.0,0.0,23.0,3.0,316.0,263.0,522.0,65.0,38.0,0.0,171.0,128.0,930.0,José Antonio Camacho,2,1982,1986,10,0.0,0.5806451612903225,0.0967741935483871,0.6774193548387096,0.29032258064516125,2.032258064516129,0.48387096774193544,0.0967741935483871,0.0967741935483871,2.225806451612903,0.29032258064516125,30.58064516129032,25.451612903225804,16.548387096774192,12.387096774193548,50.516129032258064
1420262,0.0,10,1.0,6.0,1.0,1.0,5.0,6.0,4.0,0.0,0.0,0.0,0.0,0.0,201.0,176.0,278.0,25.0,13.0,0.0,82.0,63.0,450.0,José Ramón Alexanko,1,1982,1982,5,0.0,2.0,0.2,0.2,0.2,1.0,0.8,0.0,0.0,0.0,0.0,40.2,35.2,16.4,12.6,55.6
1420263,0.0,3,1.0,2.0,3.0,2.0,4.0,14.0,1.0,0.0,0.0,0.0,0.0,0.0,142.0,123.0,234.0,38.0,37.0,0.0,64.0,51.0,434.0,Miguel Tendillo,1,1982,1982,5,0.0,0.6221198156682028,0.20737327188940094,0.6221198156682028,0.4147465437788019,0.8294930875576038,0.20737327188940094,0.0,0.0,0.0,0.0,29.447004608294932,25.506912442396313,13.27188940092166,10.576036866359448,48.525345622119815
1420265,0.0,17,3.0,9.0,11.0,5.0,7.0,9.0,6.0,0.0,1.0,2.0,4.0,0.0,266.0,210.0,360.0,29.0,51.0,0.0,177.0,133.0,450.0,Pichi Alonso,1,1982,1982,5,0.0,3.4,0.6,2.2,1.0,1.4,1.2,0.0,0.2,0.8,0.0,53.2,42.0,35.4,26.6,72.0
1420266,0.0,8,1.0,7.0,11.0,5.0,4.0,4.0,6.0,0.0,2.0,2.0,3.0,0.0,55.0,43.0,114.0,21.0,24.0,0.0,44.0,33.0,289.0,Jesús María Satrústegui,1,1982,1982,4,0.0,2.491349480968858,0.31141868512110726,3.4256055363321796,1.5570934256055362,1.245674740484429,1.8685121107266436,0.0,0.6228373702422145,0.9342560553633218,0.0,17.1280276816609,13.391003460207612,13.702422145328718,10.276816608996539,35.501730103806224
1420267,1.0,11,4.0,4.0,19.0,10.0,5.0,4.0,10.0,0.0,2.0,0.0,24.0,10.0,112.0,85.0,228.0,19.0,29.0,1.0,95.0,71.0,303.0,Roberto López Ufarte,1,1982,1982,4,0.297029702970297,3.267326732673267,1.188118811881188,5.643564356435643,2.9702970297029703,1.4851485148514851,2.9702970297029703,0.0,0.594059405940594,7.128712871287129,2.9702970297029703,33.26732673267327,25.247524752475247,28.217821782178216,21.08910891089109,67.72277227722772
1420271,0.0,2,1.0,0.0,4.0,1.0,7.0,2.0,4.0,1.0,1.0,0.0,7.0,2.0,232.0,196.0,297.0,22.0,17.0,0.0,98.0,68.0,402.0,Ricardo Gallego,2,1982,1986,5,0.0,0.44776119402985076,0.22388059701492538,0.8955223880597015,0.22388059701492538,1.5671641791044775,0.8955223880597015,0.22388059701492538,0.22388059701492538,1.5671641791044775,0.44776119402985076,51.940298507462686,43.88059701492537,21.940298507462686,15.223880597014926,66.49253731343283
1420276,0.0,0,0.0,0.0,0.0,0.0,0.0,6.0,0.0,0.0,0.0,0.0,0.0,0.0,47.0,41.0,93.0,12.0,9.0,0.0,4.0,3.0,270.0,Jaime Villegas,1,1982,1982,3,0.0,0.0,0.0,0.0,0.0,0.0,0.0,0.0,0.0,0.0,0.0,15.666666666666666,13.666666666666666,1.3333333333333333,1.0,31.0
1420279,0.0,1,0.0,1.0,2.0,1.0,3.0,0.0,0.0,0.0,0.0,0.0,0.0,0.0,55.0,46.0,116.0,16.0,5.0,0.0,15.0,11.0,270.0,Anthony Costly,1,1982,1982,3,0.0,0.3333333333333333,0.0,0.6666666666666666,0.3333333333333333,1.0,0.0,0.0,0.0,0.0,0.0,18.333333333333332,15.333333333333334,5.0,3.6666666666666665,38.666666666666664
1420280,1.0,1,1.0,0.0,12.0,5.0,2.0,1.0,0.0,0.0,0.0,0.0,1.0,0.0,126.0,100.0,190.0,24.0,26.0,0.0,41.0,31.0,270.0,Hector Zelaya,1,1982,1982,3,0.3333333333333333,0.3333333333333333,0.3333333333333333,4.0,1.6666666666666667,0.6666666666666666,0.0,0.0,0.0,0.3333333333333333,0.0,42.0,33.333333333333336,13.666666666666666,10.333333333333334,63.333333333333336
1420281,0.0,5,3.0,2.0,12.0,9.0,3.0,4.0,4.0,0.0,1.0,2.0,3.0,0.0,190.0,140.0,253.0,20.0,21.0,0.0,107.0,71.0,270.0,Gilberto Yearwood,1,1982,1982,3,0.0,1.6666666666666667,1.0,4.0,3.0,1.0,1.3333333333333333,0.0,0.3333333333333333,1.0,0.0,63.333333333333336,46.666666666666664,35.666666666666664,23.666666666666668,84.33333333333333
1420283,0.0,0,0.0,0.0,11.0,7.0,3.0,3.0,5.0,0.0,0.0,0.0,1.0,0.0,172.0,140.0,230.0,21.0,23.0,0.0,73.0,57.0,270.0,Ramon Maradiaga,1,1982,1982,3,0.0,0.0,0.0,3.6666666666666665,2.3333333333333335,1.0,1.6666666666666667,0.0,0.0,0.3333333333333333,0.0,57.333333333333336,46.666666666666664,24.333333333333332,19.0,76.66666666666667
1420284,0.0,5,1.0,4.0,22.0,9.0,13.0,3.0,4.0,0.0,2.0,2.0,2.0,0.0,67.0,55.0,148.0,26.0,49.0,1.0,48.0,38.0,270.0,Porfirio Betancourt,1,1982,1982,3,0.0,1.6666666666666667,0.3333333333333333,7.333333333333333,3.0,4.333333333333333,1.3333333333333333,0.0,0.6666666666666666,0.6666666666666666,0.0,22.333333333333332,18.333333333333332,16.0,12.666666666666666,49.333333333333336
1420285,0.0,14,6.0,6.0,8.0,3.0,3.0,2.0,4.0,1.0,1.0,0.0,11.0,3.0,78.0,56.0,148.0,13.0,28.0,0.0,47.0,30.0,270.0,Jose Roberto Figueroa,1,1982,1982,3,0.0,4.666666666666667,2.0,2.6666666666666665,1.0,1.0,1.3333333333333333,0.3333333333333333,0.3333333333333333,3.6666666666666665,1.0,26.0,18.666666666666668,15.666666666666666,10.0,49.333333333333336
1420288,0.0,1,0.0,1.0,0.0,0.0,6.0,8.0,1.0,0.0,0.0,0.0,2.0,1.0,85.0,76.0,154.0,22.0,20.0,0.0,45.0,37.0,270.0,Nenad Stojković,1,1982,1982,3,0.0,0.3333333333333333,0.0,0.0,0.0,2.0,0.3333333333333333,0.0,0.0,0.6666666666666666,0.3333333333333333,28.333333333333332,25.333333333333332,15.0,12.333333333333334,51.333333333333336
1420291,0.0,0,0.0,0.0,4.0,2.0,6.0,11.0,1.0,0.0,0.0,0.0,1.0,0.0,118.0,99.0,171.0,20.0,21.0,0.0,57.0,42.0,270.0,Velimir Zajec,1,1982,1982,3,0.0,0.0,0.0,1.3333333333333333,0.6666666666666666,2.0,0.3333333333333333,0.0,0.0,0.3333333333333333,0.0,39.333333333333336,33.0,19.0,14.0,57.0
1420292,0.0,7,1.0,3.0,14.0,11.0,7.0,6.0,4.0,0.0,0.0,0.0,6.0,1.0,203.0,170.0,271.0,29.0,20.0,0.0,149.0,117.0,270.0,Edhem Sljivo,1,1982,1982,3,0.0,2.3333333333333335,0.3333333333333333,4.666666666666667,3.6666666666666665,2.3333333333333335,1.3333333333333333,0.0,0.0,2.0,0.3333333333333333,67.66666666666667,56.666666666666664,49.666666666666664,39.0,90.33333333333333
1420293,1.0,5,3.0,2.0,9.0,7.0,4.0,5.0,2.0,0.0,0.0,0.0,5.0,1.0,144.0,132.0,205.0,29.0,11.0,0.0,88.0,82.0,270.0,Ivan Gudelj,1,1982,1982,3,0.3333333333333333,1.6666666666666667,1.0,3.0,2.3333333333333335,1.3333333333333333,0.6666666666666666,0.0,0.0,1.6666666666666667,0.3333333333333333,48.0,44.0,29.333333333333332,27.333333333333332,68.33333333333333
1420294,1.0,26,9.0,12.0,54.0,32.0,15.0,7.0,18.0,2.0,2.0,3.0,28.0,6.0,339.0,255.0,547.0,52.0,58.0,2.0,258.0,188.0,687.0,Safet Sušić,2,1982,1990,8,0.13100436681222707,3.406113537117904,1.1790393013100435,7.074235807860261,4.192139737991266,1.965065502183406,2.358078602620087,0.26200873362445415,0.26200873362445415,3.6681222707423577,0.7860262008733624,44.41048034934497,33.4061135371179,33.799126637554586,24.62882096069869,71.6593886462882
1420295,0.0,9,3.0,5.0,18.0,5.0,32.0,7.0,1.0,0.0,0.0,2.0,19.0,5.0,139.0,114.0,265.0,54.0,60.0,0.0,99.0,76.0,684.0,Zlatko Vujović,2,1982,1990,8,0.0,1.1842105263157896,0.39473684210526316,2.368421052631579,0.6578947368421053,4.2105263157894735,0.13157894736842105,0.0,0.0,2.5,0.6578947368421053,18.289473684210527,15.0,13.026315789473685,10.0,34.86842105263158
1420307,0.0,3,2.0,1.0,9.0,5.0,5.0,13.0,9.0,1.0,1.0,0.0,33.0,11.0,364.0,296.0,544.0,38.0,25.0,0.0,222.0,161.0,720.0,Jimmy Nicholl,2,1982,1986,8,0.0,0.375,0.25,1.125,0.625,0.625,1.125,0.125,0.125,4.125,1.375,45.5,37.0,27.75,20.125,68.0
1420309,0.0,0,0.0,0.0,0.0,0.0,0.0,6.0,0.0,0.0,0.0,0.0,0.0,0.0,121.0,106.0,190.0,25.0,13.0,0.0,24.0,16.0,450.0,John McClelland,1,1982,1982,5,0.0,0.0,0.0,0.0,0.0,0.0,0.0,0.0,0.0,0.0,0.0,24.2,21.2,4.8,3.2,38.0
1420310,0.0,5,0.0,3.0,2.0,1.0,1.0,8.0,0.0,0.0,0.0,0.0,1.0,0.0,121.0,101.0,197.0,21.0,17.0,1.0,41.0,24.0,450.0,Christopher Nicholl,1,1982,1982,5,0.0,1.0,0.0,0.4,0.2,0.2,0.0,0.0,0.0,0.2,0.0,24.2,20.2,8.2,4.8,39.4
1420311,1.0,15,6.0,4.0,29.0,10.0,26.0,19.0,5.0,0.0,2.0,1.0,10.0,3.0,165.0,138.0,311.0,59.0,65.0,0.0,116.0,91.0,625.0,Norman Whiteside,2,1982,1986,8,0.144,2.16,0.864,4.176,1.44,3.7439999999999998,0.72,0.0,0.288,1.44,0.432,23.759999999999998,19.872,16.704,13.104,44.784
1420312,0.0,5,1.0,2.0,23.0,10.0,4.0,12.0,10.0,0.0,1.0,1.0,8.0,4.0,223.0,194.0,321.0,32.0,47.0,0.0,131.0,104.0,438.0,Martin O'Neill,1,1982,1982,5,0.0,1.0273972602739727,0.20547945205479454,4.726027397260275,2.0547945205479454,0.8219178082191781,2.0547945205479454,0.0,0.20547945205479454,1.6438356164383563,0.8219178082191781,45.82191780821918,39.86301369863014,26.917808219178085,21.36986301369863,65.95890410958904
1420313,0.0,1,0.0,1.0,6.0,3.0,7.0,19.0,0.0,0.0,0.0,0.0,2.0,0.0,224.0,206.0,321.0,47.0,42.0,0.0,88.0,76.0,716.0,David McCreery,2,1982,1986,8,0.0,0.12569832402234637,0.0,0.7541899441340782,0.3770949720670391,0.8798882681564245,0.0,0.0,0.0,0.25139664804469275,0.0,28.156424581005584,25.893854748603353,11.061452513966481,9.553072625698324,40.349162011173185
1420314,0.0,13,5.0,7.0,21.0,7.0,10.0,6.0,14.0,0.0,0.0,0.0,23.0,5.0,332.0,290.0,463.0,25.0,34.0,1.0,182.0,152.0,680.0,Sammy McIlroy,2,1982,1986,8,0.0,1.7205882352941178,0.6617647058823529,2.7794117647058822,0.9264705882352942,1.3235294117647058,1.8529411764705883,0.0,0.0,3.044117647058824,0.6617647058823529,43.94117647058824,38.38235294117647,24.08823529411765,20.11764705882353,61.279411764705884
1420315,3.0,16,7.0,7.0,50.0,32.0,13.0,13.0,6.0,1.0,1.0,1.0,14.0,4.0,152.0,114.0,316.0,70.0,62.0,1.0,109.0,73.0,469.0,Gerry Armstrong,2,1982,1986,6,0.5756929637526652,3.070362473347548,1.3432835820895521,9.594882729211086,6.140724946695096,2.4946695095948828,1.1513859275053304,0.19189765458422176,0.19189765458422176,2.6865671641791042,0.767590618336887,29.168443496801704,21.87633262260128,20.91684434968017,14.008528784648187,60.63965884861407
1420316,2.0,15,4.0,11.0,12.0,4.0,15.0,25.0,8.0,0.0,1.0,2.0,6.0,2.0,168.0,123.0,270.0,56.0,72.0,0.0,119.0,77.0,581.0,Billy Hamilton,2,1982,1986,8,0.3098106712564544,2.323580034423408,0.6196213425129088,1.8588640275387263,0.6196213425129088,2.323580034423408,1.2392426850258176,0.0,0.1549053356282272,0.9294320137693631,0.3098106712564544,26.02409638554217,19.053356282271945,18.433734939759034,11.927710843373493,41.82444061962134
1420320,0.0,1,1.0,0.0,1.0,1.0,1.0,7.0,1.0,0.0,0.0,1.0,0.0,0.0,63.0,54.0,109.0,21.0,11.0,0.0,17.0,9.0,274.0,John O'Neill,2,1982,1986,4,0.0,0.3284671532846716,0.3284671532846716,0.3284671532846716,0.3284671532846716,0.3284671532846716,0.3284671532846716,0.0,0.0,0.0,0.0,20.693430656934307,17.737226277372265,5.583941605839416,2.956204379562044,35.8029197080292
1420329,0.0,2,0.0,2.0,2.0,2.0,1.0,5.0,2.0,1.0,1.0,0.0,8.0,0.0,106.0,91.0,176.0,16.0,15.0,0.0,55.0,44.0,270.0,Vladimir Bigorra,1,1982,1982,3,0.0,0.6666666666666666,0.0,0.6666666666666666,0.6666666666666666,0.3333333333333333,0.6666666666666666,0.3333333333333333,0.3333333333333333,2.6666666666666665,0.0,35.333333333333336,30.333333333333332,18.333333333333332,14.666666666666666,58.666666666666664
1420331,0.0,2,0.0,1.0,1.0,0.0,1.0,3.0,1.0,0.0,0.0,0.0,2.0,1.0,81.0,72.0,137.0,12.0,8.0,0.0,30.0,22.0,270.0,René Valenzuela,1,1982,1982,3,0.0,0.6666666666666666,0.0,0.3333333333333333,0.0,0.3333333333333333,0.3333333333333333,0.0,0.0,0.6666666666666666,0.3333333333333333,27.0,24.0,10.0,7.333333333333333,45.666666666666664
1420332,0.0,2,0.0,2.0,6.0,5.0,4.0,9.0,3.0,1.0,1.0,0.0,4.0,0.0,168.0,147.0,223.0,18.0,20.0,0.0,90.0,74.0,270.0,Rodolfo Dubó,1,1982,1982,3,0.0,0.6666666666666666,0.0,2.0,1.6666666666666667,1.3333333333333333,1.0,0.3333333333333333,0.3333333333333333,1.3333333333333333,0.0,56.0,49.0,30.0,24.666666666666668,74.33333333333333
1420335,0.0,4,0.0,3.0,22.0,11.0,20.0,4.0,3.0,0.0,0.0,1.0,7.0,1.0,53.0,43.0,139.0,32.0,26.0,0.0,48.0,38.0,270.0,Patricio Yañez,1,1982,1982,3,0.0,1.3333333333333333,0.0,7.333333333333333,3.6666666666666665,6.666666666666667,1.0,0.0,0.0,2.3333333333333335,0.3333333333333333,17.666666666666668,14.333333333333334,16.0,12.666666666666666,46.333333333333336
1420347,0.0,0,0.0,0.0,1.0,0.0,2.0,4.0,5.0,0.0,1.0,0.0,2.0,0.0,98.0,90.0,153.0,12.0,14.0,0.0,39.0,32.0,304.0,Josef Degeorgi,1,1982,1982,4,0.0,0.0,0.0,0.29605263157894735,0.0,0.5921052631578947,1.480263157894737,0.0,0.29605263157894735,0.5921052631578947,0.0,29.013157894736842,26.644736842105264,11.546052631578947,9.473684210526315,45.296052631578945
1420348,0.0,4,0.0,2.0,11.0,4.0,4.0,13.0,3.0,1.0,0.0,0.0,19.0,2.0,175.0,156.0,296.0,33.0,47.0,0.0,64.0,46.0,450.0,Bernd Krauss,1,1982,1982,5,0.0,0.8,0.0,2.2,0.8,0.8,0.6,0.2,0.0,3.8,0.4,35.0,31.2,12.8,9.2,59.2
1420349,1.0,18,5.0,6.0,20.0,9.0,8.0,10.0,11.0,0.0,0.0,0.0,21.0,4.0,251.0,206.0,363.0,39.0,46.0,0.0,150.0,111.0,405.0,Reinhold Hintermaier,1,1982,1982,5,0.2222222222222222,4.0,1.1111111111111112,4.444444444444445,2.0,1.7777777777777777,2.4444444444444446,0.0,0.0,4.666666666666667,0.8888888888888888,55.77777777777778,45.77777777777778,33.333333333333336,24.666666666666668,80.66666666666667
1420362,0.0,0,0.0,0.0,6.0,1.0,3.0,4.0,0.0,0.0,0.0,0.0,5.0,1.0,105.0,88.0,155.0,16.0,18.0,0.0,39.0,28.0,270.0,Jan Fiala,1,1982,1982,3,0.0,0.0,0.0,2.0,0.3333333333333333,1.0,0.0,0.0,0.0,1.6666666666666667,0.3333333333333333,35.0,29.333333333333332,13.0,9.333333333333334,51.666666666666664
1420363,0.0,2,0.0,1.0,3.0,2.0,2.0,3.0,2.0,0.0,0.0,0.0,5.0,0.0,110.0,90.0,170.0,13.0,13.0,0.0,53.0,37.0,270.0,Jozef Barmos,1,1982,1982,3,0.0,0.6666666666666666,0.0,1.0,0.6666666666666666,0.6666666666666666,0.6666666666666666,0.0,0.0,1.6666666666666667,0.0,36.666666666666664,30.0,17.666666666666668,12.333333333333334,56.666666666666664
1420369,0.0,5,2.0,2.0,3.0,2.0,10.0,0.0,1.0,0.0,0.0,1.0,6.0,0.0,104.0,94.0,146.0,16.0,12.0,0.0,78.0,69.0,270.0,Zdenek Nehoda,1,1982,1982,3,0.0,1.6666666666666667,0.6666666666666666,1.0,0.6666666666666666,3.3333333333333335,0.3333333333333333,0.0,0.0,2.0,0.0,34.666666666666664,31.333333333333332,26.0,23.0,48.666666666666664
1420382,0.0,2,1.0,1.0,2.0,1.0,1.0,2.0,4.0,0.0,1.0,0.0,0.0,0.0,187.0,155.0,231.0,15.0,12.0,0.0,65.0,41.0,270.0,Mahboud Mubarak,1,1982,1982,3,0.0,0.6666666666666666,0.3333333333333333,0.6666666666666666,0.3333333333333333,0.3333333333333333,1.3333333333333333,0.0,0.3333333333333333,0.0,0.0,62.333333333333336,51.666666666666664,21.666666666666668,13.666666666666666,77.0
1420384,0.0,0,0.0,0.0,0.0,0.0,2.0,5.0,1.0,0.0,0.0,0.0,1.0,0.0,190.0,173.0,228.0,19.0,12.0,0.0,48.0,38.0,270.0,Abdullah Ma'Yoof,1,1982,1982,3,0.0,0.0,0.0,0.0,0.0,0.6666666666666666,0.3333333333333333,0.0,0.0,0.3333333333333333,0.0,63.333333333333336,57.666666666666664,16.0,12.666666666666666,76.0
1420385,0.0,3,0.0,1.0,4.0,1.0,3.0,4.0,3.0,0.0,0.0,0.0,12.0,2.0,106.0,91.0,175.0,12.0,16.0,0.0,46.0,37.0,270.0,Naeem Fajah Mubarak,1,1982,1982,3,0.0,1.0,0.0,1.3333333333333333,0.3333333333333333,1.0,1.0,0.0,0.0,4.0,0.6666666666666666,35.333333333333336,30.333333333333332,15.333333333333334,12.333333333333334,58.333333333333336
1420386,1.0,9,3.0,5.0,11.0,3.0,2.0,5.0,5.0,0.0,1.0,0.0,10.0,3.0,111.0,95.0,168.0,12.0,22.0,0.0,58.0,47.0,270.0,Abdullah Al Buloushi,1,1982,1982,3,0.3333333333333333,3.0,1.0,3.6666666666666665,1.0,0.6666666666666666,1.6666666666666667,0.0,0.3333333333333333,3.3333333333333335,1.0,37.0,31.666666666666668,19.333333333333332,15.666666666666666,56.0
1420388,1.0,13,4.0,5.0,10.0,6.0,10.0,5.0,3.0,0.0,0.0,1.0,2.0,0.0,103.0,74.0,156.0,18.0,19.0,0.0,76.0,50.0,270.0,Faisal Al Dakheel,1,1982,1982,3,0.3333333333333333,4.333333333333333,1.3333333333333333,3.3333333333333335,2.0,3.3333333333333335,1.0,0.0,0.0,0.6666666666666666,0.0,34.333333333333336,24.666666666666668,25.333333333333332,16.666666666666668,52.0
1420389,0.0,1,0.0,0.0,5.0,4.0,2.0,5.0,2.0,0.0,0.0,0.0,0.0,0.0,166.0,125.0,219.0,25.0,18.0,0.0,86.0,57.0,270.0,Saed Al Houti,1,1982,1982,3,0.0,0.3333333333333333,0.0,1.6666666666666667,1.3333333333333333,0.6666666666666666,0.6666666666666666,0.0,0.0,0.0,0.0,55.333333333333336,41.666666666666664,28.666666666666668,19.0,73.0
1420390,0.0,4,1.0,1.0,6.0,3.0,2.0,2.0,5.0,2.0,1.0,0.0,12.0,2.0,84.0,66.0,147.0,14.0,15.0,0.0,48.0,35.0,270.0,Abdul Al Anbari,1,1982,1982,3,0.0,1.3333333333333333,0.3333333333333333,2.0,1.0,0.6666666666666666,1.6666666666666667,0.6666666666666666,0.3333333333333333,4.0,0.6666666666666666,28.0,22.0,16.0,11.666666666666666,49.0
1420417,0.0,3,1.0,2.0,6.0,1.0,1.0,6.0,1.0,0.0,0.0,0.0,0.0,0.0,160.0,134.0,225.0,26.0,22.0,0.0,72.0,55.0,360.0,Georgi Dimitrov,1,1986,1986,4,0.0,0.75,0.25,1.5,0.25,0.25,0.25,0.0,0.0,0.0,0.0,40.0,33.5,18.0,13.75,56.25
1420418,0.0,1,1.0,0.0,1.0,1.0,1.0,7.0,0.0,0.0,0.0,0.0,0.0,0.0,97.0,81.0,136.0,9.0,9.0,0.0,30.0,18.0,270.0,Nikolai Arabov,1,1986,1986,3,0.0,0.3333333333333333,0.3333333333333333,0.3333333333333333,0.3333333333333333,0.3333333333333333,0.0,0.0,0.0,0.0,0.0,32.333333333333336,27.0,10.0,6.0,45.333333333333336
1420420,0.0,1,1.0,0.0,2.0,1.0,1.0,2.0,4.0,1.0,0.0,0.0,7.0,3.0,128.0,93.0,199.0,14.0,13.0,0.0,67.0,40.0,290.0,Radoslav Zdravkov,1,1986,1986,4,0.0,0.3103448275862069,0.3103448275862069,0.6206896551724138,0.3103448275862069,0.3103448275862069,1.2413793103448276,0.3103448275862069,0.0,2.1724137931034484,0.9310344827586207,39.724137931034484,28.862068965517242,20.79310344827586,12.413793103448276,61.75862068965517
1420421,1.0,16,3.0,7.0,12.0,3.0,10.0,2.0,7.0,0.0,1.0,0.0,6.0,2.0,102.0,70.0,169.0,17.0,18.0,0.0,67.0,38.0,297.0,Plamen Getov,1,1986,1986,4,0.30303030303030304,4.848484848484849,0.9090909090909092,3.6363636363636367,0.9090909090909092,3.0303030303030303,2.121212121212121,0.0,0.30303030303030304,1.8181818181818183,0.6060606060606061,30.90909090909091,21.212121212121215,20.303030303030305,11.515151515151516,51.21212121212122
1420423,2.0,14,6.0,5.0,20.0,9.0,13.0,11.0,6.0,0.0,0.0,1.0,4.0,1.0,272.0,211.0,409.0,41.0,60.0,0.0,149.0,101.0,821.0,Nasko Sirakov,2,1986,1994,11,0.2192448233861145,1.5347137637028014,0.6577344701583435,2.192448233861145,0.9866017052375152,1.4250913520097443,0.6577344701583435,0.0,0.0,0.438489646772229,0.10962241169305725,29.817295980511574,23.13032886723508,16.33373934226553,11.071863580998782,44.835566382460414
1420427,0.0,0,0.0,0.0,3.0,3.0,1.0,6.0,1.0,0.0,0.0,0.0,4.0,0.0,129.0,105.0,204.0,14.0,10.0,0.0,53.0,36.0,270.0,Petar Petrov,1,1986,1986,3,0.0,0.0,0.0,1.0,1.0,0.3333333333333333,0.3333333333333333,0.0,0.0,1.3333333333333333,0.0,43.0,35.0,17.666666666666668,12.0,68.0
1420437,0.0,4,1.0,3.0,12.0,10.0,11.0,11.0,5.0,0.0,0.0,0.0,6.0,1.0,131.0,112.0,198.0,28.0,31.0,0.0,65.0,48.0,337.0,Salvatore Bagni,1,1986,1986,4,0.0,1.0682492581602374,0.26706231454005935,3.2047477744807122,2.6706231454005933,2.9376854599406528,1.3353115727002967,0.0,0.0,1.6023738872403561,0.26706231454005935,34.98516320474777,29.910979228486646,17.359050445103858,12.818991097922849,52.87833827893175
1420438,0.0,4,1.0,2.0,1.0,1.0,2.0,4.0,5.0,2.0,2.0,0.0,7.0,4.0,194.0,163.0,244.0,13.0,15.0,0.0,117.0,91.0,315.0,Antonio Di Gennaro,1,1986,1986,4,0.0,1.1428571428571428,0.2857142857142857,0.2857142857142857,0.2857142857142857,0.5714285714285714,1.4285714285714286,0.5714285714285714,0.5714285714285714,2.0,1.1428571428571428,55.42857142857143,46.57142857142857,33.42857142857143,26.0,69.71428571428571
1420439,0.0,9,0.0,7.0,28.0,15.0,21.0,19.0,5.0,0.0,1.0,0.0,29.0,6.0,419.0,365.0,650.0,72.0,60.0,0.0,242.0,201.0,904.0,Fernando De Napoli,2,1986,1990,10,0.0,0.8960176991150443,0.0,2.7876106194690267,1.4933628318584071,2.09070796460177,0.497787610619469,0.0,0.09955752212389381,2.8871681415929205,0.5973451327433629,41.7146017699115,36.33849557522124,24.0929203539823,20.011061946902654,64.71238938053098
1420440,0.0,5,1.0,4.0,16.0,7.0,22.0,9.0,3.0,1.0,1.0,3.0,2.0,0.0,75.0,68.0,153.0,30.0,34.0,0.0,56.0,51.0,326.0,Giuseppe Galderisi,1,1986,1986,4,0.0,1.3803680981595092,0.27607361963190186,4.41717791411043,1.9325153374233128,6.07361963190184,0.8282208588957055,0.27607361963190186,0.27607361963190186,0.5521472392638037,0.0,20.70552147239264,18.773006134969325,15.460122699386503,14.079754601226993,42.239263803680984
1420448,0.0,8,3.0,5.0,12.0,6.0,14.0,12.0,12.0,1.0,2.0,3.0,16.0,7.0,104.0,85.0,197.0,29.0,33.0,1.0,80.0,65.0,334.0,Gianluca Vialli,2,1986,1990,7,0.0,2.155688622754491,0.8083832335329341,3.2335329341317363,1.6167664670658681,3.772455089820359,3.2335329341317363,0.2694610778443114,0.5389221556886228,4.311377245508982,1.8862275449101795,28.023952095808383,22.904191616766465,21.556886227544908,17.514970059880238,53.08383233532934
1420450,0.0,1,0.0,1.0,4.0,0.0,5.0,10.0,2.0,0.0,0.0,0.0,12.0,1.0,152.0,133.0,239.0,17.0,26.0,0.0,67.0,53.0,405.0,Tomás Reñones,1,1986,1986,5,0.0,0.2222222222222222,0.0,0.8888888888888888,0.0,1.1111111111111112,0.4444444444444444,0.0,0.0,2.6666666666666665,0.2222222222222222,33.77777777777778,29.555555555555557,14.88888888888889,11.777777777777779,53.111111111111114
1420452,1.0,4,2.0,2.0,1.0,1.0,6.0,10.0,0.0,0.0,0.0,0.0,0.0,0.0,115.0,93.0,171.0,22.0,22.0,0.0,31.0,16.0,360.0,Andoni Goikoetxea,1,1986,1986,4,0.25,1.0,0.5,0.25,0.25,1.5,0.0,0.0,0.0,0.0,0.0,28.75,23.25,7.75,4.0,42.75
1420453,0.0,8,2.0,4.0,14.0,9.0,5.0,11.0,10.0,1.0,1.0,1.0,19.0,5.0,219.0,175.0,330.0,35.0,41.0,0.0,142.0,104.0,480.0,Víctor Muñoz,1,1986,1986,5,0.0,1.5,0.375,2.625,1.6875,0.9375,1.875,0.1875,0.1875,3.5625,0.9375,41.0625,32.8125,26.625,19.5,61.875
1420454,4.0,28,12.0,10.0,20.0,9.0,15.0,15.0,26.0,2.0,3.0,2.0,64.0,18.0,376.0,277.0,600.0,45.0,47.0,1.0,264.0,181.0,838.0,Míchel,2,1986,1990,9,0.4295942720763723,3.007159904534606,1.2887828162291168,2.1479713603818613,0.9665871121718377,1.610978520286396,2.79236276849642,0.21479713603818615,0.3221957040572792,6.873508353221957,1.9331742243436754,40.381861575178995,29.74940334128878,28.35322195704057,19.439140811455847,64.43914081145584
1420455,3.0,11,7.0,2.0,30.0,7.0,25.0,19.0,15.0,1.0,6.0,3.0,9.0,1.0,194.0,151.0,357.0,54.0,85.0,0.0,152.0,114.0,941.0,Julio Salinas,3,1986,1994,12,0.2869287991498406,1.0520722635494155,0.6695005313496281,2.869287991498406,0.6695005313496281,2.3910733262486716,1.434643995749203,0.09564293304994687,0.5738575982996812,0.8607863974495218,0.09564293304994687,18.55472901168969,14.442082890541977,14.537725823591924,10.903294367693942,34.14452709883103
1420456,0.0,7,0.0,5.0,7.0,3.0,3.0,5.0,2.0,0.0,0.0,1.0,10.0,2.0,98.0,85.0,168.0,12.0,16.0,0.0,48.0,37.0,300.0,Julio Alberto,1,1986,1986,3,0.0,2.1,0.0,2.1,0.8999999999999999,0.8999999999999999,0.6,0.0,0.0,3.0,0.6,29.4,25.5,14.399999999999999,11.1,50.4
1420457,5.0,16,9.0,6.0,32.0,12.0,23.0,6.0,10.0,0.0,0.0,6.0,5.0,2.0,154.0,116.0,294.0,45.0,56.0,1.0,119.0,83.0,764.0,Emilio Butragueño,2,1986,1990,9,0.5890052356020943,1.8848167539267016,1.0602094240837696,3.769633507853403,1.4136125654450262,2.7094240837696333,1.1780104712041886,0.0,0.0,0.5890052356020943,0.2356020942408377,18.141361256544503,13.664921465968586,14.018324607329843,9.777486910994764,34.63350785340314
1420459,2.0,12,4.0,7.0,4.0,2.0,5.0,4.0,5.0,0.0,1.0,2.0,6.0,1.0,112.0,87.0,177.0,18.0,16.0,0.0,81.0,61.0,336.0,Ramon Caldere,1,1986,1986,4,0.5357142857142857,3.2142857142857144,1.0714285714285714,1.0714285714285714,0.5357142857142857,1.3392857142857142,1.3392857142857142,0.0,0.26785714285714285,1.6071428571428572,0.26785714285714285,30.0,23.303571428571427,21.69642857142857,16.339285714285715,47.410714285714285
1420464,0.0,0,0.0,0.0,4.0,2.0,5.0,11.0,0.0,0.0,0.0,0.0,5.0,1.0,158.0,126.0,289.0,32.0,22.0,0.0,64.0,38.0,510.0,Chendo,2,1986,1990,5,0.0,0.0,0.0,0.7058823529411764,0.3529411764705882,0.8823529411764706,0.0,0.0,0.0,0.8823529411764706,0.1764705882352941,27.882352941176467,22.235294117647058,11.294117647058822,6.705882352941176,51.0
1420465,1.0,27,9.0,11.0,33.0,16.0,28.0,17.0,14.0,2.0,7.0,2.0,56.0,13.0,528.0,467.0,846.0,63.0,52.0,0.0,306.0,253.0,1139.0,Branco,3,1986,1994,12,0.07901668129938542,2.1334503950834067,0.7111501316944688,2.607550482879719,1.2642669007901668,2.212467076382792,1.106233538191396,0.15803336259877085,0.553116769095698,4.424934152765584,1.0272168568920106,41.720807726075506,36.900790166812996,24.17910447761194,19.991220368744514,66.84811237928007
1420468,0.0,25,9.0,11.0,26.0,17.0,7.0,12.0,16.0,2.0,0.0,1.0,22.0,4.0,573.0,517.0,778.0,61.0,52.0,1.0,345.0,298.0,834.0,Alemão,2,1986,1990,9,0.0,2.6978417266187047,0.9712230215827338,2.805755395683453,1.8345323741007193,0.7553956834532374,1.7266187050359711,0.2158273381294964,0.0,2.3741007194244603,0.4316546762589928,61.83453237410071,55.79136690647481,37.23021582733813,32.15827338129496,83.95683453237409
1420469,0.0,5,1.0,2.0,13.0,9.0,2.0,4.0,4.0,0.0,0.0,0.0,1.0,0.0,254.0,236.0,351.0,33.0,24.0,0.0,134.0,124.0,480.0,Elzo,1,1986,1986,5,0.0,0.9375,0.1875,2.4375,1.6875,0.375,0.75,0.0,0.0,0.1875,0.0,47.625,44.25,25.125,23.25,65.8125
1420471,7.0,42,18.0,20.0,44.0,26.0,13.0,10.0,23.0,1.0,7.0,8.0,23.0,7.0,259.0,202.0,444.0,55.0,67.0,3.0,230.0,174.0,834.0,Careca,2,1986,1990,9,0.7553956834532374,4.532374100719424,1.9424460431654675,4.748201438848921,2.805755395683453,1.4028776978417266,2.4820143884892083,0.1079136690647482,0.7553956834532374,2.4820143884892083,0.7553956834532374,27.949640287769782,21.798561151079134,24.820143884892083,18.776978417266186,47.9136690647482
1420472,2.0,3,2.0,1.0,11.0,3.0,2.0,7.0,6.0,0.0,1.0,0.0,6.0,2.0,147.0,133.0,213.0,13.0,22.0,0.0,86.0,76.0,300.0,Josimar,1,1986,1986,3,0.6,0.8999999999999999,0.6,3.3,0.8999999999999999,0.6,1.7999999999999998,0.0,0.3,1.7999999999999998,0.6,44.1,39.9,25.799999999999997,22.8,63.9
1420473,2.0,18,7.0,9.0,17.0,6.0,16.0,8.0,10.0,2.0,3.0,5.0,21.0,3.0,138.0,103.0,260.0,36.0,43.0,2.0,117.0,84.0,528.0,Müller,3,1986,1994,10,0.34090909090909094,3.0681818181818183,1.1931818181818183,2.897727272727273,1.0227272727272727,2.7272727272727275,1.7045454545454546,0.34090909090909094,0.5113636363636364,3.5795454545454546,0.5113636363636364,23.522727272727273,17.556818181818183,19.94318181818182,14.318181818181818,44.31818181818182
1420477,0.0,0,0.0,0.0,1.0,1.0,1.0,3.0,3.0,0.0,0.0,0.0,1.0,1.0,194.0,173.0,241.0,20.0,9.0,0.0,80.0,64.0,354.0,Mauro Galvão,1,1990,1990,4,0.0,0.0,0.0,0.2542372881355932,0.2542372881355932,0.2542372881355932,0.7627118644067797,0.0,0.0,0.2542372881355932,0.2542372881355932,49.32203389830509,43.983050847457626,20.33898305084746,16.271186440677965,61.27118644067797
1420478,0.0,6,1.0,2.0,14.0,11.0,13.0,6.0,7.0,0.0,1.0,0.0,30.0,8.0,194.0,167.0,294.0,33.0,24.0,0.0,136.0,113.0,350.0,Valdo,1,1990,1990,4,0.0,1.542857142857143,0.2571428571428572,3.6,2.8285714285714287,3.342857142857143,1.8,0.0,0.2571428571428572,7.714285714285714,2.0571428571428574,49.885714285714286,42.94285714285714,34.971428571428575,29.057142857142857,75.6
1420480,0.0,2,0.0,2.0,0.0,0.0,3.0,2.0,1.0,0.0,0.0,0.0,0.0,0.0,122.0,98.0,173.0,20.0,13.0,0.0,33.0,15.0,270.0,Ian Bridge,1,1986,1986,3,0.0,0.6666666666666666,0.0,0.0,0.0,1.0,0.3333333333333333,0.0,0.0,0.0,0.0,40.666666666666664,32.666666666666664,11.0,5.0,57.666666666666664
1420481,0.0,1,1.0,0.0,4.0,3.0,4.0,6.0,1.0,0.0,0.0,1.0,12.0,1.0,150.0,97.0,228.0,9.0,13.0,0.0,93.0,50.0,270.0,Robert Lenarduzzi,1,1986,1986,3,0.0,0.3333333333333333,0.3333333333333333,1.3333333333333333,1.0,1.3333333333333333,0.3333333333333333,0.0,0.0,4.0,0.3333333333333333,50.0,32.333333333333336,31.0,16.666666666666668,76.0
1420483,0.0,0,0.0,0.0,2.0,2.0,7.0,5.0,2.0,0.0,0.0,0.0,1.0,0.0,76.0,55.0,132.0,27.0,18.0,0.0,24.0,8.0,270.0,Randy Samuel,1,1986,1986,3,0.0,0.0,0.0,0.6666666666666666,0.6666666666666666,2.3333333333333335,0.6666666666666666,0.0,0.0,0.3333333333333333,0.0,25.333333333333332,18.333333333333332,8.0,2.6666666666666665,44.0
1420484,0.0,0,0.0,0.0,5.0,1.0,3.0,4.0,1.0,0.0,0.0,0.0,2.0,1.0,64.0,41.0,94.0,11.0,14.0,0.0,45.0,25.0,270.0,Randy Ragan,1,1986,1986,3,0.0,0.0,0.0,1.6666666666666667,0.3333333333333333,1.0,0.3333333333333333,0.0,0.0,0.6666666666666666,0.3333333333333333,21.333333333333332,13.666666666666666,15.0,8.333333333333334,31.333333333333332
1420487,0.0,4,1.0,3.0,12.0,4.0,7.0,3.0,1.0,0.0,0.0,1.0,8.0,0.0,92.0,68.0,177.0,23.0,19.0,0.0,55.0,34.0,270.0,David Norman,1,1986,1986,3,0.0,1.3333333333333333,0.3333333333333333,4.0,1.3333333333333333,2.3333333333333335,0.3333333333333333,0.0,0.0,2.6666666666666665,0.0,30.666666666666668,22.666666666666668,18.333333333333332,11.333333333333334,59.0
1420488,0.0,4,1.0,1.0,9.0,4.0,9.0,4.0,3.0,0.0,0.0,0.0,9.0,1.0,67.0,50.0,116.0,17.0,28.0,0.0,51.0,37.0,270.0,Carl Valentine,1,1986,1986,3,0.0,1.3333333333333333,0.3333333333333333,3.0,1.3333333333333333,3.0,1.0,0.0,0.0,3.0,0.3333333333333333,22.333333333333332,16.666666666666668,17.0,12.333333333333334,38.666666666666664
1420502,1.0,15,4.0,10.0,10.0,6.0,11.0,14.0,7.0,0.0,1.0,1.0,4.0,3.0,289.0,254.0,406.0,45.0,49.0,2.0,135.0,111.0,554.0,Luis Fernández,1,1986,1986,6,0.1624548736462094,2.436823104693141,0.6498194945848376,1.6245487364620939,0.9747292418772563,1.787003610108303,1.1371841155234657,0.0,0.1624548736462094,0.6498194945848376,0.48736462093862815,46.94945848375451,41.26353790613718,21.931407942238266,18.032490974729242,65.95667870036101
1420504,2.0,20,5.0,9.0,12.0,5.0,8.0,7.0,4.0,0.0,0.0,6.0,4.0,1.0,72.0,56.0,146.0,20.0,28.0,1.0,49.0,35.0,349.0,Jean-Pierre Papin,1,1986,1986,4,0.5157593123209169,5.157593123209169,1.2893982808022924,3.0945558739255015,1.2893982808022924,2.0630372492836675,1.0315186246418337,0.0,0.0,1.0315186246418337,0.25787965616045844,18.567335243553007,14.441260744985673,12.636103151862464,9.025787965616045,37.65042979942693
1420507,0.0,0,0.0,0.0,8.0,2.0,4.0,14.0,2.0,1.0,1.0,0.0,10.0,1.0,139.0,125.0,214.0,19.0,27.0,0.0,68.0,57.0,360.0,Wiliam Ayache,1,1986,1986,4,0.0,0.0,0.0,2.0,0.5,1.0,0.5,0.25,0.25,2.5,0.25,34.75,31.25,17.0,14.25,53.5
1420509,2.0,12,5.0,6.0,22.0,9.0,17.0,10.0,7.0,1.0,2.0,2.0,4.0,2.0,80.0,62.0,175.0,36.0,49.0,0.0,65.0,48.0,480.0,Yannick Stopyra,1,1986,1986,6,0.375,2.25,0.9375,4.125,1.6875,3.1875,1.3125,0.1875,0.375,0.75,0.375,15.0,11.625,12.1875,9.0,32.8125
1420515,0.0,0,0.0,0.0,0.0,0.0,2.0,4.0,0.0,0.0,0.0,0.0,0.0,0.0,171.0,163.0,214.0,13.0,12.0,0.0,16.0,10.0,360.0,Noureddine Bouyahiaoui,1,1986,1986,4,0.0,0.0,0.0,0.0,0.0,0.5,0.0,0.0,0.0,0.0,0.0,42.75,40.75,4.0,2.5,53.5
1420516,0.0,1,0.0,1.0,2.0,1.0,1.0,5.0,0.0,0.0,0.0,0.0,0.0,0.0,135.0,117.0,193.0,13.0,8.0,0.0,22.0,10.0,270.0,Mustapha El Byaz,1,1986,1986,3,0.0,0.3333333333333333,0.0,0.6666666666666666,0.3333333333333333,0.3333333333333333,0.0,0.0,0.0,0.0,0.0,45.0,39.0,7.333333333333333,3.3333333333333335,64.33333333333333
1420517,0.0,1,0.0,0.0,1.0,0.0,0.0,7.0,7.0,0.0,1.0,0.0,10.0,2.0,227.0,207.0,318.0,19.0,26.0,0.0,76.0,64.0,343.0,Abdelmajid Lamris,1,1986,1986,4,0.0,0.2623906705539359,0.0,0.2623906705539359,0.0,0.0,1.836734693877551,0.0,0.2623906705539359,2.623906705539359,0.5247813411078718,59.56268221574344,54.31486880466473,19.941690962099127,16.793002915451897,83.44023323615161
1420518,0.0,13,3.0,8.0,6.0,4.0,15.0,1.0,6.0,1.0,1.0,0.0,7.0,2.0,193.0,168.0,263.0,23.0,16.0,0.0,106.0,86.0,359.0,Mohamed Timoumi,1,1986,1986,4,0.0,3.2590529247910864,0.7520891364902507,1.5041782729805013,1.0027855153203342,3.7604456824512535,1.5041782729805013,0.25069637883008355,0.25069637883008355,1.7548746518105849,0.5013927576601671,48.38440111420613,42.116991643454035,26.573816155988858,21.559888579387188,65.93314763231197
1420519,0.0,0,0.0,0.0,4.0,2.0,2.0,6.0,2.0,0.0,0.0,0.0,1.0,1.0,285.0,242.0,337.0,16.0,26.0,0.0,140.0,108.0,360.0,Abdelmajid Dolmy,1,1986,1986,4,0.0,0.0,0.0,1.0,0.5,0.5,0.5,0.0,0.0,0.25,0.25,71.25,60.5,35.0,27.0,84.25
1420520,0.0,1,0.0,1.0,3.0,1.0,1.0,7.0,1.0,1.0,1.0,0.0,5.0,1.0,173.0,154.0,251.0,24.0,16.0,0.0,40.0,25.0,360.0,Kalifa Labd,1,1986,1986,4,0.0,0.25,0.0,0.75,0.25,0.25,0.25,0.25,0.25,1.25,0.25,43.25,38.5,10.0,6.25,62.75
1420522,0.0,6,1.0,5.0,11.0,4.0,4.0,11.0,2.0,0.0,0.0,0.0,8.0,2.0,169.0,139.0,225.0,17.0,40.0,0.0,87.0,58.0,320.0,Mustapha El Haddaoui,2,1986,1994,4,0.0,1.6875,0.28125,3.09375,1.125,1.125,0.5625,0.0,0.0,2.25,0.5625,47.53125,39.09375,24.46875,16.3125,63.28125
1420524,2.0,6,3.0,3.0,2.0,1.0,6.0,5.0,2.0,0.0,0.0,0.0,5.0,2.0,64.0,55.0,126.0,11.0,16.0,0.0,31.0,27.0,271.0,Abderrazak Khairi,1,1986,1986,4,0.6642066420664207,1.992619926199262,0.996309963099631,0.6642066420664207,0.33210332103321033,1.992619926199262,0.6642066420664207,0.0,0.0,1.6605166051660516,0.6642066420664207,21.25461254612546,18.26568265682657,10.29520295202952,8.966789667896679,41.845018450184504
1420535,0.0,5,1.0,2.0,10.0,6.0,5.0,6.0,2.0,0.0,0.0,0.0,7.0,1.0,194.0,166.0,276.0,25.0,27.0,0.0,100.0,77.0,360.0,Marek Ostrowski,1,1986,1986,4,0.0,1.25,0.25,2.5,1.5,1.25,0.5,0.0,0.0,1.75,0.25,48.5,41.5,25.0,19.25,69.0
1420537,0.0,6,1.0,4.0,10.0,4.0,1.0,5.0,6.0,1.0,1.0,0.0,3.0,1.0,150.0,121.0,195.0,10.0,20.0,0.0,102.0,76.0,325.0,Dariusz Dziekanowski,1,1986,1986,4,0.0,1.6615384615384614,0.27692307692307694,2.769230769230769,1.1076923076923078,0.27692307692307694,1.6615384615384614,0.27692307692307694,0.27692307692307694,0.8307692307692307,0.27692307692307694,41.53846153846154,33.50769230769231,28.246153846153845,21.046153846153846,54.0
1420539,0.0,13,3.0,6.0,20.0,10.0,8.0,5.0,7.0,0.0,0.0,0.0,8.0,2.0,96.0,76.0,181.0,31.0,29.0,2.0,64.0,48.0,298.0,Jan Urban,1,1986,1986,4,0.0,3.9261744966442955,0.9060402684563759,6.0402684563758395,3.0201342281879198,2.4161073825503356,2.1140939597315436,0.0,0.0,2.4161073825503356,0.6040268456375839,28.993288590604028,22.95302013422819,19.328859060402685,14.496644295302014,54.664429530201346
1420548,1.0,2,2.0,0.0,0.0,0.0,3.0,7.0,1.0,0.0,0.0,0.0,0.0,0.0,203.0,180.0,303.0,24.0,17.0,0.0,43.0,25.0,630.0,José Luis Brown,1,1986,1986,7,0.14285714285714285,0.2857142857142857,0.2857142857142857,0.0,0.0,0.42857142857142855,0.14285714285714285,0.0,0.0,0.0,0.0,29.0,25.714285714285715,6.142857142857143,3.5714285714285716,43.285714285714285
1420549,1.0,15,3.0,12.0,8.0,4.0,18.0,35.0,2.0,0.0,1.0,2.0,7.0,3.0,432.0,353.0,664.0,88.0,69.0,1.0,144.0,92.0,1410.0,Oscar Ruggeri,3,1986,1994,16,0.06382978723404256,0.9574468085106383,0.19148936170212766,0.5106382978723405,0.25531914893617025,1.148936170212766,0.12765957446808512,0.0,0.06382978723404256,0.4468085106382979,0.19148936170212766,27.574468085106385,22.53191489361702,9.191489361702128,5.872340425531915,42.38297872340426
1420550,0.0,4,0.0,4.0,1.0,1.0,2.0,11.0,6.0,0.0,0.0,0.0,12.0,3.0,152.0,132.0,237.0,19.0,17.0,0.0,90.0,72.0,360.0,Oscar Garré,1,1986,1986,4,0.0,1.0,0.0,0.25,0.25,0.5,1.5,0.0,0.0,3.0,0.75,38.0,33.0,22.5,18.0,59.25
1420551,0.0,3,0.0,1.0,5.0,4.0,6.0,22.0,1.0,0.0,0.0,0.0,3.0,1.0,462.0,405.0,569.0,42.0,49.0,0.0,260.0,211.0,825.0,Sergio Batista,2,1986,1990,11,0.0,0.32727272727272727,0.0,0.5454545454545455,0.4363636363636364,0.6545454545454545,0.1090909090909091,0.0,0.0,0.32727272727272727,0.1090909090909091,50.400000000000006,44.18181818181819,28.363636363636367,23.01818181818182,62.07272727272728
1420552,0.0,10,3.0,6.0,16.0,7.0,17.0,29.0,5.0,0.0,2.0,0.0,3.0,1.0,442.0,370.0,610.0,62.0,67.0,0.0,238.0,183.0,988.0,Ricardo Giusti,2,1986,1990,11,0.0,0.9109311740890689,0.2732793522267207,1.45748987854251,0.6376518218623481,1.548582995951417,0.45546558704453444,0.0,0.18218623481781376,0.2732793522267207,0.09109311740890688,40.26315789473684,33.70445344129555,21.68016194331984,16.670040485829958,55.5668016194332
1420553,3.0,32,11.0,14.0,38.0,26.0,19.0,13.0,21.0,2.0,3.0,4.0,45.0,10.0,621.0,504.0,872.0,65.0,65.0,1.0,427.0,323.0,1236.0,Jorge Luis Burruchaga,2,1986,1990,14,0.2184466019417476,2.330097087378641,0.8009708737864079,2.766990291262136,1.8932038834951457,1.383495145631068,1.529126213592233,0.14563106796116507,0.2184466019417476,3.2766990291262137,0.7281553398058253,45.21844660194175,36.699029126213595,31.09223300970874,23.519417475728158,63.49514563106796
1420556,0.0,2,0.0,1.0,3.0,2.0,9.0,12.0,3.0,2.0,2.0,0.0,2.0,1.0,137.0,124.0,250.0,30.0,27.0,0.0,51.0,43.0,540.0,José Luis Cuciuffo,1,1986,1986,6,0.0,0.3333333333333333,0.0,0.5,0.3333333333333333,1.5,0.5,0.3333333333333333,0.3333333333333333,0.3333333333333333,0.16666666666666666,22.833333333333332,20.666666666666668,8.5,7.166666666666667,41.666666666666664
1420560,0.0,4,1.0,1.0,10.0,5.0,6.0,12.0,4.0,2.0,2.0,0.0,7.0,2.0,138.0,110.0,201.0,16.0,26.0,0.0,85.0,60.0,330.0,Héctor Enrique,1,1986,1986,5,0.0,1.090909090909091,0.27272727272727276,2.7272727272727275,1.3636363636363638,1.6363636363636365,1.090909090909091,0.5454545454545455,0.5454545454545455,1.9090909090909092,0.5454545454545455,37.63636363636364,30.0,23.181818181818183,16.363636363636363,54.81818181818182
1420565,0.0,2,0.0,2.0,5.0,3.0,3.0,4.0,1.0,0.0,0.0,0.0,7.0,2.0,135.0,112.0,217.0,25.0,27.0,0.0,59.0,42.0,360.0,Chung Yong-Hwan,2,1986,1990,4,0.0,0.5,0.0,1.25,0.75,0.75,0.25,0.0,0.0,1.75,0.5,33.75,28.0,14.75,10.5,54.25
1420567,0.0,0,0.0,0.0,14.0,4.0,12.0,16.0,1.0,0.0,0.0,0.0,8.0,1.0,182.0,148.0,296.0,29.0,33.0,0.0,70.0,47.0,519.0,Kyung Joon Park,2,1986,1990,6,0.0,0.0,0.0,2.4277456647398843,0.6936416184971098,2.0809248554913293,0.17341040462427745,0.0,0.0,1.3872832369942196,0.17341040462427745,31.560693641618496,25.664739884393065,12.138728323699421,8.150289017341041,51.32947976878613
1420569,1.0,4,2.0,0.0,5.0,2.0,2.0,9.0,0.0,0.0,0.0,0.0,8.0,2.0,104.0,87.0,153.0,11.0,21.0,0.0,46.0,33.0,270.0,Huh Jung-Moo,1,1986,1986,3,0.3333333333333333,1.3333333333333333,0.6666666666666666,1.6666666666666667,0.6666666666666666,0.6666666666666666,0.0,0.0,0.0,2.6666666666666665,0.6666666666666666,34.666666666666664,29.0,15.333333333333334,11.0,51.0
1420571,1.0,8,1.0,4.0,10.0,5.0,1.0,5.0,1.0,0.0,0.0,0.0,19.0,4.0,95.0,76.0,157.0,9.0,17.0,0.0,61.0,43.0,270.0,Chang Sun Park,1,1986,1986,3,0.3333333333333333,2.6666666666666665,0.3333333333333333,3.3333333333333335,1.6666666666666667,0.3333333333333333,0.3333333333333333,0.0,0.0,6.333333333333333,1.3333333333333333,31.666666666666668,25.333333333333332,20.333333333333332,14.333333333333334,52.333333333333336
1420572,0.0,14,3.0,7.0,31.0,13.0,20.0,30.0,13.0,0.0,1.0,0.0,19.0,1.0,259.0,200.0,429.0,53.0,78.0,0.0,175.0,130.0,734.0,Joo-Sung Kim,3,1986,1994,9,0.0,1.7166212534059946,0.36784741144414174,3.801089918256131,1.5940054495912808,2.452316076294278,1.5940054495912808,0.0,0.1226158038147139,2.329700272479564,0.1226158038147139,31.7574931880109,24.52316076294278,21.457765667574932,15.940054495912808,52.60217983651226
1420573,1.0,13,2.0,9.0,16.0,10.0,5.0,10.0,10.0,3.0,1.0,0.0,10.0,1.0,160.0,107.0,248.0,37.0,41.0,0.0,106.0,62.0,450.0,Soon Ho Choi,2,1986,1990,5,0.2,2.6,0.4,3.2,2.0,1.0,2.0,0.6,0.2,2.0,0.2,32.0,21.4,21.2,12.4,49.6
1420574,0.0,2,0.0,1.0,5.0,3.0,7.0,2.0,10.0,0.0,1.0,0.0,2.0,0.0,82.0,65.0,130.0,26.0,16.0,0.0,70.0,55.0,270.0,Bum-Kun Cha,1,1986,1986,3,0.0,0.6666666666666666,0.0,1.6666666666666667,1.0,2.3333333333333335,3.3333333333333335,0.0,0.3333333333333333,0.6666666666666666,0.0,27.333333333333332,21.666666666666668,23.333333333333332,18.333333333333332,43.333333333333336
1420584,0.0,10,2.0,7.0,12.0,6.0,7.0,8.0,1.0,0.0,0.0,2.0,14.0,3.0,74.0,56.0,147.0,18.0,24.0,1.0,46.0,30.0,340.0,Byun Byung-Joo,2,1986,1990,5,0.0,2.6470588235294117,0.5294117647058824,3.1764705882352944,1.5882352941176472,1.8529411764705883,0.2647058823529412,0.0,0.0,3.7058823529411766,0.7941176470588236,19.58823529411765,14.823529411764707,12.176470588235295,7.9411764705882355,38.911764705882355
1420585,0.0,10,2.0,5.0,4.0,3.0,2.0,12.0,5.0,0.0,1.0,0.0,2.0,1.0,391.0,355.0,505.0,32.0,36.0,0.0,157.0,133.0,660.0,Oleg Kuznetzov,2,1986,1990,7,0.0,1.3636363636363638,0.27272727272727276,0.5454545454545455,0.4090909090909091,0.27272727272727276,0.6818181818181819,0.0,0.13636363636363638,0.27272727272727276,0.13636363636363638,53.31818181818182,48.409090909090914,21.40909090909091,18.136363636363637,68.86363636363636
1420588,1.0,9,2.0,5.0,13.0,9.0,8.0,7.0,8.0,0.0,2.0,2.0,33.0,7.0,109.0,86.0,220.0,31.0,21.0,0.0,60.0,39.0,390.0,Vasiliy Rats,2,1986,1990,4,0.23076923076923078,2.076923076923077,0.46153846153846156,3.0,2.076923076923077,1.8461538461538463,1.8461538461538463,0.0,0.46153846153846156,7.615384615384616,1.6153846153846154,25.153846153846157,19.846153846153847,13.846153846153847,9.0,50.769230769230774
1420590,1.0,8,1.0,6.0,36.0,17.0,16.0,4.0,7.0,0.0,3.0,0.0,15.0,4.0,144.0,125.0,263.0,39.0,32.0,1.0,95.0,78.0,341.0,Ivan Yaremchuk,2,1986,1990,5,0.26392961876832843,2.1114369501466275,0.26392961876832843,9.501466275659824,4.486803519061584,4.222873900293255,1.8475073313782993,0.0,0.7917888563049854,3.9589442815249267,1.0557184750733137,38.0058651026393,32.99120234604106,25.073313782991203,20.58651026392962,69.41348973607039
1420591,4.0,15,6.0,9.0,12.0,5.0,6.0,5.0,11.0,4.0,2.0,5.0,8.0,3.0,68.0,54.0,136.0,24.0,26.0,1.0,50.0,38.0,313.0,Igor Belanov,1,1986,1986,4,1.1501597444089458,4.313099041533547,1.7252396166134185,3.450479233226837,1.4376996805111821,1.7252396166134185,3.1629392971246006,1.1501597444089458,0.5750798722044729,2.3003194888178915,0.8626198083067093,19.552715654952078,15.527156549520766,14.37699680511182,10.926517571884984,39.105431309904155
1420592,1.0,12,3.0,7.0,11.0,8.0,10.0,17.0,10.0,1.0,2.0,2.0,5.0,2.0,385.0,335.0,515.0,44.0,37.0,1.0,210.0,175.0,660.0,Sergei Aleinikov,2,1986,1990,7,0.13636363636363638,1.6363636363636365,0.4090909090909091,1.5,1.090909090909091,1.3636363636363638,1.3636363636363638,0.13636363636363638,0.27272727272727276,0.6818181818181819,0.27272727272727276,52.5,45.68181818181819,28.636363636363637,23.863636363636363,70.22727272727273
1420594,1.0,8,4.0,1.0,11.0,3.0,12.0,8.0,7.0,0.0,1.0,2.0,4.0,1.0,68.0,54.0,127.0,24.0,33.0,0.0,54.0,42.0,312.0,Oleg Protasov,2,1986,1990,4,0.28846153846153844,2.3076923076923075,1.1538461538461537,3.173076923076923,0.8653846153846153,3.4615384615384612,2.019230769230769,0.0,0.28846153846153844,1.1538461538461537,0.28846153846153844,19.615384615384613,15.576923076923077,15.576923076923077,12.115384615384615,36.63461538461539
1420599,0.0,3,1.0,2.0,5.0,4.0,3.0,6.0,1.0,0.0,0.0,0.0,0.0,0.0,153.0,131.0,214.0,25.0,15.0,0.0,61.0,47.0,270.0,József Kardos,1,1986,1986,3,0.0,1.0,0.3333333333333333,1.6666666666666667,1.3333333333333333,1.0,0.3333333333333333,0.0,0.0,0.0,0.0,51.0,43.666666666666664,20.333333333333332,15.666666666666666,71.33333333333333
1420602,1.0,11,2.0,5.0,13.0,4.0,5.0,4.0,5.0,0.0,2.0,0.0,9.0,1.0,126.0,99.0,186.0,9.0,24.0,0.0,80.0,60.0,270.0,Lajos Détári,1,1986,1986,3,0.3333333333333333,3.6666666666666665,0.6666666666666666,4.333333333333333,1.3333333333333333,1.6666666666666667,1.6666666666666667,0.0,0.6666666666666666,3.0,0.3333333333333333,42.0,33.0,26.666666666666668,20.0,62.0
1420604,1.0,2,1.0,1.0,10.0,6.0,8.0,5.0,1.0,0.0,0.0,0.0,5.0,0.0,75.0,55.0,132.0,15.0,27.0,0.0,54.0,37.0,270.0,Marton Esterhazy,1,1986,1986,3,0.3333333333333333,0.6666666666666666,0.3333333333333333,3.3333333333333335,2.0,2.6666666666666665,0.3333333333333333,0.0,0.0,1.6666666666666667,0.0,25.0,18.333333333333332,18.0,12.333333333333334,44.0
1420616,1.0,1,1.0,0.0,9.0,2.0,10.0,9.0,6.0,1.0,0.0,0.0,17.0,2.0,538.0,448.0,754.0,63.0,53.0,0.0,221.0,155.0,930.0,Michel De Wolf,3,1986,1994,10,0.0967741935483871,0.0967741935483871,0.0967741935483871,0.8709677419354839,0.1935483870967742,0.9677419354838709,0.5806451612903225,0.0967741935483871,0.0,1.6451612903225805,0.1935483870967742,52.064516129032256,43.354838709677416,21.387096774193548,15.0,72.96774193548387
1420617,0.0,9,3.0,2.0,19.0,10.0,23.0,28.0,18.0,2.0,1.0,1.0,27.0,4.0,737.0,635.0,1002.0,108.0,102.0,0.0,429.0,350.0,1186.0,Franky Van der Elst,4,1986,1998,14,0.0,0.6829679595278246,0.22765598650927488,1.4418212478920742,0.7588532883642496,1.745362563237774,1.3659359190556493,0.15177065767284992,0.07588532883642496,2.048903878583474,0.30354131534569984,55.9274873524452,48.18718381112985,32.55480607082631,26.559865092748737,76.03709949409782
1420618,3.0,38,10.0,24.0,85.0,56.0,32.0,42.0,41.0,1.0,5.0,5.0,58.0,16.0,862.0,707.0,1284.0,140.0,124.0,2.0,544.0,406.0,1547.0,Enzo Scifo,4,1986,1998,17,0.17453135100193923,2.2107304460245634,0.5817711700064641,4.945054945054944,3.257918552036199,1.861667744020685,2.385261797026503,0.05817711700064641,0.29088558500323203,3.374272786037492,0.9308338720103425,50.14867485455721,41.13122171945701,31.648351648351646,23.61990950226244,74.69941822882998
1420621,1.0,10,2.0,6.0,11.0,7.0,5.0,12.0,2.0,0.0,0.0,0.0,18.0,1.0,240.0,207.0,392.0,34.0,33.0,0.0,115.0,90.0,659.0,Patrick Vervoort,2,1986,1990,8,0.13657056145675267,1.3657056145675266,0.27314112291350534,1.5022761760242793,0.9559939301972686,0.6828528072837633,0.27314112291350534,0.0,0.0,2.4582701062215477,0.13657056145675267,32.77693474962064,28.2701062215478,15.705614567526556,12.291350531107739,53.53566009104704
1420623,1.0,17,7.0,8.0,13.0,6.0,11.0,28.0,9.0,1.0,1.0,0.0,5.0,1.0,402.0,314.0,618.0,90.0,77.0,0.0,206.0,135.0,1020.0,Georges Grün,3,1986,1994,11,0.08823529411764705,1.5,0.6176470588235293,1.1470588235294117,0.5294117647058824,0.9705882352941176,0.7941176470588235,0.08823529411764705,0.08823529411764705,0.4411764705882353,0.08823529411764705,35.470588235294116,27.705882352941174,18.176470588235293,11.911764705882351,54.52941176470588
1420625,1.0,12,3.0,8.0,4.0,1.0,5.0,3.0,8.0,1.0,1.0,4.0,7.0,4.0,98.0,81.0,152.0,11.0,15.0,0.0,62.0,48.0,504.0,Daniel Veyt,1,1986,1986,5,0.17857142857142858,2.142857142857143,0.5357142857142857,0.7142857142857143,0.17857142857142858,0.8928571428571429,1.4285714285714286,0.17857142857142858,0.17857142857142858,1.25,0.7142857142857143,17.5,14.464285714285715,11.071428571428573,8.571428571428571,27.142857142857146
1420627,1.0,14,5.0,6.0,12.0,7.0,6.0,11.0,4.0,2.0,2.0,0.0,4.0,0.0,363.0,282.0,537.0,50.0,45.0,0.0,151.0,85.0,1024.0,Stephane Auguste Demol,2,1986,1990,11,0.087890625,1.23046875,0.439453125,1.0546875,0.615234375,0.52734375,0.3515625,0.17578125,0.17578125,0.3515625,0.0,31.904296875,24.78515625,13.271484375,7.470703125,47.197265625
1420628,3.0,8,6.0,2.0,16.0,5.0,7.0,18.0,6.0,1.0,3.0,2.0,12.0,2.0,123.0,104.0,221.0,29.0,56.0,0.0,95.0,81.0,715.0,Nico Claesen,2,1986,1990,8,0.3776223776223776,1.0069930069930069,0.7552447552447552,2.0139860139860137,0.6293706293706294,0.8811188811188811,0.7552447552447552,0.12587412587412586,0.3776223776223776,1.5104895104895104,0.2517482517482517,15.482517482517482,13.09090909090909,11.958041958041958,10.195804195804195,27.818181818181817
1420631,1.0,5,3.0,2.0,5.0,2.0,3.0,11.0,2.0,1.0,1.0,1.0,14.0,3.0,186.0,165.0,301.0,23.0,31.0,1.0,90.0,72.0,480.0,Raul Servin,1,1986,1986,5,0.1875,0.9375,0.5625,0.9375,0.375,0.5625,0.375,0.1875,0.1875,2.625,0.5625,34.875,30.9375,16.875,13.5,56.4375
1420632,0.0,0,0.0,0.0,2.0,1.0,7.0,7.0,0.0,0.0,0.0,0.0,2.0,0.0,162.0,135.0,235.0,23.0,13.0,0.0,60.0,35.0,480.0,Felix Cruz,1,1986,1986,5,0.0,0.0,0.0,0.375,0.1875,1.3125,0.0,0.0,0.0,0.375,0.0,30.375,25.3125,11.25,6.5625,44.0625
1420633,2.0,4,3.0,1.0,3.0,0.0,6.0,12.0,1.0,0.0,0.0,0.0,1.0,0.0,154.0,129.0,258.0,37.0,25.0,0.0,57.0,37.0,480.0,Fernando Quirarte Gutiérrez,1,1986,1986,5,0.375,0.75,0.5625,0.5625,0.0,1.125,0.1875,0.0,0.0,0.1875,0.0,28.875,24.1875,10.6875,6.9375,48.375
1420634,0.0,7,4.0,2.0,11.0,8.0,7.0,8.0,10.0,1.0,3.0,0.0,10.0,2.0,164.0,137.0,227.0,22.0,24.0,0.0,116.0,92.0,330.0,Tomas Boy,1,1986,1986,5,0.0,1.9090909090909092,1.090909090909091,3.0,2.181818181818182,1.9090909090909092,2.7272727272727275,0.27272727272727276,0.8181818181818182,2.7272727272727275,0.5454545454545455,44.72727272727273,37.36363636363637,31.636363636363637,25.090909090909093,61.909090909090914
1420635,0.0,3,1.0,1.0,3.0,1.0,3.0,11.0,1.0,1.0,1.0,1.0,2.0,0.0,157.0,123.0,202.0,18.0,22.0,0.0,87.0,62.0,390.0,Carlos Munoz,1,1986,1986,4,0.0,0.6923076923076924,0.23076923076923078,0.6923076923076924,0.23076923076923078,0.6923076923076924,0.23076923076923078,0.23076923076923078,0.23076923076923078,0.46153846153846156,0.0,36.23076923076923,28.384615384615387,20.076923076923077,14.307692307692308,46.61538461538462
1420636,1.0,10,4.0,1.0,5.0,2.0,19.0,9.0,10.0,2.0,3.0,0.0,29.0,9.0,178.0,135.0,271.0,28.0,21.0,0.0,131.0,92.0,480.0,Manuel Negrete,1,1986,1986,5,0.1875,1.875,0.75,0.9375,0.375,3.5625,1.875,0.375,0.5625,5.4375,1.6875,33.375,25.3125,24.5625,17.25,50.8125
1420637,0.0,7,4.0,2.0,10.0,7.0,7.0,21.0,5.0,1.0,2.0,3.0,10.0,1.0,145.0,118.0,225.0,24.0,45.0,0.0,82.0,63.0,460.0,Javier Aguirre Onaindia,1,1986,1986,5,0.0,1.3695652173913044,0.782608695652174,1.956521739130435,1.3695652173913044,1.3695652173913044,0.9782608695652175,0.1956521739130435,0.391304347826087,1.956521739130435,0.1956521739130435,28.369565217391308,23.086956521739133,16.043478260869566,12.32608695652174,44.02173913043479
1420640,0.0,1,0.0,0.0,7.0,2.0,3.0,12.0,2.0,0.0,0.0,0.0,4.0,1.0,124.0,102.0,189.0,21.0,25.0,0.0,76.0,58.0,353.0,Miguel España,1,1986,1986,5,0.0,0.254957507082153,0.0,1.7847025495750708,0.509915014164306,0.764872521246459,0.509915014164306,0.0,0.0,1.019830028328612,0.254957507082153,31.614730878186972,26.005665722379604,19.376770538243626,14.787535410764873,48.186968838526916
1420650,0.0,4,1.0,2.0,0.0,0.0,2.0,3.0,1.0,0.0,0.0,1.0,0.0,0.0,51.0,42.0,105.0,18.0,8.0,1.0,14.0,7.0,270.0,Frederico Rosa,1,1986,1986,3,0.0,1.3333333333333333,0.3333333333333333,0.0,0.0,0.6666666666666666,0.3333333333333333,0.0,0.0,0.0,0.0,17.0,14.0,4.666666666666667,2.3333333333333335,35.0
1420651,0.0,0,0.0,0.0,0.0,0.0,1.0,3.0,1.0,0.0,0.0,0.0,11.0,1.0,86.0,70.0,127.0,4.0,8.0,0.0,48.0,34.0,270.0,Augusto Inácio,1,1986,1986,3,0.0,0.0,0.0,0.0,0.0,0.3333333333333333,0.3333333333333333,0.0,0.0,3.6666666666666665,0.3333333333333333,28.666666666666668,23.333333333333332,16.0,11.333333333333334,42.333333333333336
1420653,0.0,0,0.0,0.0,0.0,0.0,3.0,3.0,0.0,0.0,0.0,0.0,0.0,0.0,70.0,57.0,111.0,16.0,8.0,0.0,17.0,8.0,270.0,António Oliveira,1,1986,1986,3,0.0,0.0,0.0,0.0,0.0,1.0,0.0,0.0,0.0,0.0,0.0,23.333333333333332,19.0,5.666666666666667,2.6666666666666665,37.0
1420656,1.0,13,3.0,8.0,13.0,7.0,12.0,1.0,9.0,0.0,1.0,0.0,22.0,9.0,103.0,77.0,195.0,22.0,15.0,0.0,73.0,50.0,270.0,Carlos Manuel,1,1986,1986,3,0.3333333333333333,4.333333333333333,1.0,4.333333333333333,2.3333333333333335,4.0,3.0,0.0,0.3333333333333333,7.333333333333333,3.0,34.333333333333336,25.666666666666668,24.333333333333332,16.666666666666668,65.0
1420657,0.0,6,1.0,3.0,11.0,9.0,2.0,4.0,5.0,0.0,0.0,0.0,1.0,1.0,185.0,151.0,232.0,21.0,16.0,0.0,129.0,100.0,270.0,Jaime Pacheco,1,1986,1986,3,0.0,2.0,0.3333333333333333,3.6666666666666665,3.0,0.6666666666666666,1.6666666666666667,0.0,0.0,0.3333333333333333,0.3333333333333333,61.666666666666664,50.333333333333336,43.0,33.333333333333336,77.33333333333333
1420671,0.0,4,0.0,2.0,5.0,3.0,2.0,6.0,4.0,1.0,1.0,0.0,11.0,2.0,282.0,207.0,429.0,27.0,28.0,0.0,155.0,92.0,630.0,Gary Stevens,2,1986,1990,7,0.0,0.5714285714285714,0.0,0.7142857142857143,0.42857142857142855,0.2857142857142857,0.5714285714285714,0.14285714285714285,0.14285714285714285,1.5714285714285714,0.2857142857142857,40.285714285714285,29.571428571428573,22.142857142857142,13.142857142857142,61.285714285714285
1420672,0.0,5,0.0,5.0,0.0,0.0,0.0,11.0,0.0,0.0,0.0,0.0,1.0,0.0,112.0,94.0,144.0,11.0,19.0,0.0,32.0,17.0,360.0,Terry Fenwick,1,1986,1986,4,0.0,1.25,0.0,0.0,0.0,0.0,0.0,0.0,0.0,0.25,0.0,28.0,23.5,8.0,4.25,36.0
1420673,0.0,6,1.0,4.0,51.0,27.0,14.0,5.0,10.0,1.0,4.0,0.0,39.0,9.0,352.0,271.0,556.0,64.0,52.0,1.0,248.0,178.0,823.0,Chris Waddle,2,1986,1990,11,0.0,0.6561360874848117,0.10935601458080195,5.5771567436208995,2.952612393681653,1.5309842041312274,1.0935601458080195,0.10935601458080195,0.4374240583232078,4.264884568651276,0.9842041312272175,38.493317132442286,29.63547995139733,27.120291616038884,19.465370595382748,60.80194410692589
1420675,10.0,27,16.0,6.0,24.0,9.0,24.0,13.0,11.0,0.0,3.0,7.0,22.0,4.0,267.0,214.0,435.0,55.0,68.0,0.0,204.0,155.0,1160.0,Gary Lineker,2,1986,1990,12,0.7758620689655172,2.0948275862068964,1.2413793103448276,1.8620689655172413,0.6982758620689655,1.8620689655172413,0.853448275862069,0.0,0.23275862068965517,1.706896551724138,0.3103448275862069,20.71551724137931,16.603448275862068,15.827586206896552,12.025862068965516,33.75
1420677,1.0,11,3.0,5.0,27.0,8.0,6.0,12.0,5.0,0.0,1.0,1.0,16.0,3.0,174.0,131.0,316.0,41.0,71.0,0.0,115.0,80.0,619.0,Peter Beardsley,2,1986,1990,9,0.14539579967689822,1.5993537964458804,0.43618739903069464,3.9256865912762517,1.1631663974151858,0.8723747980613893,0.7269789983844911,0.0,0.14539579967689822,2.3263327948303716,0.43618739903069464,25.29886914378029,19.046849757673666,16.720516962843295,11.631663974151857,45.94507269789984
1420678,0.0,3,1.0,2.0,10.0,6.0,4.0,9.0,5.0,1.0,2.0,0.0,21.0,4.0,134.0,112.0,230.0,24.0,24.0,0.0,83.0,64.0,440.0,Trevor Steven,2,1986,1990,6,0.0,0.6136363636363635,0.20454545454545453,2.0454545454545454,1.227272727272727,0.8181818181818181,1.0227272727272727,0.20454545454545453,0.40909090909090906,4.295454545454545,0.8181818181818181,27.409090909090907,22.909090909090907,16.977272727272727,13.09090909090909,47.04545454545454
1420681,0.0,4,0.0,3.0,8.0,3.0,8.0,13.0,2.0,2.0,2.0,1.0,6.0,2.0,65.0,50.0,135.0,26.0,29.0,0.0,46.0,32.0,329.0,Steve Hodge,1,1986,1986,5,0.0,1.094224924012158,0.0,2.188449848024316,0.8206686930091186,2.188449848024316,0.547112462006079,0.547112462006079,0.547112462006079,1.6413373860182372,0.547112462006079,17.78115501519757,13.677811550151976,12.583586626139818,8.753799392097264,36.93009118541033
1420685,0.0,3,1.0,2.0,16.0,11.0,15.0,9.0,3.0,1.0,2.0,0.0,10.0,1.0,119.0,89.0,206.0,38.0,34.0,0.0,84.0,63.0,405.0,John Barnes,2,1986,1990,6,0.0,0.6666666666666666,0.2222222222222222,3.5555555555555554,2.4444444444444446,3.3333333333333335,0.6666666666666666,0.2222222222222222,0.4444444444444444,2.2222222222222223,0.2222222222222222,26.444444444444443,19.77777777777778,18.666666666666668,14.0,45.77777777777778
1420689,0.0,2,2.0,0.0,14.0,7.0,8.0,1.0,6.0,0.0,0.0,0.0,5.0,2.0,143.0,117.0,205.0,29.0,12.0,0.0,66.0,46.0,270.0,Said Kaci,1,1986,1986,3,0.0,0.6666666666666666,0.6666666666666666,4.666666666666667,2.3333333333333335,2.6666666666666665,2.0,0.0,0.0,1.6666666666666667,0.6666666666666666,47.666666666666664,39.0,22.0,15.333333333333334,68.33333333333333
1420697,0.0,0,0.0,0.0,0.0,0.0,2.0,1.0,0.0,0.0,0.0,0.0,1.0,0.0,75.0,71.0,113.0,10.0,6.0,0.0,16.0,12.0,270.0,Alan McDonald,1,1986,1986,3,0.0,0.0,0.0,0.0,0.0,0.6666666666666666,0.0,0.0,0.0,0.3333333333333333,0.0,25.0,23.666666666666668,5.333333333333333,4.0,37.666666666666664
1420708,0.0,8,0.0,7.0,0.0,0.0,1.0,4.0,2.0,0.0,0.0,2.0,4.0,0.0,142.0,114.0,199.0,20.0,19.0,0.0,69.0,46.0,315.0,Richard Gough,2,1986,1990,4,0.0,2.2857142857142856,0.0,0.0,0.0,0.2857142857142857,0.5714285714285714,0.0,0.0,1.1428571428571428,0.0,40.57142857142857,32.57142857142857,19.714285714285715,13.142857142857142,56.857142857142854
1420709,0.0,1,0.0,1.0,9.0,5.0,7.0,8.0,2.0,0.0,1.0,0.0,11.0,3.0,220.0,185.0,327.0,28.0,25.0,0.0,107.0,80.0,450.0,Maurice Malpas,2,1986,1990,5,0.0,0.2,0.0,1.8,1.0,1.4,0.4,0.0,0.2,2.2,0.6,44.0,37.0,21.4,16.0,65.4
1420710,0.0,8,2.0,4.0,5.0,1.0,11.0,13.0,4.0,1.0,1.0,1.0,15.0,4.0,180.0,128.0,287.0,36.0,37.0,0.0,122.0,76.0,540.0,Roy Aitken,2,1986,1990,6,0.0,1.3333333333333333,0.3333333333333333,0.8333333333333334,0.16666666666666666,1.8333333333333333,0.6666666666666666,0.16666666666666666,0.16666666666666666,2.5,0.6666666666666666,30.0,21.333333333333332,20.333333333333332,12.666666666666666,47.833333333333336
1420717,0.0,4,0.0,3.0,6.0,5.0,3.0,7.0,4.0,0.0,1.0,1.0,13.0,5.0,151.0,117.0,210.0,22.0,22.0,0.0,109.0,81.0,284.0,Paul McStay,2,1986,1990,4,0.0,1.267605633802817,0.0,1.9014084507042255,1.5845070422535212,0.9507042253521127,1.267605633802817,0.0,0.31690140845070425,4.119718309859155,1.5845070422535212,47.852112676056336,37.07746478873239,34.54225352112676,25.669014084507044,66.54929577464789
1420722,0.0,0,0.0,0.0,2.0,1.0,3.0,13.0,0.0,0.0,0.0,0.0,0.0,0.0,110.0,104.0,163.0,25.0,21.0,0.0,31.0,27.0,270.0,Ivan Nielsen,1,1986,1986,3,0.0,0.0,0.0,0.6666666666666666,0.3333333333333333,1.0,0.0,0.0,0.0,0.0,0.0,36.666666666666664,34.666666666666664,10.333333333333334,9.0,54.333333333333336
1420723,0.0,0,0.0,0.0,5.0,4.0,5.0,3.0,2.0,0.0,0.0,0.0,1.0,0.0,247.0,229.0,295.0,22.0,11.0,0.0,78.0,63.0,360.0,Morten Olsen,1,1986,1986,4,0.0,0.0,0.0,1.25,1.0,1.25,0.5,0.0,0.0,0.25,0.0,61.75,57.25,19.5,15.75,73.75
1420724,0.0,0,0.0,0.0,0.0,0.0,1.0,8.0,0.0,0.0,0.0,0.0,0.0,0.0,134.0,127.0,179.0,18.0,17.0,0.0,34.0,30.0,360.0,Sören Busk,1,1986,1986,4,0.0,0.0,0.0,0.0,0.0,0.25,0.0,0.0,0.0,0.0,0.0,33.5,31.75,8.5,7.5,44.75
1420726,0.0,3,0.0,3.0,3.0,0.0,1.0,3.0,3.0,0.0,0.0,0.0,4.0,0.0,90.0,81.0,139.0,11.0,16.0,0.0,48.0,41.0,270.0,Klaus Berggreen,1,1986,1986,3,0.0,1.0,0.0,1.0,0.0,0.3333333333333333,1.0,0.0,0.0,1.3333333333333333,0.0,30.0,27.0,16.0,13.666666666666666,46.333333333333336
1420727,1.0,15,5.0,6.0,3.0,2.0,4.0,9.0,4.0,1.0,1.0,0.0,6.0,0.0,278.0,248.0,349.0,19.0,16.0,0.0,173.0,144.0,360.0,Søren Lerby,1,1986,1986,4,0.25,3.75,1.25,0.75,0.5,1.0,1.0,0.25,0.25,1.5,0.0,69.5,62.0,43.25,36.0,87.25
1420730,4.0,21,8.0,10.0,15.0,7.0,5.0,6.0,4.0,2.0,2.0,2.0,3.0,1.0,53.0,44.0,121.0,14.0,22.0,0.0,39.0,32.0,315.0,Preben Elkjær Larsen,1,1986,1986,4,1.1428571428571428,6.0,2.2857142857142856,4.285714285714286,2.0,1.4285714285714286,1.1428571428571428,0.5714285714285714,0.5714285714285714,0.8571428571428571,0.2857142857142857,15.142857142857142,12.571428571428571,11.142857142857142,9.142857142857142,34.57142857142857
1420731,2.0,11,5.0,5.0,40.0,21.0,16.0,5.0,21.0,3.0,5.0,1.0,12.0,2.0,345.0,275.0,505.0,47.0,57.0,0.0,231.0,168.0,764.0,Michael Laudrup,2,1986,1998,9,0.2356020942408377,1.2958115183246073,0.5890052356020943,4.712041884816754,2.473821989528796,1.8848167539267016,2.473821989528796,0.35340314136125656,0.5890052356020943,1.4136125654450262,0.2356020942408377,40.6413612565445,32.39528795811518,27.212041884816752,19.790575916230367,59.489528795811516
1420743,0.0,5,0.0,5.0,2.0,0.0,6.0,6.0,0.0,0.0,0.0,0.0,0.0,0.0,141.0,122.0,199.0,13.0,13.0,1.0,49.0,37.0,360.0,César Zabala,1,1986,1986,4,0.0,1.25,0.0,0.5,0.0,1.5,0.0,0.0,0.0,0.0,0.0,35.25,30.5,12.25,9.25,49.75
1420744,0.0,1,0.0,1.0,2.0,1.0,3.0,10.0,2.0,0.0,0.0,0.0,12.0,1.0,90.0,74.0,153.0,8.0,12.0,0.0,46.0,33.0,270.0,Vladimiro Schettina,1,1986,1986,3,0.0,0.3333333333333333,0.0,0.6666666666666666,0.3333333333333333,1.0,0.6666666666666666,0.0,0.0,4.0,0.3333333333333333,30.0,24.666666666666668,15.333333333333334,11.0,51.0
1420745,0.0,2,0.0,2.0,3.0,2.0,8.0,6.0,1.0,0.0,0.0,0.0,0.0,0.0,96.0,79.0,172.0,27.0,16.0,0.0,29.0,19.0,360.0,Rogelio Delgado,1,1986,1986,4,0.0,0.5,0.0,0.75,0.5,2.0,0.25,0.0,0.0,0.0,0.0,24.0,19.75,7.25,4.75,43.0
1420746,0.0,1,1.0,0.0,1.0,0.0,1.0,5.0,3.0,0.0,0.0,0.0,5.0,1.0,99.0,82.0,156.0,8.0,9.0,0.0,36.0,29.0,325.0,Juan Bautista Torales,1,1986,1986,4,0.0,0.27692307692307694,0.27692307692307694,0.27692307692307694,0.0,0.27692307692307694,0.8307692307692307,0.0,0.0,1.3846153846153846,0.27692307692307694,27.415384615384614,22.70769230769231,9.96923076923077,8.03076923076923,43.2
1420747,0.0,6,3.0,2.0,5.0,5.0,12.0,10.0,8.0,1.0,0.0,0.0,10.0,2.0,110.0,81.0,179.0,30.0,37.0,0.0,79.0,55.0,360.0,Buenaventura Ferreira,1,1986,1986,4,0.0,1.5,0.75,1.25,1.25,3.0,2.0,0.25,0.0,2.5,0.5,27.5,20.25,19.75,13.75,44.75
1420748,2.0,7,2.0,5.0,11.0,4.0,4.0,4.0,11.0,0.0,0.0,0.0,22.0,3.0,151.0,110.0,247.0,18.0,24.0,1.0,105.0,69.0,360.0,Romerito,1,1986,1986,4,0.5,1.75,0.5,2.75,1.0,1.0,2.75,0.0,0.0,5.5,0.75,37.75,27.5,26.25,17.25,61.75
1420749,0.0,3,1.0,2.0,12.0,8.0,9.0,1.0,2.0,0.0,0.0,0.0,5.0,1.0,168.0,152.0,241.0,23.0,15.0,1.0,94.0,80.0,360.0,Jorge Amado Nunes,1,1986,1986,4,0.0,0.75,0.25,3.0,2.0,2.25,0.5,0.0,0.0,1.25,0.25,42.0,38.0,23.5,20.0,60.25
1420750,0.0,16,5.0,10.0,4.0,2.0,19.0,9.0,5.0,1.0,1.0,0.0,14.0,2.0,172.0,136.0,266.0,33.0,25.0,1.0,99.0,74.0,360.0,Adolfino Cañete,1,1986,1986,4,0.0,4.0,1.25,1.0,0.5,4.75,1.25,0.25,0.25,3.5,0.5,43.0,34.0,24.75,18.5,66.5
1420751,2.0,11,5.0,4.0,10.0,5.0,16.0,9.0,5.0,1.0,1.0,0.0,3.0,1.0,92.0,67.0,171.0,31.0,34.0,0.0,70.0,47.0,360.0,Roberto Cabañas,1,1986,1986,4,0.5,2.75,1.25,2.5,1.25,4.0,1.25,0.25,0.25,0.75,0.25,23.0,16.75,17.5,11.75,42.75
1420752,0.0,10,3.0,7.0,19.0,9.0,3.0,3.0,5.0,0.0,0.0,1.0,11.0,1.0,80.0,60.0,154.0,17.0,22.0,0.0,62.0,42.0,309.0,Alfredo Mendoza,1,1986,1986,4,0.0,2.912621359223301,0.8737864077669903,5.533980582524272,2.621359223300971,0.8737864077669903,1.4563106796116505,0.0,0.0,3.2038834951456314,0.29126213592233013,23.300970873786408,17.475728155339805,18.058252427184467,12.233009708737864,44.85436893203884
1420765,0.0,0,0.0,0.0,2.0,2.0,2.0,11.0,1.0,0.0,0.0,0.0,1.0,0.0,99.0,81.0,159.0,13.0,21.0,0.0,40.0,24.0,270.0,Nadhum Salim,1,1986,1986,3,0.0,0.0,0.0,0.6666666666666666,0.6666666666666666,0.6666666666666666,0.3333333333333333,0.0,0.0,0.3333333333333333,0.0,33.0,27.0,13.333333333333334,8.0,53.0
1420767,0.0,3,1.0,2.0,11.0,8.0,4.0,3.0,5.0,0.0,0.0,0.0,4.0,0.0,95.0,78.0,181.0,30.0,14.0,0.0,45.0,31.0,270.0,Ghanim Oraibi,1,1986,1986,3,0.0,1.0,0.3333333333333333,3.6666666666666665,2.6666666666666665,1.3333333333333333,1.6666666666666667,0.0,0.0,1.3333333333333333,0.0,31.666666666666668,26.0,15.0,10.333333333333334,60.333333333333336
1420768,0.0,10,3.0,4.0,3.0,3.0,1.0,5.0,2.0,0.0,0.0,0.0,12.0,3.0,103.0,73.0,171.0,11.0,6.0,0.0,55.0,32.0,270.0,Khalil Allawi,1,1986,1986,3,0.0,3.3333333333333335,1.0,1.0,1.0,0.3333333333333333,0.6666666666666666,0.0,0.0,4.0,1.0,34.333333333333336,24.333333333333332,18.333333333333332,10.666666666666666,57.0
1420769,1.0,2,1.0,1.0,16.0,11.0,3.0,3.0,1.0,0.0,0.0,0.0,8.0,2.0,57.0,43.0,120.0,21.0,30.0,0.0,38.0,26.0,270.0,Ahmed Amaiesh,1,1986,1986,3,0.3333333333333333,0.6666666666666666,0.3333333333333333,5.333333333333333,3.6666666666666665,1.0,0.3333333333333333,0.0,0.0,2.6666666666666665,0.6666666666666666,19.0,14.333333333333334,12.666666666666666,8.666666666666666,40.0
1420770,0.0,6,1.0,5.0,13.0,8.0,5.0,3.0,6.0,0.0,0.0,0.0,8.0,1.0,55.0,39.0,124.0,28.0,21.0,0.0,39.0,24.0,270.0,Ali Shibab,1,1986,1986,3,0.0,2.0,0.3333333333333333,4.333333333333333,2.6666666666666665,1.6666666666666667,2.0,0.0,0.0,2.6666666666666665,0.3333333333333333,18.333333333333332,13.0,13.0,8.0,41.333333333333336
1420780,0.0,4,1.0,2.0,7.0,4.0,3.0,4.0,2.0,0.0,0.0,0.0,4.0,2.0,86.0,68.0,164.0,14.0,11.0,0.0,45.0,31.0,270.0,Víctor Hugo Diogo,1,1986,1986,3,0.0,1.3333333333333333,0.3333333333333333,2.3333333333333335,1.3333333333333333,1.0,0.6666666666666666,0.0,0.0,1.3333333333333333,0.6666666666666666,28.666666666666668,22.666666666666668,15.0,10.333333333333334,54.666666666666664
1420782,0.0,0,0.0,0.0,0.0,0.0,3.0,6.0,0.0,0.0,0.0,0.0,0.0,0.0,61.0,56.0,93.0,10.0,14.0,0.0,12.0,9.0,331.0,Eduardo Acevedo,1,1986,1986,4,0.0,0.0,0.0,0.0,0.0,0.8157099697885197,0.0,0.0,0.0,0.0,0.0,16.586102719033235,15.226586102719034,3.262839879154079,2.447129909365559,25.28700906344411
1420783,0.0,1,0.0,1.0,7.0,3.0,9.0,7.0,4.0,0.0,0.0,0.0,3.0,0.0,285.0,228.0,413.0,50.0,34.0,0.0,134.0,84.0,720.0,Nelson Daniel Gutiérrez,2,1986,1990,8,0.0,0.125,0.0,0.875,0.375,1.125,0.5,0.0,0.0,0.375,0.0,35.625,28.5,16.75,10.5,51.625
1420784,0.0,4,2.0,2.0,6.0,3.0,17.0,4.0,2.0,0.0,0.0,0.0,7.0,2.0,106.0,90.0,158.0,24.0,18.0,0.0,64.0,52.0,327.0,Sergio Santín,1,1986,1986,4,0.0,1.1009174311926606,0.5504587155963303,1.651376146788991,0.8256880733944955,4.678899082568807,0.5504587155963303,0.0,0.0,1.926605504587156,0.5504587155963303,29.174311926605505,24.770642201834864,17.61467889908257,14.311926605504587,43.48623853211009
1420785,1.0,21,5.0,11.0,44.0,21.0,44.0,15.0,9.0,0.0,0.0,1.0,8.0,3.0,227.0,169.0,424.0,83.0,76.0,1.0,191.0,134.0,714.0,Enzo Francescoli,2,1986,1990,8,0.12605042016806722,2.6470588235294117,0.6302521008403361,5.546218487394958,2.6470588235294117,5.546218487394958,1.134453781512605,0.0,0.0,1.0084033613445378,0.37815126050420167,28.61344537815126,21.30252100840336,24.07563025210084,16.89075630252101,53.4453781512605
1420793,0.0,10,4.0,3.0,28.0,18.0,10.0,5.0,3.0,0.0,0.0,1.0,15.0,5.0,109.0,77.0,216.0,38.0,29.0,0.0,85.0,56.0,299.0,Ruben Paz,2,1986,1990,4,0.0,3.0100334448160533,1.2040133779264213,8.42809364548495,5.418060200668896,3.0100334448160533,0.903010033444816,0.0,0.0,4.51505016722408,1.5050167224080266,32.80936454849498,23.17725752508361,25.585284280936452,16.8561872909699,65.01672240802675
1420800,4.0,36,13.0,12.0,9.0,7.0,14.0,24.0,32.0,1.0,6.0,0.0,99.0,26.0,762.0,652.0,1125.0,72.0,67.0,2.0,434.0,342.0,1327.0,Andreas Brehme,3,1986,1994,16,0.2712886209495102,2.4415975885455916,0.8816880180859081,0.6103993971363979,0.47475508666164284,0.9495101733232857,2.1703089675960814,0.06782215523737754,0.4069329314242653,6.714393368500377,1.7633760361718163,51.68048229088169,44.22004521477016,29.434815373021856,23.195177091183123,76.29992464204975
1420801,0.0,16,4.0,6.0,25.0,13.0,24.0,36.0,12.0,1.0,2.0,1.0,30.0,3.0,748.0,648.0,1040.0,113.0,85.0,0.0,392.0,314.0,1563.0,Thomas Berthold,3,1986,1994,18,0.0,0.9213051823416506,0.23032629558541265,1.4395393474088292,0.7485604606525912,1.381957773512476,0.690978886756238,0.05758157389635316,0.11516314779270632,1.727447216890595,0.1727447216890595,43.07101727447217,37.312859884836854,22.57197696737044,18.080614203454893,59.88483685220729
1420802,0.0,5,1.0,4.0,5.0,2.0,17.0,10.0,7.0,0.0,0.0,1.0,10.0,2.0,241.0,218.0,345.0,34.0,29.0,0.0,109.0,94.0,655.0,Norbert Eder,1,1986,1986,7,0.0,0.6870229007633588,0.13740458015267176,0.6870229007633588,0.2748091603053435,2.33587786259542,0.9618320610687023,0.0,0.0,1.3740458015267176,0.2748091603053435,33.11450381679389,29.954198473282442,14.977099236641221,12.916030534351146,47.404580152671755
1420803,0.0,12,2.0,8.0,2.0,1.0,14.0,10.0,16.0,2.0,2.0,0.0,0.0,0.0,635.0,572.0,769.0,55.0,31.0,1.0,269.0,215.0,840.0,Klaus Augenthaler,2,1986,1990,9,0.0,1.2857142857142856,0.21428571428571427,0.21428571428571427,0.10714285714285714,1.5,1.7142857142857142,0.21428571428571427,0.21428571428571427,0.0,0.0,68.03571428571428,61.285714285714285,28.82142857142857,23.035714285714285,82.39285714285714
1420804,2.0,20,8.0,10.0,25.0,13.0,15.0,11.0,26.0,2.0,7.0,2.0,38.0,7.0,208.0,162.0,343.0,39.0,40.0,0.0,161.0,119.0,615.0,Klaus Allofs,1,1986,1986,7,0.29268292682926833,2.926829268292683,1.1707317073170733,3.658536585365854,1.902439024390244,2.1951219512195124,3.804878048780488,0.29268292682926833,1.024390243902439,5.560975609756098,1.024390243902439,30.439024390243905,23.70731707317073,23.5609756097561,17.414634146341463,50.19512195121951
1420805,8.0,48,16.0,25.0,45.0,22.0,20.0,30.0,16.0,3.0,3.0,12.0,20.0,5.0,184.0,147.0,400.0,65.0,82.0,1.0,149.0,117.0,1021.0,Rudi Völler,3,1986,1994,15,0.7051909892262488,4.2311459353574925,1.4103819784524976,3.966699314397649,1.9392752203721841,1.7629774730656218,1.4103819784524976,0.2644466209598433,0.2644466209598433,1.7629774730656218,0.44074436826640545,16.21939275220372,12.95788442703232,13.134182174338882,10.313418217433888,35.25954946131244
1420806,0.0,1,1.0,0.0,1.0,0.0,1.0,17.0,2.0,0.0,0.0,0.0,0.0,0.0,225.0,198.0,299.0,13.0,22.0,0.0,73.0,52.0,507.0,Ditmar Jakobs,1,1986,1986,6,0.0,0.17751479289940827,0.17751479289940827,0.17751479289940827,0.0,0.17751479289940827,0.35502958579881655,0.0,0.0,0.0,0.0,39.94082840236686,35.14792899408284,12.958579881656803,9.23076923076923,53.07692307692307
1420809,0.0,9,3.0,4.0,3.0,1.0,4.0,6.0,7.0,2.0,1.0,0.0,11.0,4.0,228.0,187.0,308.0,19.0,14.0,0.0,127.0,89.0,347.0,Olaf Thon,2,1990,1998,5,0.0,2.3342939481268012,0.7780979827089337,0.7780979827089337,0.25936599423631124,1.037463976945245,1.8155619596541785,0.5187319884726225,0.25936599423631124,2.8530259365994235,1.037463976945245,59.13544668587896,48.5014409221902,32.93948126801153,23.0835734870317,79.88472622478386
1420820,0.0,1,0.0,0.0,3.0,3.0,8.0,7.0,1.0,0.0,0.0,0.0,1.0,1.0,229.0,207.0,336.0,36.0,18.0,0.0,58.0,41.0,690.0,Juan Ernesto Simón,1,1990,1990,7,0.0,0.13043478260869565,0.0,0.3913043478260869,0.3913043478260869,1.0434782608695652,0.13043478260869565,0.0,0.0,0.13043478260869565,0.13043478260869565,29.869565217391305,27.0,7.565217391304348,5.3478260869565215,43.826086956521735
1420821,0.0,4,1.0,1.0,17.0,11.0,14.0,12.0,6.0,0.0,0.0,1.0,10.0,5.0,383.0,288.0,575.0,64.0,51.0,0.0,222.0,149.0,760.0,José Basualdo,2,1990,1994,8,0.0,0.47368421052631576,0.11842105263157894,2.013157894736842,1.3026315789473684,1.6578947368421053,0.7105263157894737,0.0,0.0,1.1842105263157894,0.5921052631578947,45.35526315789473,34.10526315789473,26.289473684210527,17.644736842105264,68.09210526315789
1420824,1.0,17,8.0,6.0,20.0,13.0,7.0,3.0,11.0,0.0,3.0,3.0,5.0,3.0,180.0,137.0,269.0,31.0,35.0,0.0,125.0,89.0,451.0,Abel Balbo,3,1990,1998,7,0.19955654101995565,3.3924611973392462,1.5964523281596452,3.991130820399113,2.5942350332594235,1.3968957871396896,2.1951219512195124,0.0,0.5986696230598669,0.9977827050997783,0.5986696230598669,35.92017738359202,27.339246119733925,24.944567627494457,17.760532150776054,53.68070953436807
1420826,0.0,0,0.0,0.0,9.0,2.0,9.0,24.0,7.0,0.0,1.0,0.0,28.0,5.0,372.0,293.0,610.0,41.0,50.0,0.0,185.0,130.0,780.0,Stephen Tataw Eta,2,1990,1994,8,0.0,0.0,0.0,1.0384615384615385,0.23076923076923078,1.0384615384615385,0.8076923076923077,0.0,0.11538461538461539,3.230769230769231,0.576923076923077,42.92307692307693,33.80769230769231,21.346153846153847,15.000000000000002,70.38461538461539
1420827,0.0,0,0.0,0.0,4.0,2.0,1.0,5.0,0.0,0.0,0.0,0.0,0.0,0.0,167.0,130.0,263.0,28.0,20.0,0.0,43.0,14.0,480.0,Victor NDip Akem,2,1990,1994,5,0.0,0.0,0.0,0.75,0.375,0.1875,0.0,0.0,0.0,0.0,0.0,31.3125,24.375,8.0625,2.625,49.3125
1420828,0.0,2,0.0,0.0,4.0,1.0,1.0,11.0,4.0,0.0,0.0,0.0,6.0,2.0,227.0,169.0,338.0,13.0,28.0,0.0,115.0,65.0,510.0,Bertin Ebwelle Ndingue,1,1990,1990,5,0.0,0.3529411764705882,0.0,0.7058823529411764,0.1764705882352941,0.1764705882352941,0.7058823529411764,0.0,0.0,1.0588235294117647,0.3529411764705882,40.05882352941176,29.823529411764703,20.294117647058822,11.470588235294118,59.647058823529406
1420829,0.0,5,1.0,2.0,14.0,10.0,12.0,13.0,4.0,0.0,0.0,0.0,3.0,0.0,253.0,212.0,364.0,47.0,44.0,0.0,140.0,111.0,570.0,Emile MBouh MBouh,2,1990,1994,6,0.0,0.7894736842105263,0.15789473684210528,2.210526315789474,1.5789473684210527,1.8947368421052633,0.6315789473684211,0.0,0.0,0.4736842105263158,0.0,39.94736842105263,33.473684210526315,22.105263157894736,17.526315789473685,57.473684210526315
1420830,0.0,4,1.0,3.0,6.0,2.0,3.0,11.0,5.0,0.0,0.0,0.0,3.0,0.0,153.0,115.0,205.0,21.0,26.0,0.0,85.0,56.0,361.0,André Kana-Biyik,2,1990,1994,4,0.0,0.997229916897507,0.24930747922437674,1.4958448753462603,0.4986149584487535,0.7479224376731302,1.2465373961218837,0.0,0.0,0.7479224376731302,0.0,38.14404432132964,28.670360110803326,21.191135734072024,13.961218836565097,51.10803324099723
1420831,0.0,8,2.0,5.0,17.0,5.0,9.0,18.0,4.0,1.0,1.0,0.0,8.0,0.0,146.0,117.0,249.0,32.0,58.0,0.0,98.0,73.0,419.0,Cyrille Makanaky,1,1990,1990,5,0.0,1.7183770883054892,0.4295942720763723,3.6515513126491643,1.0739856801909307,1.9331742243436754,0.8591885441527446,0.21479713603818615,0.21479713603818615,1.7183770883054892,0.0,31.360381861575178,25.131264916467778,21.05011933174224,15.680190930787589,53.48448687350835
1420832,0.0,17,2.0,14.0,34.0,16.0,22.0,3.0,10.0,0.0,2.0,0.0,28.0,7.0,197.0,154.0,336.0,43.0,40.0,0.0,125.0,93.0,568.0,Louis Mfede,2,1990,1994,8,0.0,2.693661971830986,0.31690140845070425,5.387323943661972,2.535211267605634,3.4859154929577465,1.5845070422535212,0.0,0.31690140845070425,4.436619718309859,1.1091549295774648,31.214788732394368,24.401408450704228,19.806338028169016,14.735915492957748,53.23943661971831
1420834,2.0,43,14.0,23.0,47.0,24.0,15.0,11.0,14.0,2.0,0.0,4.0,8.0,2.0,349.0,260.0,572.0,101.0,121.0,1.0,251.0,174.0,1020.0,François Omam-Biyik,3,1990,1998,11,0.1764705882352941,3.7941176470588234,1.2352941176470587,4.147058823529411,2.1176470588235294,1.3235294117647058,1.2352941176470587,0.1764705882352941,0.0,0.7058823529411764,0.1764705882352941,30.794117647058822,22.941176470588236,22.14705882352941,15.352941176470587,50.470588235294116
1420835,0.0,2,0.0,2.0,11.0,6.0,2.0,11.0,6.0,0.0,0.0,1.0,4.0,0.0,190.0,154.0,254.0,17.0,29.0,1.0,97.0,70.0,414.0,Thomas Libiih,2,1990,1994,5,0.0,0.4347826086956522,0.0,2.3913043478260874,1.3043478260869565,0.4347826086956522,1.3043478260869565,0.0,0.0,0.8695652173913044,0.0,41.30434782608696,33.47826086956522,21.086956521739133,15.217391304347828,55.21739130434783
1420836,0.0,11,1.0,4.0,4.0,3.0,12.0,9.0,2.0,0.0,0.0,0.0,0.0,0.0,212.0,177.0,312.0,44.0,19.0,0.0,61.0,43.0,571.0,Riccardo Ferri,1,1990,1990,7,0.0,1.733800350262697,0.1576182136602452,0.6304728546409808,0.4728546409807356,1.8914185639229424,0.3152364273204904,0.0,0.0,0.0,0.0,33.41506129597198,27.8984238178634,9.614711033274956,6.777583187390543,49.1768826619965
1420837,1.0,12,3.0,7.0,17.0,10.0,11.0,9.0,26.0,3.0,4.0,2.0,5.0,2.0,401.0,350.0,487.0,27.0,30.0,0.0,250.0,204.0,586.0,Giuseppe Giannini,1,1990,1990,7,0.15358361774744028,1.8430034129692834,0.46075085324232085,2.6109215017064846,1.5358361774744027,1.689419795221843,3.993174061433447,0.46075085324232085,0.6143344709897611,0.7679180887372014,0.30716723549488056,61.58703071672355,53.7542662116041,38.39590443686007,31.331058020477816,74.79522184300342
1420838,0.0,17,7.0,6.0,53.0,37.0,34.0,12.0,26.0,3.0,4.0,0.0,57.0,16.0,551.0,453.0,826.0,97.0,76.0,0.0,376.0,297.0,975.0,Roberto Donadoni,2,1990,1994,11,0.0,1.5692307692307692,0.6461538461538461,4.892307692307692,3.4153846153846152,3.1384615384615384,2.4,0.2769230769230769,0.3692307692307692,5.2615384615384615,1.4769230769230768,50.86153846153846,41.815384615384616,34.707692307692305,27.415384615384614,76.24615384615385
1420841,6.0,21,9.0,10.0,25.0,14.0,22.0,13.0,7.0,1.0,2.0,0.0,8.0,1.0,130.0,97.0,264.0,48.0,69.0,1.0,116.0,85.0,533.0,Salvatore Schillaci,1,1990,1990,7,1.0131332082551594,3.545966228893058,1.5196998123827392,4.221388367729831,2.3639774859287055,3.7148217636022514,1.1819887429643527,0.16885553470919323,0.33771106941838647,1.3508442776735459,0.16885553470919323,21.95121951219512,16.378986866791745,19.587242026266416,14.352720450281426,44.57786116322701
1420843,9.0,43,21.0,11.0,61.0,30.0,51.0,10.0,21.0,2.0,2.0,4.0,50.0,10.0,470.0,366.0,807.0,101.0,101.0,0.0,346.0,252.0,1205.0,Roberto Baggio,3,1990,1998,16,0.6721991701244813,3.2116182572614105,1.5684647302904564,4.556016597510373,2.240663900414938,3.809128630705394,1.5684647302904564,0.14937759336099585,0.14937759336099585,3.7344398340248963,0.7468879668049793,35.10373443983402,27.33609958506224,25.842323651452283,18.821576763485478,60.273858921161825
1420844,0.0,10,5.0,2.0,27.0,15.0,23.0,15.0,2.0,0.0,0.0,2.0,8.0,1.0,324.0,251.0,497.0,75.0,53.0,0.0,192.0,131.0,721.0,Nicola Berti,2,1990,1994,11,0.0,1.2482662968099862,0.6241331484049931,3.3703190013869624,1.8723994452149793,2.871012482662968,0.24965325936199723,0.0,0.0,0.9986130374479889,0.12482662968099861,40.44382801664355,31.33148404993065,23.966712898751734,16.352288488210817,62.03883495145631
1420846,0.0,16,5.0,6.0,9.0,3.0,7.0,6.0,6.0,0.0,0.0,0.0,11.0,4.0,191.0,166.0,312.0,30.0,35.0,0.0,113.0,96.0,451.0,Luigi De Agostini,1,1990,1990,6,0.0,3.1929046563192904,0.9977827050997783,1.796008869179601,0.5986696230598669,1.3968957871396896,1.1973392461197339,0.0,0.0,2.1951219512195124,0.7982261640798226,38.11529933481153,33.12638580931264,22.54988913525499,19.15742793791574,62.26164079822617
1420848,0.0,2,1.0,0.0,3.0,2.0,3.0,13.0,1.0,0.0,0.0,0.0,1.0,0.0,151.0,119.0,214.0,25.0,25.0,0.0,74.0,51.0,405.0,Peter Schöttel,2,1990,1998,5,0.0,0.4444444444444444,0.2222222222222222,0.6666666666666666,0.4444444444444444,0.6666666666666666,0.2222222222222222,0.0,0.0,0.2222222222222222,0.0,33.55555555555556,26.444444444444443,16.444444444444443,11.333333333333334,47.55555555555556
1420849,0.0,5,1.0,1.0,2.0,1.0,2.0,6.0,2.0,0.0,0.0,0.0,1.0,1.0,134.0,116.0,168.0,8.0,12.0,0.0,44.0,29.0,270.0,Ernst Aigner,1,1990,1990,3,0.0,1.6666666666666667,0.3333333333333333,0.6666666666666666,0.3333333333333333,0.6666666666666666,0.6666666666666666,0.0,0.0,0.3333333333333333,0.3333333333333333,44.666666666666664,38.666666666666664,14.666666666666666,9.666666666666666,56.0
1420850,0.0,3,1.0,1.0,4.0,1.0,3.0,12.0,2.0,0.0,0.0,0.0,1.0,0.0,117.0,103.0,176.0,24.0,26.0,0.0,44.0,35.0,270.0,Robert Pecl,1,1990,1990,3,0.0,1.0,0.3333333333333333,1.3333333333333333,0.3333333333333333,1.0,0.6666666666666666,0.0,0.0,0.3333333333333333,0.0,39.0,34.333333333333336,14.666666666666666,11.666666666666666,58.666666666666664
1420851,1.0,11,5.0,2.0,15.0,6.0,17.0,4.0,11.0,0.0,1.0,1.0,21.0,4.0,140.0,101.0,272.0,38.0,42.0,0.0,117.0,81.0,409.0,Andreas Herzog,2,1990,1998,6,0.22004889975550124,2.4205378973105134,1.1002444987775062,3.3007334963325183,1.3202933985330074,3.740831295843521,2.4205378973105134,0.0,0.22004889975550124,4.621026894865526,0.880195599022005,30.806845965770172,22.224938875305625,25.745721271393645,17.8239608801956,59.85330073349633
1420856,1.0,13,6.0,1.0,10.0,2.0,6.0,16.0,7.0,0.0,0.0,0.0,1.0,1.0,149.0,100.0,219.0,26.0,61.0,0.0,118.0,70.0,467.0,Anton Polster,2,1990,1998,6,0.19271948608137043,2.5053533190578157,1.1563169164882225,1.9271948608137044,0.38543897216274087,1.1563169164882225,1.3490364025695931,0.0,0.0,0.19271948608137043,0.19271948608137043,28.715203426124194,19.271948608137045,22.740899357601712,13.49036402569593,42.20556745182013
1420862,0.0,3,1.0,0.0,2.0,1.0,8.0,13.0,1.0,1.0,1.0,0.0,3.0,1.0,161.0,121.0,273.0,44.0,42.0,0.0,76.0,42.0,450.0,Anton Pfeffer,2,1990,1998,5,0.0,0.6,0.2,0.4,0.2,1.6,0.2,0.2,0.2,0.6,0.2,32.2,24.2,15.2,8.4,54.6
1420867,0.0,2,0.0,2.0,9.0,4.0,7.0,16.0,2.0,1.0,0.0,0.0,8.0,3.0,220.0,169.0,307.0,29.0,37.0,0.0,126.0,84.0,409.0,Sergey Gorlukovich,2,1990,1994,5,0.0,0.4400977995110025,0.0,1.9804400977995111,0.880195599022005,1.5403422982885087,0.4400977995110025,0.22004889975550124,0.0,1.76039119804401,0.6601466992665037,48.41075794621027,37.18826405867971,27.726161369193154,18.484107579462105,67.55501222493888
1420878,0.0,10,3.0,5.0,15.0,10.0,13.0,17.0,8.0,0.0,0.0,1.0,0.0,0.0,686.0,644.0,865.0,63.0,60.0,0.0,195.0,166.0,1199.0,Gheorghe Popescu,3,1990,1998,13,0.0,0.7506255212677231,0.22518765638031693,1.1259382819015846,0.7506255212677231,0.97581317764804,0.6005004170141784,0.0,0.0,0.0,0.0,51.492910758965806,48.340283569641365,14.637197664720599,12.460383653044202,64.92910758965805
1420879,0.0,0,0.0,0.0,1.0,0.0,2.0,1.0,2.0,0.0,0.0,0.0,2.0,0.0,195.0,173.0,247.0,11.0,10.0,0.0,77.0,59.0,390.0,Mircea Rednic,1,1990,1990,4,0.0,0.0,0.0,0.23076923076923078,0.0,0.46153846153846156,0.46153846153846156,0.0,0.0,0.46153846153846156,0.0,45.0,39.92307692307693,17.76923076923077,13.615384615384617,57.00000000000001
1420880,0.0,8,4.0,4.0,10.0,6.0,4.0,6.0,8.0,0.0,0.0,0.0,3.0,2.0,261.0,225.0,330.0,21.0,19.0,0.0,105.0,75.0,390.0,Iosif Rotariu,1,1990,1990,4,0.0,1.8461538461538463,0.9230769230769231,2.307692307692308,1.3846153846153848,0.9230769230769231,1.8461538461538463,0.0,0.0,0.6923076923076924,0.46153846153846156,60.23076923076923,51.92307692307693,24.230769230769234,17.30769230769231,76.15384615384616
1420881,0.0,4,0.0,4.0,2.0,2.0,4.0,5.0,4.0,0.0,0.0,1.0,0.0,0.0,270.0,254.0,328.0,34.0,23.0,0.0,63.0,52.0,390.0,Ioan Andone,1,1990,1990,4,0.0,0.9230769230769231,0.0,0.46153846153846156,0.46153846153846156,0.9230769230769231,0.9230769230769231,0.0,0.0,0.0,0.0,62.307692307692314,58.61538461538462,14.53846153846154,12.0,75.6923076923077
1420882,0.0,4,2.0,2.0,12.0,9.0,12.0,17.0,9.0,0.0,1.0,0.0,1.0,0.0,416.0,366.0,532.0,45.0,52.0,0.0,170.0,135.0,776.0,Ioan Lupescu,2,1990,1994,8,0.0,0.4639175257731959,0.23195876288659795,1.3917525773195878,1.0438144329896908,1.3917525773195878,1.0438144329896908,0.0,0.11597938144329897,0.11597938144329897,0.0,48.24742268041237,42.448453608247426,19.716494845360824,15.657216494845361,61.701030927835056
1420884,0.0,3,1.0,1.0,3.0,1.0,2.0,12.0,4.0,0.0,0.0,0.0,18.0,4.0,217.0,184.0,315.0,17.0,20.0,0.0,100.0,73.0,390.0,Michael Klein,1,1990,1990,4,0.0,0.6923076923076924,0.23076923076923078,0.6923076923076924,0.23076923076923078,0.46153846153846156,0.9230769230769231,0.0,0.0,4.153846153846154,0.9230769230769231,50.07692307692308,42.46153846153847,23.07692307692308,16.846153846153847,72.6923076923077
1420885,0.0,5,0.0,4.0,16.0,10.0,8.0,10.0,5.0,2.0,1.0,2.0,5.0,1.0,162.0,137.0,236.0,27.0,30.0,0.0,91.0,71.0,361.0,Ioan Sabau,1,1990,1990,4,0.0,1.2465373961218837,0.0,3.988919667590028,2.4930747922437675,1.994459833795014,1.2465373961218837,0.4986149584487535,0.24930747922437674,1.2465373961218837,0.24930747922437674,40.38781163434903,34.15512465373961,22.68698060941828,17.700831024930746,58.83656509695291
1420887,4.0,15,7.0,6.0,24.0,14.0,14.0,5.0,7.0,1.0,1.0,1.0,3.0,0.0,111.0,89.0,229.0,38.0,45.0,0.0,83.0,64.0,602.0,Florin Răducioiu,2,1990,1994,7,0.5980066445182725,2.2425249169435215,1.0465116279069766,3.5880398671096345,2.093023255813953,2.093023255813953,1.0465116279069766,0.14950166112956811,0.14950166112956811,0.4485049833887043,0.0,16.59468438538206,13.305647840531561,12.408637873754152,9.56810631229236,34.23588039867109
1420889,3.0,62,18.0,34.0,69.0,36.0,57.0,16.0,34.0,4.0,7.0,1.0,60.0,11.0,567.0,408.0,983.0,126.0,107.0,0.0,398.0,263.0,1039.0,Gheorghe Hagi,3,1990,1998,12,0.2598652550529355,5.370548604427334,1.5591915303176132,5.976900866217517,3.1183830606352263,4.937439846005775,2.9451395572666024,0.34648700673724736,0.6063522617901829,5.197305101058711,0.9528392685274303,49.11453320500481,35.34167468719923,34.475457170356115,22.781520692974013,85.14918190567853
1420895,2.0,11,6.0,3.0,24.0,9.0,13.0,4.0,17.0,3.0,2.0,2.0,8.0,2.0,177.0,156.0,287.0,32.0,41.0,0.0,120.0,102.0,541.0,Ilie Dumitrescu,3,1990,1998,8,0.33271719038817005,1.8299445471349354,0.9981515711645101,3.9926062846580406,1.4972273567467653,2.162661737523105,2.8280961182994453,0.49907578558225507,0.33271719038817005,1.3308687615526802,0.33271719038817005,29.44547134935305,25.951940850277264,19.963031423290204,16.96857670979667,47.7449168207024
1420904,0.0,2,0.0,1.0,2.0,1.0,1.0,4.0,2.0,0.0,0.0,0.0,8.0,1.0,78.0,60.0,127.0,15.0,13.0,0.0,43.0,30.0,270.0,Hussain Ghuloum Abbas,1,1990,1990,3,0.0,0.6666666666666666,0.0,0.6666666666666666,0.3333333333333333,0.3333333333333333,0.6666666666666666,0.0,0.0,2.6666666666666665,0.3333333333333333,26.0,20.0,14.333333333333334,10.0,42.333333333333336
1420905,0.0,3,1.0,0.0,0.0,0.0,1.0,3.0,5.0,0.0,1.0,0.0,11.0,2.0,129.0,96.0,169.0,4.0,12.0,0.0,60.0,40.0,270.0,Abdulrahman Abdullah,1,1990,1990,3,0.0,1.0,0.3333333333333333,0.0,0.0,0.3333333333333333,1.6666666666666667,0.0,0.3333333333333333,3.6666666666666665,0.6666666666666666,43.0,32.0,20.0,13.333333333333334,56.333333333333336
1420906,0.0,10,4.0,5.0,8.0,4.0,6.0,9.0,2.0,0.0,0.0,1.0,1.0,0.0,60.0,41.0,113.0,15.0,33.0,0.0,44.0,29.0,270.0,Adnan Khamees Al Taliyani,1,1990,1990,3,0.0,3.3333333333333335,1.3333333333333333,2.6666666666666665,1.3333333333333333,2.0,0.6666666666666666,0.0,0.0,0.3333333333333333,0.0,20.0,13.666666666666666,14.666666666666666,9.666666666666666,37.666666666666664
1420921,0.0,0,0.0,0.0,12.0,8.0,8.0,10.0,6.0,0.0,1.0,0.0,41.0,7.0,396.0,328.0,597.0,35.0,29.0,0.0,193.0,143.0,660.0,Luis Fernando Herrera,2,1990,1994,7,0.0,0.0,0.0,1.6363636363636365,1.090909090909091,1.090909090909091,0.8181818181818182,0.0,0.13636363636363638,5.590909090909091,0.9545454545454546,54.0,44.72727272727273,26.31818181818182,19.5,81.4090909090909
1420922,0.0,4,1.0,1.0,0.0,0.0,4.0,8.0,2.0,0.0,1.0,0.0,0.0,0.0,363.0,333.0,451.0,22.0,19.0,0.0,89.0,71.0,660.0,Andrés Escobar,2,1990,1994,7,0.0,0.5454545454545455,0.13636363636363638,0.0,0.0,0.5454545454545455,0.27272727272727276,0.0,0.13636363636363638,0.0,0.0,49.5,45.409090909090914,12.136363636363637,9.681818181818182,61.5
1420923,0.0,1,0.0,1.0,8.0,4.0,4.0,13.0,2.0,0.0,0.0,0.0,7.0,2.0,149.0,127.0,259.0,18.0,23.0,0.0,56.0,44.0,390.0,Gildardo Gómez,1,1990,1990,4,0.0,0.23076923076923078,0.0,1.8461538461538463,0.9230769230769231,0.9230769230769231,0.46153846153846156,0.0,0.0,1.6153846153846154,0.46153846153846156,34.38461538461539,29.30769230769231,12.923076923076923,10.153846153846155,59.769230769230774
1420924,0.0,0,0.0,0.0,4.0,2.0,3.0,11.0,0.0,0.0,0.0,0.0,1.0,0.0,223.0,192.0,289.0,30.0,26.0,0.0,55.0,33.0,570.0,Luis Carlos Perea,2,1990,1994,6,0.0,0.0,0.0,0.6315789473684211,0.31578947368421056,0.4736842105263158,0.0,0.0,0.0,0.15789473684210528,0.0,35.21052631578947,30.315789473684212,8.68421052631579,5.210526315789474,45.631578947368425
1420925,1.0,4,2.0,0.0,19.0,16.0,34.0,12.0,32.0,4.0,5.0,0.0,20.0,6.0,875.0,714.0,1054.0,69.0,74.0,0.0,665.0,523.0,930.0,Carlos Valderrama,3,1990,1998,10,0.0967741935483871,0.3870967741935484,0.1935483870967742,1.8387096774193548,1.5483870967741935,3.290322580645161,3.096774193548387,0.3870967741935484,0.48387096774193544,1.9354838709677418,0.5806451612903225,84.6774193548387,69.09677419354838,64.35483870967741,50.61290322580645,102.0
1420926,0.0,3,1.0,2.0,9.0,7.0,10.0,21.0,4.0,1.0,1.0,0.0,3.0,0.0,478.0,436.0,600.0,52.0,52.0,0.0,246.0,220.0,660.0,Leonel Álvarez,2,1990,1994,7,0.0,0.4090909090909091,0.13636363636363638,1.2272727272727273,0.9545454545454546,1.3636363636363638,0.5454545454545455,0.13636363636363638,0.13636363636363638,0.4090909090909091,0.0,65.18181818181819,59.45454545454546,33.54545454545455,30.0,81.81818181818183
1420927,1.0,32,9.0,16.0,49.0,28.0,22.0,15.0,14.0,0.0,1.0,4.0,13.0,3.0,530.0,440.0,765.0,75.0,83.0,1.0,356.0,277.0,875.0,Freddy Rincón,3,1990,1998,10,0.10285714285714287,3.291428571428572,0.9257142857142858,5.04,2.8800000000000003,2.262857142857143,1.4400000000000002,0.0,0.10285714285714287,1.3371428571428572,0.3085714285714286,54.51428571428572,45.25714285714286,36.61714285714286,28.491428571428575,78.6857142857143
1420928,0.0,4,0.0,2.0,8.0,4.0,1.0,17.0,5.0,0.0,0.0,0.0,2.0,0.0,283.0,242.0,349.0,24.0,41.0,0.0,160.0,128.0,440.0,Gabriel Gómez,2,1990,1994,5,0.0,0.8181818181818181,0.0,1.6363636363636362,0.8181818181818181,0.20454545454545453,1.0227272727272727,0.0,0.0,0.40909090909090906,0.0,57.88636363636363,49.49999999999999,32.72727272727273,26.18181818181818,71.38636363636363
1420936,0.0,1,1.0,0.0,4.0,2.0,4.0,0.0,2.0,0.0,0.0,0.0,2.0,1.0,165.0,134.0,228.0,19.0,12.0,0.0,78.0,60.0,270.0,Wilmer Cabrera,1,1998,1998,3,0.0,0.3333333333333333,0.3333333333333333,1.3333333333333333,0.6666666666666666,1.3333333333333333,0.6666666666666666,0.0,0.0,0.6666666666666666,0.3333333333333333,55.0,44.666666666666664,26.0,20.0,76.0
1420944,0.0,6,1.0,3.0,35.0,12.0,14.0,21.0,13.0,2.0,7.0,0.0,62.0,12.0,439.0,361.0,762.0,76.0,70.0,1.0,252.0,192.0,921.0,Jorginho,2,1990,1994,11,0.0,0.5863192182410424,0.09771986970684039,3.420195439739414,1.1726384364820848,1.3680781758957656,1.2703583061889252,0.19543973941368079,0.6840390879478828,6.058631921824105,1.1726384364820848,42.899022801302934,35.276872964169385,24.62540716612378,18.762214983713356,74.46254071661238
1420945,0.0,2,1.0,1.0,0.0,0.0,8.0,7.0,0.0,0.0,0.0,1.0,0.0,0.0,158.0,138.0,215.0,39.0,12.0,1.0,54.0,42.0,353.0,Ricardo Gomes,1,1990,1990,4,0.0,0.509915014164306,0.254957507082153,0.0,0.0,2.039660056657224,0.0,0.0,0.0,0.0,0.0,40.28328611898017,35.184135977337114,13.767705382436262,10.708215297450426,54.81586402266289
1420946,0.0,31,5.0,15.0,14.0,8.0,30.0,25.0,24.0,3.0,8.0,1.0,28.0,10.0,1550.0,1306.0,1951.0,151.0,120.0,1.0,991.0,787.0,1676.0,Dunga,3,1990,1998,18,0.0,1.6646778042959427,0.26849642004773266,0.7517899761336515,0.4295942720763723,1.610978520286396,1.2887828162291168,0.1610978520286396,0.4295942720763723,1.503579952267303,0.5369928400954653,83.23389021479713,70.13126491646777,53.21599045346062,42.26133651551312,104.76730310262529
1420948,0.0,4,1.0,2.0,4.0,4.0,8.0,17.0,1.0,0.0,1.0,1.0,2.0,0.0,660.0,558.0,849.0,66.0,53.0,0.0,202.0,133.0,1142.0,Aldair,2,1994,1998,13,0.0,0.3152364273204904,0.0788091068301226,0.3152364273204904,0.3152364273204904,0.6304728546409808,0.0788091068301226,0.0,0.0788091068301226,0.1576182136602452,0.0,52.01401050788091,43.97548161120841,15.919439579684765,10.481611208406305,66.90893169877408
1420950,6.0,32,15.0,13.0,24.0,15.0,18.0,12.0,29.0,4.0,7.0,4.0,50.0,11.0,407.0,336.0,593.0,52.0,53.0,2.0,335.0,273.0,1187.0,Bebeto,3,1990,1998,15,0.4549283909014322,2.426284751474305,1.1373209772535806,1.819713563605729,1.1373209772535806,1.3647851727042966,2.198820556023589,0.3032855939342881,0.5307497893850043,3.791069924178602,0.8340353833192924,30.859309182813817,25.475989890480204,25.40016849199663,20.699241786015165,44.962089300758215
1420951,5.0,40,22.0,14.0,39.0,20.0,16.0,6.0,10.0,1.0,1.0,12.0,4.0,1.0,215.0,167.0,399.0,43.0,71.0,1.0,184.0,136.0,726.0,Romário,2,1990,1994,8,0.6198347107438017,4.958677685950414,2.7272727272727275,4.834710743801653,2.479338842975207,1.9834710743801653,1.2396694214876034,0.12396694214876033,0.12396694214876033,0.49586776859504134,0.12396694214876033,26.65289256198347,20.702479338842977,22.8099173553719,16.859504132231404,49.46280991735537
1420955,0.0,4,1.0,2.0,13.0,7.0,9.0,4.0,10.0,0.0,0.0,1.0,16.0,2.0,324.0,279.0,439.0,32.0,37.0,0.0,214.0,176.0,385.0,Mazinho,1,1994,1994,6,0.0,0.935064935064935,0.23376623376623376,3.038961038961039,1.6363636363636365,2.103896103896104,2.3376623376623376,0.0,0.0,3.74025974025974,0.4675324675324675,75.74025974025975,65.22077922077922,50.02597402597403,41.142857142857146,102.62337662337663
1420959,0.0,0,0.0,0.0,5.0,4.0,8.0,10.0,12.0,2.0,2.0,0.0,10.0,5.0,517.0,415.0,686.0,51.0,32.0,0.0,304.0,221.0,930.0,Roland Nilsson,2,1990,1994,10,0.0,0.0,0.0,0.48387096774193544,0.3870967741935484,0.7741935483870968,1.161290322580645,0.1935483870967742,0.1935483870967742,0.9677419354838709,0.48387096774193544,50.03225806451613,40.16129032258064,29.419354838709676,21.387096774193548,66.38709677419355
1420960,0.0,1,1.0,0.0,9.0,3.0,11.0,4.0,7.0,0.0,0.0,0.0,13.0,5.0,104.0,76.0,177.0,21.0,27.0,0.0,78.0,53.0,270.0,Joakim Nilsson,1,1990,1990,3,0.0,0.3333333333333333,0.3333333333333333,3.0,1.0,3.6666666666666665,2.3333333333333335,0.0,0.0,4.333333333333333,1.6666666666666667,34.666666666666664,25.333333333333332,26.0,17.666666666666668,59.0
1420961,0.0,8,0.0,8.0,21.0,8.0,4.0,13.0,12.0,1.0,3.0,2.0,14.0,5.0,322.0,265.0,465.0,42.0,62.0,0.0,182.0,140.0,916.0,Klas Ingesson,2,1990,1994,10,0.0,0.7860262008733625,0.0,2.0633187772925767,0.7860262008733625,0.39301310043668125,1.1790393013100438,0.09825327510917031,0.29475982532751094,1.3755458515283843,0.49126637554585156,31.63755458515284,26.03711790393013,17.882096069868997,13.755458515283843,45.68777292576419
1420963,0.0,13,4.0,3.0,16.0,14.0,10.0,10.0,14.0,3.0,4.0,0.0,12.0,5.0,377.0,299.0,523.0,54.0,41.0,0.0,263.0,194.0,583.0,Jonas Thern,2,1990,1994,7,0.0,2.006861063464837,0.6174957118353345,2.469982847341338,2.1612349914236706,1.5437392795883362,2.1612349914236706,0.4631217838765008,0.6174957118353345,1.8524871355060033,0.7718696397941681,58.19897084048027,46.15780445969125,40.60034305317324,29.948542024013722,80.73756432246998
1420964,0.0,15,6.0,6.0,16.0,10.0,8.0,11.0,9.0,2.0,1.0,0.0,29.0,4.0,478.0,387.0,689.0,65.0,46.0,0.0,259.0,185.0,807.0,Stefan Schwarz,2,1990,1994,9,0.0,1.6728624535315986,0.6691449814126395,1.7843866171003717,1.1152416356877324,0.8921933085501859,1.003717472118959,0.22304832713754646,0.11152416356877323,3.2342007434944238,0.44609665427509293,53.30855018587361,43.15985130111524,28.88475836431227,20.63197026022305,76.84014869888476
1420965,1.0,3,1.0,1.0,1.0,0.0,5.0,12.0,7.0,0.0,1.0,0.0,27.0,7.0,345.0,258.0,493.0,29.0,21.0,0.0,196.0,126.0,641.0,Roger Ljung,2,1990,1994,7,0.140405616224649,0.421216848673947,0.140405616224649,0.140405616224649,0.0,0.702028081123245,0.982839313572543,0.0,0.140405616224649,3.790951638065523,0.982839313572543,48.439937597503906,36.22464898595944,27.5195007800312,17.691107644305774,69.21996879875195
1420966,4.0,25,14.0,9.0,19.0,17.0,23.0,9.0,18.0,3.0,6.0,2.0,30.0,12.0,329.0,237.0,531.0,58.0,54.0,0.0,239.0,161.0,875.0,Tomas Brolin,2,1990,1994,10,0.4114285714285715,2.5714285714285716,1.4400000000000002,1.9542857142857144,1.7485714285714287,2.365714285714286,1.8514285714285716,0.3085714285714286,0.6171428571428572,3.085714285714286,1.2342857142857144,33.84,24.37714285714286,24.582857142857144,16.560000000000002,54.61714285714286
1420980,0.0,29,5.0,11.0,38.0,24.0,25.0,22.0,39.0,6.0,10.0,0.0,82.0,25.0,555.0,479.0,909.0,101.0,95.0,0.0,372.0,302.0,1109.0,Thomas Häßler,3,1990,1998,14,0.0,2.3534715960324615,0.40577096483318303,3.083859332732191,1.9477006311992786,2.028854824165915,3.1650135256988277,0.48692515779981965,0.8115419296663661,6.654643823264202,2.028854824165915,45.04057709648332,38.87285843101893,30.189359783588817,24.508566275924256,73.76916140667268
1420981,1.0,7,2.0,4.0,5.0,4.0,3.0,5.0,7.0,0.0,1.0,0.0,12.0,4.0,160.0,134.0,224.0,16.0,19.0,0.0,102.0,77.0,293.0,Uwe Bein,1,1990,1990,4,0.30716723549488056,2.150170648464164,0.6143344709897611,1.5358361774744027,1.2286689419795223,0.9215017064846417,2.150170648464164,0.0,0.30716723549488056,3.6860068259385668,1.2286689419795223,49.14675767918089,41.160409556313994,31.331058020477816,23.651877133105803,68.80546075085324
1420982,0.0,1,0.0,1.0,6.0,1.0,12.0,5.0,10.0,2.0,3.0,0.0,15.0,3.0,271.0,240.0,380.0,29.0,29.0,0.0,132.0,107.0,499.0,Stefan Reuter,2,1990,1998,7,0.0,0.18036072144288579,0.0,1.0821643286573146,0.18036072144288579,2.164328657314629,1.8036072144288577,0.36072144288577157,0.5410821643286573,2.705410821643287,0.5410821643286573,48.877755511022045,43.28657314629259,23.80761523046092,19.29859719438878,68.5370741482966
1420983,0.0,16,4.0,11.0,8.0,6.0,15.0,26.0,9.0,2.0,2.0,4.0,11.0,3.0,407.0,350.0,610.0,104.0,62.0,2.0,173.0,127.0,930.0,Guido Buchwald,2,1990,1994,10,0.0,1.5483870967741935,0.3870967741935484,0.7741935483870968,0.5806451612903225,1.4516129032258063,0.8709677419354839,0.1935483870967742,0.1935483870967742,1.064516129032258,0.29032258064516125,39.387096774193544,33.87096774193548,16.741935483870968,12.29032258064516,59.03225806451613
1420984,11.0,54,26.0,24.0,44.0,27.0,31.0,21.0,22.0,1.0,4.0,14.0,20.0,3.0,340.0,251.0,616.0,105.0,119.0,2.0,245.0,163.0,1524.0,Jürgen Klinsmann,3,1990,1998,17,0.6496062992125984,3.188976377952756,1.5354330708661417,2.5984251968503935,1.594488188976378,1.830708661417323,1.2992125984251968,0.05905511811023622,0.23622047244094488,1.1811023622047243,0.17716535433070865,20.078740157480315,14.82283464566929,14.468503937007874,9.625984251968504,36.37795275590551
1420985,1.0,12,2.0,7.0,10.0,6.0,10.0,10.0,8.0,0.0,1.0,0.0,17.0,5.0,246.0,195.0,342.0,33.0,31.0,1.0,163.0,121.0,469.0,Andreas Möller,3,1990,1998,9,0.19189765458422176,2.302771855010661,0.3837953091684435,1.9189765458422174,1.1513859275053304,1.9189765458422174,1.535181236673774,0.0,0.19189765458422176,3.2622601279317696,0.9594882729211087,47.20682302771855,37.42004264392324,31.279317697228144,23.21961620469083,65.62899786780383
1420992,1.0,9,3.0,2.0,17.0,10.0,5.0,7.0,5.0,0.0,1.0,1.0,4.0,0.0,92.0,71.0,177.0,31.0,33.0,0.0,74.0,54.0,351.0,Karl-Heinz Riedle,2,1990,1994,6,0.25641025641025644,2.307692307692308,0.7692307692307693,4.3589743589743595,2.5641025641025643,1.2820512820512822,1.2820512820512822,0.0,0.25641025641025644,1.0256410256410258,0.0,23.58974358974359,18.205128205128204,18.974358974358974,13.846153846153847,45.38461538461539
1420995,2.0,8,4.0,4.0,5.0,4.0,7.0,5.0,5.0,0.0,0.0,0.0,0.0,0.0,207.0,179.0,305.0,31.0,18.0,0.0,92.0,66.0,510.0,Davor Jozić,1,1990,1990,5,0.3529411764705882,1.4117647058823528,0.7058823529411764,0.8823529411764706,0.7058823529411764,1.2352941176470587,0.8823529411764706,0.0,0.0,0.0,0.0,36.52941176470588,31.588235294117645,16.235294117647058,11.647058823529411,53.8235294117647
1420997,0.0,2,0.0,1.0,6.0,3.0,5.0,3.0,1.0,0.0,0.0,0.0,3.0,1.0,85.0,71.0,155.0,14.0,12.0,0.0,35.0,24.0,276.0,Zoran Vulić,1,1990,1990,4,0.0,0.6521739130434783,0.0,1.9565217391304346,0.9782608695652173,1.6304347826086956,0.32608695652173914,0.0,0.0,0.9782608695652173,0.32608695652173914,27.717391304347824,23.152173913043477,11.41304347826087,7.826086956521738,50.54347826086956
1420998,0.0,1,1.0,0.0,5.0,4.0,4.0,4.0,1.0,0.0,0.0,1.0,2.0,0.0,190.0,172.0,276.0,26.0,9.0,0.0,47.0,32.0,510.0,Faruk Hadžibegić,1,1990,1990,5,0.0,0.1764705882352941,0.1764705882352941,0.8823529411764706,0.7058823529411764,0.7058823529411764,0.1764705882352941,0.0,0.0,0.3529411764705882,0.0,33.529411764705884,30.352941176470587,8.294117647058822,5.647058823529411,48.705882352941174
1420999,0.0,1,0.0,1.0,3.0,1.0,5.0,13.0,0.0,0.0,0.0,0.0,0.0,0.0,119.0,96.0,196.0,25.0,23.0,0.0,34.0,20.0,510.0,Predrag Spasić,1,1990,1990,5,0.0,0.1764705882352941,0.0,0.5294117647058824,0.1764705882352941,0.8823529411764706,0.0,0.0,0.0,0.0,0.0,21.0,16.941176470588236,6.0,3.5294117647058822,34.588235294117645
1421000,3.0,14,4.0,9.0,64.0,42.0,36.0,12.0,28.0,2.0,10.0,0.0,46.0,18.0,367.0,301.0,619.0,95.0,66.0,0.0,259.0,206.0,789.0,Dragan Stojković,2,1990,1998,9,0.34220532319391633,1.5969581749049429,0.4562737642585551,7.3003802281368815,4.7908745247148286,4.106463878326996,3.1939163498098857,0.22813688212927755,1.1406844106463878,5.247148288973383,2.053231939163498,41.86311787072243,34.33460076045627,29.543726235741442,23.498098859315586,70.6083650190114
1421004,1.0,6,1.0,4.0,21.0,10.0,22.0,12.0,24.0,3.0,5.0,0.0,63.0,22.0,266.0,199.0,576.0,57.0,49.0,0.0,159.0,105.0,945.0,Robert Jarni,3,1990,2002,11,0.09523809523809523,0.5714285714285714,0.09523809523809523,2.0,0.9523809523809523,2.0952380952380953,2.2857142857142856,0.2857142857142857,0.47619047619047616,6.0,2.0952380952380953,25.333333333333332,18.952380952380953,15.142857142857142,10.0,54.857142857142854
1421006,3.0,9,3.0,5.0,9.0,7.0,6.0,3.0,8.0,0.0,0.0,0.0,18.0,6.0,242.0,211.0,331.0,23.0,20.0,0.0,130.0,104.0,515.0,Robert Prosinečki,3,1990,2002,9,0.5242718446601942,1.5728155339805825,0.5242718446601942,1.5728155339805825,1.2233009708737863,1.0485436893203883,1.3980582524271845,0.0,0.0,3.145631067961165,1.0485436893203883,42.29126213592233,36.87378640776699,22.718446601941746,18.174757281553397,57.84466019417476
1421008,6.0,34,11.0,19.0,35.0,14.0,17.0,14.0,9.0,0.0,1.0,5.0,13.0,3.0,162.0,109.0,326.0,48.0,66.0,1.0,114.0,67.0,694.0,Davor Šuker,2,1998,2002,8,0.7780979827089337,4.409221902017291,1.4265129682997117,4.538904899135447,1.8155619596541785,2.2046109510086453,1.1671469740634006,0.0,0.12968299711815562,1.685878962536023,0.38904899135446686,21.00864553314121,14.135446685878962,14.78386167146974,8.688760806916425,42.27665706051873
1421009,0.0,0,0.0,0.0,1.0,0.0,6.0,8.0,2.0,1.0,1.0,0.0,1.0,1.0,119.0,107.0,158.0,11.0,18.0,0.0,54.0,48.0,320.0,Refik Šabanadžović,1,1990,1990,4,0.0,0.0,0.0,0.28125,0.0,1.6875,0.5625,0.28125,0.28125,0.28125,0.28125,33.46875,30.09375,15.1875,13.5,44.4375
1421011,0.0,1,1.0,0.0,2.0,2.0,1.0,13.0,2.0,0.0,0.0,0.0,11.0,4.0,174.0,149.0,251.0,15.0,22.0,0.0,86.0,67.0,455.0,Dragoljub Brnović,1,1990,1990,5,0.0,0.19780219780219782,0.19780219780219782,0.39560439560439564,0.39560439560439564,0.19780219780219782,0.39560439560439564,0.0,0.0,2.175824175824176,0.7912087912087913,34.417582417582416,29.472527472527474,17.01098901098901,13.252747252747254,49.64835164835165
1421015,1.0,5,2.0,2.0,16.0,10.0,8.0,7.0,11.0,0.0,1.0,0.0,14.0,5.0,312.0,242.0,471.0,49.0,40.0,0.0,155.0,103.0,610.0,Paul Caligiuri,2,1990,1994,7,0.14754098360655737,0.7377049180327869,0.29508196721311475,2.360655737704918,1.4754098360655739,1.180327868852459,1.6229508196721312,0.0,0.14754098360655737,2.0655737704918034,0.7377049180327869,46.032786885245905,35.704918032786885,22.868852459016395,15.196721311475411,69.49180327868852
1421017,0.0,0,0.0,0.0,2.0,2.0,0.0,5.0,1.0,0.0,0.0,0.0,1.0,0.0,171.0,145.0,209.0,12.0,11.0,0.0,47.0,29.0,270.0,Michael Windischmann,1,1990,1990,3,0.0,0.0,0.0,0.6666666666666666,0.6666666666666666,0.0,0.3333333333333333,0.0,0.0,0.3333333333333333,0.0,57.0,48.333333333333336,15.666666666666666,9.666666666666666,69.66666666666667
1421019,0.0,14,3.0,6.0,30.0,12.0,15.0,7.0,6.0,0.0,0.0,0.0,23.0,4.0,223.0,150.0,395.0,45.0,39.0,1.0,129.0,72.0,540.0,John Harkes,2,1990,1994,6,0.0,2.3333333333333335,0.5,5.0,2.0,2.5,1.0,0.0,0.0,3.8333333333333335,0.6666666666666666,37.166666666666664,25.0,21.5,12.0,65.83333333333333
1421020,0.0,2,0.0,2.0,3.0,2.0,5.0,9.0,0.0,0.0,0.0,0.0,0.0,0.0,77.0,61.0,122.0,19.0,16.0,0.0,23.0,17.0,270.0,Desmond Armstrong,1,1990,1990,3,0.0,0.6666666666666666,0.0,1.0,0.6666666666666666,1.6666666666666667,0.0,0.0,0.0,0.0,0.0,25.666666666666668,20.333333333333332,7.666666666666667,5.666666666666667,40.666666666666664
1421021,0.0,8,3.0,3.0,5.0,4.0,14.0,4.0,2.0,0.0,0.0,2.0,5.0,0.0,56.0,40.0,110.0,25.0,27.0,0.0,32.0,19.0,270.0,Peter Vermes,1,1990,1990,3,0.0,2.6666666666666665,1.0,1.6666666666666667,1.3333333333333333,4.666666666666667,0.6666666666666666,0.0,0.0,1.6666666666666667,0.0,18.666666666666668,13.333333333333334,10.666666666666666,6.333333333333333,36.666666666666664
1421023,0.0,12,3.0,5.0,27.0,11.0,15.0,8.0,11.0,2.0,2.0,0.0,33.0,6.0,259.0,195.0,410.0,42.0,42.0,0.0,167.0,112.0,637.0,Tab Ramos,3,1990,1998,9,0.0,1.695447409733124,0.423861852433281,3.8147566718995294,1.554160125588697,2.119309262166405,1.554160125588697,0.282574568288854,0.282574568288854,4.662480376766092,0.847723704866562,36.59340659340659,27.551020408163268,23.59497645211931,15.824175824175825,57.927786499215074
1421024,0.0,4,0.0,4.0,2.0,1.0,7.0,9.0,0.0,0.0,0.0,1.0,0.0,0.0,158.0,126.0,272.0,29.0,20.0,0.0,54.0,32.0,574.0,Marcelo Balboa,3,1990,1998,8,0.0,0.627177700348432,0.0,0.313588850174216,0.156794425087108,1.097560975609756,0.0,0.0,0.0,0.0,0.0,24.773519163763066,19.756097560975608,8.466898954703833,5.017421602787456,42.648083623693374
1421035,0.0,1,0.0,1.0,3.0,2.0,2.0,5.0,2.0,0.0,0.0,0.0,0.0,0.0,105.0,90.0,161.0,25.0,15.0,0.0,38.0,29.0,360.0,Jan Kocian,1,1990,1990,4,0.0,0.25,0.0,0.75,0.5,0.5,0.5,0.0,0.0,0.0,0.0,26.25,22.5,9.5,7.25,40.25
1421037,0.0,4,0.0,2.0,3.0,3.0,9.0,6.0,2.0,0.0,0.0,1.0,4.0,3.0,155.0,138.0,249.0,37.0,16.0,0.0,65.0,53.0,450.0,Miroslav Kadlec,1,1990,1990,5,0.0,0.8,0.0,0.6,0.6,1.8,0.4,0.0,0.0,0.8,0.6,31.0,27.6,13.0,10.6,49.8
1421038,2.0,13,8.0,4.0,2.0,1.0,5.0,8.0,6.0,0.0,1.0,1.0,22.0,9.0,205.0,164.0,308.0,16.0,22.0,0.0,108.0,82.0,428.0,Michal Bilek,1,1990,1990,5,0.4205607476635514,2.7336448598130842,1.6822429906542056,0.4205607476635514,0.2102803738317757,1.0514018691588785,1.2616822429906542,0.0,0.2102803738317757,4.626168224299065,1.8925233644859814,43.10747663551402,34.48598130841121,22.710280373831775,17.242990654205606,64.76635514018692
1421039,1.0,15,5.0,6.0,10.0,8.0,9.0,12.0,9.0,0.0,2.0,1.0,13.0,5.0,124.0,91.0,220.0,33.0,28.0,0.0,89.0,65.0,350.0,Lubos Kubik,1,1990,1990,4,0.2571428571428572,3.857142857142857,1.2857142857142858,2.5714285714285716,2.0571428571428574,2.3142857142857145,2.3142857142857145,0.0,0.5142857142857143,3.342857142857143,1.2857142857142858,31.885714285714286,23.4,22.885714285714286,16.714285714285715,56.57142857142857
1421040,0.0,4,1.0,3.0,8.0,6.0,2.0,19.0,11.0,3.0,3.0,1.0,27.0,7.0,256.0,210.0,339.0,17.0,43.0,0.0,148.0,109.0,391.0,Jozef Chovanec,1,1990,1990,5,0.0,0.9207161125319694,0.23017902813299235,1.8414322250639388,1.381074168797954,0.4603580562659847,2.531969309462916,0.690537084398977,0.690537084398977,6.214833759590793,1.6112531969309465,58.92583120204604,48.337595907928396,34.066496163682864,25.089514066496164,78.03069053708441
1421041,0.0,14,4.0,7.0,31.0,19.0,11.0,14.0,7.0,3.0,4.0,1.0,22.0,6.0,131.0,97.0,256.0,40.0,49.0,1.0,89.0,61.0,423.0,Lubomir Moravcik,1,1990,1990,5,0.0,2.978723404255319,0.851063829787234,6.595744680851063,4.042553191489362,2.3404255319148937,1.4893617021276595,0.6382978723404255,0.851063829787234,4.680851063829787,1.276595744680851,27.872340425531913,20.638297872340424,18.93617021276596,12.97872340425532,54.46808510638298
1421042,1.0,10,3.0,6.0,8.0,3.0,13.0,11.0,12.0,0.0,1.0,3.0,10.0,4.0,168.0,141.0,280.0,29.0,39.0,0.0,93.0,71.0,450.0,Ivan Hasek,1,1990,1990,5,0.2,2.0,0.6,1.6,0.6,2.6,2.4,0.0,0.2,2.0,0.8,33.6,28.2,18.6,14.2,56.0
1421043,5.0,22,8.0,9.0,11.0,4.0,20.0,8.0,8.0,0.0,2.0,1.0,6.0,1.0,116.0,81.0,212.0,51.0,42.0,0.0,95.0,63.0,450.0,Tomas Skuhravy,1,1990,1990,5,1.0,4.4,1.6,2.2,0.8,4.0,1.6,0.0,0.4,1.2,0.2,23.2,16.2,19.0,12.6,42.4
1421044,0.0,9,6.0,3.0,19.0,4.0,10.0,9.0,10.0,0.0,1.0,1.0,22.0,3.0,84.0,65.0,179.0,27.0,45.0,0.0,62.0,46.0,429.0,Ivo Knoflicek,1,1990,1990,5,0.0,1.8881118881118881,1.2587412587412588,3.9860139860139863,0.8391608391608392,2.097902097902098,2.097902097902098,0.0,0.2097902097902098,4.615384615384616,0.6293706293706294,17.622377622377623,13.636363636363637,13.006993006993007,9.65034965034965,37.55244755244755
1421056,0.0,11,4.0,6.0,6.0,1.0,10.0,10.0,5.0,1.0,1.0,0.0,21.0,5.0,234.0,179.0,435.0,38.0,24.0,0.0,130.0,85.0,630.0,Stuart Pearce,1,1990,1990,6,0.0,1.5714285714285714,0.5714285714285714,0.8571428571428571,0.14285714285714285,1.4285714285714286,0.7142857142857143,0.14285714285714285,0.14285714285714285,3.0,0.7142857142857143,33.42857142857143,25.571428571428573,18.571428571428573,12.142857142857142,62.142857142857146
1421057,0.0,0,0.0,0.0,1.0,1.0,8.0,12.0,0.0,0.0,0.0,0.0,0.0,0.0,173.0,156.0,319.0,42.0,30.0,0.0,47.0,32.0,720.0,Des Walker,1,1990,1990,7,0.0,0.0,0.0,0.125,0.125,1.0,0.0,0.0,0.0,0.0,0.0,21.625,19.5,5.875,4.0,39.875
1421058,0.0,8,3.0,2.0,49.0,26.0,26.0,12.0,13.0,2.0,5.0,0.0,29.0,11.0,239.0,186.0,425.0,66.0,51.0,0.0,156.0,111.0,630.0,Paul Gascoigne,1,1990,1990,6,0.0,1.1428571428571428,0.42857142857142855,7.0,3.7142857142857144,3.7142857142857144,1.8571428571428572,0.2857142857142857,0.7142857142857143,4.142857142857143,1.5714285714285714,34.142857142857146,26.571428571428573,22.285714285714285,15.857142857142858,60.714285714285715
1421062,0.0,18,2.0,10.0,7.0,1.0,10.0,12.0,6.0,0.0,2.0,0.0,30.0,7.0,470.0,332.0,721.0,50.0,53.0,0.0,249.0,129.0,1083.0,Steve Staunton,3,1990,2002,13,0.0,1.4958448753462603,0.16620498614958448,0.5817174515235457,0.08310249307479224,0.8310249307479225,0.4986149584487535,0.0,0.16620498614958448,2.4930747922437675,0.5817174515235457,39.05817174515236,27.590027700831026,20.69252077562327,10.720221606648199,59.91689750692521
1421063,0.0,0,0.0,0.0,2.0,0.0,5.0,11.0,2.0,0.0,1.0,0.0,22.0,9.0,171.0,125.0,268.0,22.0,21.0,0.0,106.0,67.0,480.0,Chris Morris,1,1990,1990,5,0.0,0.0,0.0,0.375,0.0,0.9375,0.375,0.0,0.1875,4.125,1.6875,32.0625,23.4375,19.875,12.5625,50.25
1421065,0.0,1,0.0,1.0,1.0,1.0,2.0,21.0,1.0,0.0,0.0,0.0,3.0,0.0,176.0,115.0,273.0,42.0,33.0,0.0,98.0,44.0,480.0,Mick McCarthy,1,1990,1990,5,0.0,0.1875,0.0,0.1875,0.1875,0.375,0.1875,0.0,0.0,0.5625,0.0,33.0,21.5625,18.375,8.25,51.1875
1421066,0.0,12,3.0,6.0,8.0,4.0,10.0,17.0,3.0,0.0,0.0,0.0,8.0,1.0,287.0,190.0,447.0,61.0,45.0,0.0,154.0,82.0,840.0,Paul McGrath,2,1990,1994,9,0.0,1.2857142857142856,0.3214285714285714,0.8571428571428571,0.42857142857142855,1.0714285714285714,0.3214285714285714,0.0,0.0,0.8571428571428571,0.10714285714285714,30.749999999999996,20.357142857142854,16.5,8.785714285714285,47.89285714285714
1421067,0.0,14,5.0,6.0,12.0,5.0,10.0,10.0,13.0,0.0,0.0,1.0,14.0,2.0,283.0,209.0,432.0,56.0,52.0,0.0,197.0,137.0,822.0,Andy Townsend,2,1990,1994,9,0.0,1.5328467153284673,0.5474452554744526,1.3138686131386863,0.5474452554744526,1.094890510948905,1.4233576642335768,0.0,0.0,1.5328467153284673,0.21897810218978103,30.985401459854018,22.88321167883212,21.56934306569343,15.0,47.299270072992705
1421068,1.0,11,5.0,4.0,14.0,8.0,7.0,8.0,6.0,0.0,1.0,1.0,27.0,8.0,125.0,79.0,233.0,29.0,25.0,0.0,90.0,50.0,453.0,Kevin Sheedy,1,1990,1990,5,0.19867549668874174,2.185430463576159,0.9933774834437087,2.781456953642384,1.589403973509934,1.390728476821192,1.1920529801324504,0.0,0.19867549668874174,5.364238410596027,1.589403973509934,24.834437086092716,15.695364238410596,17.880794701986755,9.933774834437086,46.29139072847682
1421069,1.0,10,4.0,6.0,13.0,3.0,13.0,8.0,8.0,0.0,0.0,2.0,35.0,9.0,320.0,230.0,492.0,35.0,52.0,0.0,242.0,162.0,818.0,Ray Houghton,2,1990,1994,9,0.11002444987775062,1.1002444987775062,0.4400977995110025,1.430317848410758,0.33007334963325186,1.430317848410758,0.880195599022005,0.0,0.0,3.8508557457212715,0.9902200488997556,35.2078239608802,25.30562347188264,26.625916870415647,17.8239608801956,54.132029339853304
1421070,1.0,4,2.0,2.0,5.0,2.0,7.0,10.0,3.0,0.0,0.0,0.0,4.0,0.0,96.0,67.0,135.0,23.0,42.0,0.0,76.0,50.0,380.0,John Aldridge,2,1990,1994,8,0.23684210526315788,0.9473684210526315,0.47368421052631576,1.1842105263157894,0.47368421052631576,1.6578947368421053,0.7105263157894737,0.0,0.0,0.9473684210526315,0.0,22.736842105263158,15.868421052631579,18.0,11.842105263157894,31.973684210526315
1421074,0.0,2,1.0,1.0,9.0,6.0,3.0,12.0,0.0,0.0,0.0,0.0,1.0,1.0,126.0,109.0,213.0,33.0,23.0,0.0,40.0,26.0,360.0,Mauricio Montero,1,1990,1990,4,0.0,0.5,0.25,2.25,1.5,0.75,0.0,0.0,0.0,0.25,0.25,31.5,27.25,10.0,6.5,53.25
1421075,1.0,6,2.0,4.0,7.0,3.0,9.0,6.0,2.0,1.0,2.0,0.0,1.0,0.0,128.0,97.0,206.0,30.0,35.0,0.0,63.0,44.0,360.0,Rónald González,1,1990,1990,4,0.25,1.5,0.5,1.75,0.75,2.25,0.5,0.25,0.5,0.25,0.0,32.0,24.25,15.75,11.0,51.5
1421076,0.0,3,0.0,3.0,4.0,2.0,1.0,2.0,2.0,0.0,0.0,0.0,8.0,1.0,171.0,137.0,251.0,8.0,16.0,0.0,81.0,57.0,360.0,Jose Carlos Chavez,1,1990,1990,4,0.0,0.75,0.0,1.0,0.5,0.25,0.5,0.0,0.0,2.0,0.25,42.75,34.25,20.25,14.25,62.75
1421077,1.0,1,1.0,0.0,3.0,1.0,1.0,5.0,1.0,0.0,0.0,0.0,0.0,0.0,181.0,153.0,265.0,11.0,19.0,0.0,57.0,33.0,360.0,Roger Flores,1,1990,1990,4,0.25,0.25,0.25,0.75,0.25,0.25,0.25,0.0,0.0,0.0,0.0,45.25,38.25,14.25,8.25,66.25
1421078,0.0,1,0.0,1.0,16.0,5.0,4.0,6.0,7.0,1.0,0.0,0.0,6.0,3.0,134.0,97.0,208.0,13.0,43.0,0.0,78.0,48.0,360.0,Oscar Ramirez,1,1990,1990,4,0.0,0.25,0.0,4.0,1.25,1.0,1.75,0.25,0.0,1.5,0.75,33.5,24.25,19.5,12.0,52.0
1421080,0.0,1,0.0,1.0,7.0,2.0,2.0,0.0,2.0,0.0,0.0,0.0,7.0,1.0,165.0,132.0,231.0,9.0,15.0,0.0,64.0,41.0,320.0,German Chavarria,1,1990,1990,4,0.0,0.28125,0.0,1.96875,0.5625,0.5625,0.5625,0.0,0.0,1.96875,0.28125,46.40625,37.125,18.0,11.53125,64.96875
1421081,0.0,2,0.0,2.0,7.0,4.0,6.0,10.0,0.0,0.0,0.0,0.0,0.0,0.0,114.0,98.0,187.0,30.0,34.0,0.0,31.0,25.0,360.0,Hector Marchena,1,1990,1990,4,0.0,0.5,0.0,1.75,1.0,1.5,0.0,0.0,0.0,0.0,0.0,28.5,24.5,7.75,6.25,46.75
1421082,0.0,4,2.0,2.0,8.0,4.0,5.0,4.0,4.0,1.0,1.0,2.0,6.0,2.0,72.0,59.0,131.0,14.0,26.0,0.0,51.0,39.0,338.0,Claudio Jara,1,1990,1990,4,0.0,1.0650887573964498,0.5325443786982249,2.1301775147928996,1.0650887573964498,1.331360946745562,1.0650887573964498,0.26627218934911245,0.26627218934911245,1.5976331360946745,0.5325443786982249,19.171597633136095,15.710059171597633,13.579881656804734,10.384615384615385,34.88165680473373
1421083,1.0,6,2.0,2.0,14.0,7.0,9.0,3.0,4.0,1.0,1.0,1.0,16.0,5.0,133.0,101.0,216.0,28.0,42.0,0.0,74.0,48.0,349.0,Juan Cayasso,1,1990,1990,4,0.25787965616045844,1.5472779369627507,0.5157593123209169,3.6103151862464182,1.8051575931232091,2.320916905444126,1.0315186246418337,0.25787965616045844,0.25787965616045844,4.126074498567335,1.2893982808022924,34.297994269340975,26.045845272206304,19.083094555873924,12.378223495702006,55.702005730659025
1421094,0.0,4,0.0,2.0,2.0,1.0,2.0,10.0,1.0,1.0,0.0,0.0,1.0,0.0,120.0,89.0,181.0,20.0,15.0,0.0,51.0,24.0,270.0,David McPherson,1,1990,1990,3,0.0,1.3333333333333333,0.0,0.6666666666666666,0.3333333333333333,0.6666666666666666,0.3333333333333333,0.3333333333333333,0.0,0.3333333333333333,0.0,40.0,29.666666666666668,17.0,8.0,60.333333333333336
1421095,1.0,3,1.0,1.0,4.0,2.0,0.0,4.0,6.0,0.0,2.0,0.0,15.0,4.0,76.0,62.0,127.0,9.0,15.0,0.0,57.0,47.0,270.0,Stuart McCall,1,1990,1990,3,0.3333333333333333,1.0,0.3333333333333333,1.3333333333333333,0.6666666666666666,0.0,2.0,0.0,0.6666666666666666,5.0,1.3333333333333333,25.333333333333332,20.666666666666668,19.0,15.666666666666666,42.333333333333336
1421096,1.0,10,5.0,1.0,5.0,2.0,5.0,7.0,3.0,0.0,0.0,3.0,2.0,0.0,81.0,58.0,121.0,17.0,46.0,0.0,68.0,46.0,270.0,Mo Johnston,1,1990,1990,3,0.3333333333333333,3.3333333333333335,1.6666666666666667,1.6666666666666667,0.6666666666666666,1.6666666666666667,1.0,0.0,0.0,0.6666666666666666,0.0,27.0,19.333333333333332,22.666666666666668,15.333333333333334,40.333333333333336
1421100,1.0,10,2.0,3.0,9.0,6.0,5.0,0.0,6.0,0.0,1.0,0.0,20.0,2.0,159.0,143.0,246.0,21.0,23.0,0.0,100.0,86.0,270.0,John Collins,1,1998,1998,3,0.3333333333333333,3.3333333333333335,0.6666666666666666,3.0,2.0,1.6666666666666667,2.0,0.0,0.3333333333333333,6.666666666666667,0.6666666666666666,53.0,47.666666666666664,33.333333333333336,28.666666666666668,82.0
1421102,0.0,9,2.0,5.0,4.0,2.0,7.0,18.0,4.0,0.0,0.0,1.0,10.0,2.0,94.0,62.0,152.0,37.0,43.0,0.0,79.0,49.0,340.0,Gordon Durie,2,1990,1998,4,0.0,2.3823529411764706,0.5294117647058824,1.0588235294117647,0.5294117647058824,1.8529411764705883,1.0588235294117647,0.0,0.0,2.6470588235294117,0.5294117647058824,24.88235294117647,16.411764705882355,20.911764705882355,12.970588235294118,40.23529411764706
1421109,0.0,4,1.0,2.0,15.0,6.0,8.0,5.0,8.0,0.0,0.0,0.0,21.0,6.0,141.0,119.0,252.0,39.0,24.0,0.0,77.0,59.0,370.0,Marc Jozef Emmers,2,1990,1994,6,0.0,0.972972972972973,0.24324324324324326,3.648648648648649,1.4594594594594597,1.945945945945946,1.945945945945946,0.0,0.0,5.108108108108109,1.4594594594594597,34.2972972972973,28.945945945945947,18.72972972972973,14.351351351351353,61.297297297297305
1421110,0.0,8,3.0,3.0,4.0,3.0,1.0,4.0,2.0,1.0,1.0,0.0,3.0,0.0,100.0,82.0,144.0,11.0,17.0,1.0,62.0,47.0,271.0,Bruno Versavel,1,1990,1990,3,0.0,2.6568265682656826,0.996309963099631,1.3284132841328413,0.996309963099631,0.33210332103321033,0.6642066420664207,0.33210332103321033,0.33210332103321033,0.996309963099631,0.0,33.210332103321036,27.232472324723247,20.59040590405904,15.608856088560886,47.82287822878229
1421111,2.0,13,5.0,5.0,6.0,3.0,9.0,7.0,5.0,0.0,0.0,2.0,11.0,3.0,179.0,136.0,251.0,23.0,35.0,0.0,133.0,98.0,539.0,Marc Degryse,2,1990,1994,7,0.3339517625231911,2.170686456400742,0.8348794063079777,1.0018552875695732,0.5009276437847866,1.50278293135436,0.8348794063079777,0.0,0.0,1.836734693877551,0.5009276437847866,29.8886827458256,22.708719851576994,22.207792207792206,16.363636363636363,41.91094619666048
1421113,2.0,10,3.0,3.0,7.0,2.0,3.0,6.0,8.0,0.0,1.0,0.0,5.0,2.0,129.0,104.0,203.0,20.0,25.0,0.0,70.0,51.0,360.0,Philippe Albert,2,1990,1994,4,0.5,2.5,0.75,1.75,0.5,0.75,2.0,0.0,0.25,1.25,0.5,32.25,26.0,17.5,12.75,50.75
1421114,0.0,6,1.0,4.0,13.0,8.0,15.0,10.0,7.0,0.0,3.0,2.0,10.0,3.0,246.0,191.0,401.0,45.0,33.0,0.0,140.0,94.0,709.0,Lorenzo Staelens,3,1990,1998,8,0.0,0.7616361071932298,0.12693935119887165,1.6502115655853313,1.0155148095909732,1.9040902679830747,0.8885754583921015,0.0,0.3808180535966149,1.2693935119887165,0.3808180535966149,31.227080394922424,24.245416078984483,17.77150916784203,11.932299012693935,50.90267983074753
1421118,5.0,29,13.0,10.0,10.0,6.0,17.0,17.0,12.0,0.0,1.0,3.0,10.0,3.0,229.0,163.0,373.0,60.0,68.0,0.0,170.0,109.0,684.0,Marc Wilmots,3,1994,2002,8,0.6578947368421053,3.8157894736842106,1.7105263157894737,1.3157894736842106,0.7894736842105263,2.236842105263158,1.5789473684210527,0.0,0.13157894736842105,1.3157894736842106,0.39473684210526316,30.13157894736842,21.447368421052634,22.36842105263158,14.342105263157896,49.078947368421055
1421120,2.0,10,3.0,2.0,13.0,9.0,7.0,15.0,5.0,1.0,3.0,0.0,2.0,0.0,733.0,604.0,952.0,52.0,60.0,0.0,309.0,204.0,1408.0,Myung-Bo Hong,4,1990,2002,16,0.1278409090909091,0.6392045454545455,0.19176136363636365,0.8309659090909092,0.5752840909090909,0.4474431818181818,0.31960227272727276,0.06392045454545454,0.19176136363636365,0.1278409090909091,0.0,46.85369318181818,38.60795454545455,19.751420454545457,13.039772727272728,60.85227272727273
1421121,0.0,1,1.0,0.0,2.0,1.0,2.0,8.0,3.0,0.0,2.0,0.0,4.0,3.0,118.0,95.0,162.0,11.0,20.0,0.0,53.0,36.0,270.0,Kang Hee Choi,1,1990,1990,3,0.0,0.3333333333333333,0.3333333333333333,0.6666666666666666,0.3333333333333333,0.6666666666666666,1.0,0.0,0.6666666666666666,1.3333333333333333,1.0,39.333333333333336,31.666666666666668,17.666666666666668,12.0,54.0
1421124,2.0,27,11.0,10.0,23.0,9.0,13.0,21.0,7.0,0.0,3.0,6.0,10.0,1.0,177.0,116.0,311.0,60.0,72.0,1.0,144.0,89.0,651.0,Hwang Sun-Hong,3,1990,2002,10,0.2764976958525346,3.7327188940092166,1.5207373271889402,3.1797235023041472,1.2442396313364055,1.7972350230414746,0.967741935483871,0.0,0.4147465437788018,1.3824884792626728,0.1382488479262673,24.47004608294931,16.036866359447004,19.907834101382488,12.304147465437788,42.995391705069125
1421133,0.0,17,3.0,10.0,9.0,8.0,3.0,21.0,5.0,0.0,1.0,2.0,5.0,0.0,359.0,290.0,489.0,56.0,65.0,0.0,213.0,155.0,627.0,Frank Rijkaard,2,1990,1994,8,0.0,2.4401913875598087,0.43062200956937796,1.291866028708134,1.1483253588516746,0.43062200956937796,0.7177033492822966,0.0,0.14354066985645933,0.7177033492822966,0.0,51.5311004784689,41.6267942583732,30.574162679425836,22.248803827751196,70.19138755980862
1421134,0.0,1,0.0,1.0,3.0,2.0,3.0,9.0,2.0,0.0,1.0,0.0,3.0,0.0,154.0,129.0,222.0,27.0,20.0,0.0,80.0,59.0,360.0,Adri van Tiggelen,1,1990,1990,4,0.0,0.25,0.0,0.75,0.5,0.75,0.5,0.0,0.25,0.75,0.0,38.5,32.25,20.0,14.75,55.5
1421136,0.0,0,0.0,0.0,2.0,1.0,6.0,4.0,3.0,0.0,0.0,0.0,11.0,3.0,159.0,139.0,229.0,18.0,19.0,0.0,86.0,69.0,338.0,Berry van Aerle,1,1990,1990,4,0.0,0.0,0.0,0.5325443786982249,0.26627218934911245,1.5976331360946745,0.7988165680473372,0.0,0.0,2.9289940828402368,0.7988165680473372,42.337278106508876,37.01183431952663,22.899408284023668,18.37278106508876,60.976331360946745
1421137,1.0,22,8.0,7.0,2.0,2.0,3.0,12.0,9.0,1.0,2.0,0.0,9.0,2.0,640.0,546.0,758.0,32.0,29.0,0.0,293.0,214.0,810.0,Ronald Koeman,2,1990,1994,9,0.1111111111111111,2.4444444444444446,0.8888888888888888,0.2222222222222222,0.2222222222222222,0.3333333333333333,1.0,0.1111111111111111,0.2222222222222222,1.0,0.2222222222222222,71.11111111111111,60.666666666666664,32.55555555555556,23.77777777777778,84.22222222222223
1421138,0.0,9,1.0,7.0,7.0,5.0,10.0,16.0,6.0,0.0,0.0,0.0,7.0,1.0,339.0,275.0,447.0,37.0,40.0,0.0,211.0,161.0,720.0,Jan Wouters,2,1990,1994,8,0.0,1.125,0.125,0.875,0.625,1.25,0.75,0.0,0.0,0.875,0.125,42.375,34.375,26.375,20.125,55.875
1421139,1.0,14,1.0,10.0,13.0,11.0,9.0,5.0,5.0,0.0,1.0,2.0,12.0,2.0,121.0,99.0,205.0,32.0,24.0,0.0,77.0,56.0,360.0,Ruud Gullit,1,1990,1990,4,0.25,3.5,0.25,3.25,2.75,2.25,1.25,0.0,0.25,3.0,0.5,30.25,24.75,19.25,14.0,51.25
1421142,0.0,6,3.0,3.0,10.0,6.0,10.0,4.0,5.0,1.0,1.0,1.0,6.0,3.0,120.0,80.0,184.0,18.0,29.0,0.0,99.0,62.0,360.0,Marco van Basten,1,1990,1990,4,0.0,1.5,0.75,2.5,1.5,2.5,1.25,0.25,0.25,1.5,0.75,30.0,20.0,24.75,15.5,46.0
1421144,1.0,9,4.0,5.0,15.0,11.0,4.0,11.0,4.0,1.0,0.0,2.0,5.0,0.0,334.0,277.0,502.0,46.0,34.0,0.0,206.0,161.0,622.0,Aron Winter,3,1990,1998,8,0.14469453376205788,1.3022508038585208,0.5787781350482315,2.170418006430868,1.5916398713826365,0.5787781350482315,0.5787781350482315,0.14469453376205788,0.0,0.7234726688102894,0.0,48.32797427652733,40.08038585209003,29.80707395498392,23.295819935691316,72.63665594855306
1421155,0.0,1,0.0,0.0,3.0,1.0,3.0,2.0,0.0,0.0,0.0,0.0,5.0,0.0,96.0,72.0,158.0,13.0,16.0,0.0,41.0,25.0,270.0,Rabie Yassin,1,1990,1990,3,0.0,0.3333333333333333,0.0,1.0,0.3333333333333333,1.0,0.0,0.0,0.0,1.6666666666666667,0.0,32.0,24.0,13.666666666666666,8.333333333333334,52.666666666666664
1421156,0.0,0,0.0,0.0,5.0,2.0,5.0,9.0,4.0,0.0,1.0,0.0,6.0,2.0,122.0,96.0,219.0,17.0,22.0,0.0,59.0,39.0,270.0,Ibrahim Hassan,1,1990,1990,3,0.0,0.0,0.0,1.6666666666666667,0.6666666666666666,1.6666666666666667,1.3333333333333333,0.0,0.3333333333333333,2.0,0.6666666666666666,40.666666666666664,32.0,19.666666666666668,13.0,73.0
1421157,0.0,0,0.0,0.0,3.0,2.0,3.0,6.0,0.0,0.0,0.0,0.0,0.0,0.0,70.0,51.0,119.0,23.0,21.0,0.0,29.0,10.0,270.0,Hesham Yakan,1,1990,1990,3,0.0,0.0,0.0,1.0,0.6666666666666666,1.0,0.0,0.0,0.0,0.0,0.0,23.333333333333332,17.0,9.666666666666666,3.3333333333333335,39.666666666666664
1421158,0.0,0,0.0,0.0,0.0,0.0,2.0,1.0,1.0,0.0,0.0,0.0,2.0,0.0,118.0,88.0,178.0,7.0,4.0,0.0,42.0,16.0,270.0,Hany Ramzy,1,1990,1990,3,0.0,0.0,0.0,0.0,0.0,0.6666666666666666,0.3333333333333333,0.0,0.0,0.6666666666666666,0.0,39.333333333333336,29.333333333333332,14.0,5.333333333333333,59.333333333333336
1421159,1.0,10,3.0,4.0,5.0,3.0,3.0,3.0,1.0,0.0,0.0,0.0,0.0,0.0,144.0,98.0,199.0,18.0,19.0,0.0,64.0,40.0,270.0,Magdy Abed El Ghani,1,1990,1990,3,0.3333333333333333,3.3333333333333335,1.0,1.6666666666666667,1.0,1.0,0.3333333333333333,0.0,0.0,0.0,0.0,48.0,32.666666666666664,21.333333333333332,13.333333333333334,66.33333333333333
1421160,0.0,0,0.0,0.0,4.0,0.0,10.0,4.0,3.0,0.0,0.0,0.0,3.0,1.0,99.0,76.0,147.0,21.0,16.0,0.0,65.0,50.0,270.0,Ismail Youssef,1,1990,1990,3,0.0,0.0,0.0,1.3333333333333333,0.0,3.3333333333333335,1.0,0.0,0.0,1.0,0.3333333333333333,33.0,25.333333333333332,21.666666666666668,16.666666666666668,49.0
1421176,0.0,1,0.0,1.0,1.0,1.0,9.0,5.0,2.0,1.0,1.0,0.0,3.0,1.0,117.0,92.0,208.0,35.0,19.0,0.0,61.0,45.0,360.0,Alfonso Domínguez,1,1990,1990,4,0.0,0.25,0.0,0.25,0.25,2.25,0.5,0.25,0.25,0.75,0.25,29.25,23.0,15.25,11.25,52.0
1421177,0.0,0,0.0,0.0,4.0,2.0,3.0,3.0,2.0,1.0,0.0,0.0,1.0,1.0,181.0,135.0,235.0,22.0,11.0,0.0,108.0,68.0,360.0,Hugo De León,1,1990,1990,4,0.0,0.0,0.0,1.0,0.5,0.75,0.5,0.25,0.0,0.25,0.25,45.25,33.75,27.0,17.0,58.75
1421178,0.0,5,1.0,4.0,4.0,0.0,4.0,8.0,1.0,0.0,0.0,1.0,4.0,2.0,109.0,81.0,173.0,18.0,23.0,0.0,69.0,43.0,270.0,José Herrera,1,1990,1990,3,0.0,1.6666666666666667,0.3333333333333333,1.3333333333333333,0.0,1.3333333333333333,0.3333333333333333,0.0,0.0,1.3333333333333333,0.6666666666666666,36.333333333333336,27.0,23.0,14.333333333333334,57.666666666666664
1421179,0.0,14,6.0,4.0,3.0,2.0,9.0,17.0,3.0,0.0,0.0,0.0,5.0,0.0,145.0,117.0,215.0,21.0,30.0,0.0,98.0,72.0,360.0,José Battle Perdomo,1,1990,1990,4,0.0,3.5,1.5,0.75,0.5,2.25,0.75,0.0,0.0,1.25,0.0,36.25,29.25,24.5,18.0,53.75
1421181,0.0,7,1.0,3.0,10.0,4.0,15.0,3.0,9.0,0.0,2.0,1.0,20.0,6.0,77.0,60.0,158.0,21.0,29.0,0.0,64.0,48.0,277.0,Rubén Sosa,1,1990,1990,4,0.0,2.2743682310469313,0.3249097472924188,3.2490974729241877,1.2996389891696751,4.873646209386282,2.9241877256317688,0.0,0.6498194945848376,6.498194945848375,1.9494584837545126,25.018050541516246,19.494584837545126,20.794223826714802,15.5956678700361,51.335740072202164
1421192,0.0,2,1.0,0.0,8.0,5.0,8.0,8.0,1.0,0.0,0.0,0.0,2.0,0.0,161.0,153.0,222.0,21.0,22.0,0.0,52.0,47.0,390.0,Manolo Sanchís,1,1990,1990,4,0.0,0.46153846153846156,0.23076923076923078,1.8461538461538463,1.153846153846154,1.8461538461538463,0.23076923076923078,0.0,0.0,0.46153846153846156,0.0,37.15384615384615,35.30769230769231,12.0,10.846153846153847,51.23076923076923
1421193,0.0,5,2.0,2.0,15.0,8.0,5.0,12.0,4.0,1.0,1.0,0.0,16.0,5.0,120.0,91.0,236.0,30.0,30.0,0.0,69.0,51.0,379.0,Javier Villaroya,1,1990,1990,4,0.0,1.1873350923482848,0.47493403693931396,3.5620052770448547,1.8997361477572559,1.1873350923482848,0.9498680738786279,0.23746701846965698,0.23746701846965698,3.7994722955145117,1.1873350923482848,28.496042216358838,21.609498680738785,16.385224274406333,12.110817941952506,56.04221635883905
1421196,0.0,10,1.0,8.0,5.0,2.0,6.0,11.0,2.0,1.0,1.0,0.0,1.0,1.0,159.0,126.0,232.0,24.0,30.0,0.0,91.0,67.0,381.0,Robert Fernández,1,1990,1990,4,0.0,2.3622047244094486,0.23622047244094488,1.1811023622047243,0.47244094488188976,1.4173228346456692,0.47244094488188976,0.23622047244094488,0.23622047244094488,0.23622047244094488,0.23622047244094488,37.55905511811024,29.763779527559056,21.496062992125985,15.826771653543307,54.803149606299215
1421197,0.0,10,3.0,5.0,37.0,23.0,15.0,8.0,3.0,0.0,3.0,0.0,19.0,7.0,186.0,143.0,323.0,46.0,34.0,0.0,123.0,88.0,390.0,Rafael Martin-Vasquez,1,1990,1990,4,0.0,2.307692307692308,0.6923076923076924,8.538461538461538,5.307692307692308,3.4615384615384617,0.6923076923076924,0.0,0.6923076923076924,4.384615384615385,1.6153846153846154,42.92307692307693,33.0,28.384615384615387,20.30769230769231,74.53846153846155
1421204,1.0,3,2.0,0.0,0.0,0.0,4.0,5.0,1.0,0.0,0.0,1.0,0.0,0.0,108.0,89.0,150.0,20.0,18.0,1.0,36.0,22.0,311.0,Alberto Gorriz,1,1990,1990,4,0.28938906752411575,0.8681672025723473,0.5787781350482315,0.0,0.0,1.157556270096463,0.28938906752411575,0.0,0.0,0.0,0.0,31.2540192926045,25.7556270096463,10.418006430868166,6.366559485530546,43.40836012861736
1421207,5.0,31,8.0,15.0,8.0,6.0,9.0,14.0,7.0,2.0,3.0,1.0,11.0,2.0,585.0,443.0,797.0,101.0,60.0,0.0,345.0,240.0,1016.0,Fernando Hierro,3,1994,2002,12,0.44291338582677164,2.7460629921259843,0.7086614173228346,0.7086614173228346,0.5314960629921259,0.7972440944881889,0.6200787401574803,0.17716535433070865,0.26574803149606296,0.9744094488188976,0.17716535433070865,51.82086614173228,39.24212598425196,30.56102362204724,21.259842519685037,70.6003937007874
1421208,0.0,13,2.0,7.0,4.0,3.0,7.0,13.0,1.0,0.0,0.0,0.0,1.0,0.0,144.0,114.0,237.0,33.0,20.0,0.0,67.0,42.0,510.0,José Tiburcio Serrizuela,1,1990,1990,5,0.0,2.2941176470588234,0.3529411764705882,0.7058823529411764,0.5294117647058824,1.2352941176470587,0.1764705882352941,0.0,0.0,0.1764705882352941,0.0,25.41176470588235,20.11764705882353,11.823529411764705,7.411764705882352,41.8235294117647
1421209,1.0,1,1.0,0.0,0.0,0.0,2.0,14.0,0.0,0.0,0.0,0.0,0.0,0.0,66.0,54.0,99.0,12.0,22.0,0.0,23.0,11.0,279.0,Pedro Monzon,1,1990,1990,4,0.3225806451612903,0.3225806451612903,0.3225806451612903,0.0,0.0,0.6451612903225806,0.0,0.0,0.0,0.0,0.0,21.29032258064516,17.419354838709676,7.419354838709677,3.5483870967741935,31.93548387096774
1421210,1.0,6,4.0,2.0,10.0,4.0,11.0,11.0,2.0,0.0,0.0,1.0,4.0,0.0,150.0,118.0,232.0,22.0,28.0,0.0,85.0,60.0,439.0,Pedro Troglio,1,1990,1990,6,0.20501138952164008,1.2300683371298404,0.8200455580865603,2.0501138952164006,0.8200455580865603,2.2551252847380407,0.41002277904328016,0.0,0.0,0.8200455580865603,0.0,30.751708428246012,24.19134396355353,17.425968109339408,12.300683371298405,47.562642369020494
1421215,0.0,0,0.0,0.0,0.0,0.0,6.0,13.0,2.0,1.0,1.0,0.0,1.0,0.0,69.0,58.0,123.0,24.0,22.0,0.0,22.0,17.0,300.0,Jules Denis Onana,1,1990,1990,3,0.0,0.0,0.0,0.0,0.0,1.7999999999999998,0.6,0.3,0.3,0.3,0.0,20.7,17.4,6.6,5.1,36.9
1421223,1.0,5,3.0,1.0,3.0,1.0,1.0,9.0,2.0,0.0,0.0,0.0,1.0,0.0,270.0,231.0,375.0,46.0,22.0,0.0,86.0,57.0,612.0,Mark Wright,1,1990,1990,6,0.14705882352941177,0.7352941176470589,0.4411764705882353,0.4411764705882353,0.14705882352941177,0.14705882352941177,0.29411764705882354,0.0,0.0,0.14705882352941177,0.0,39.705882352941174,33.970588235294116,12.647058823529411,8.382352941176471,55.14705882352941
1421224,0.0,2,1.0,1.0,8.0,4.0,9.0,12.0,4.0,0.0,1.0,0.0,14.0,4.0,218.0,169.0,367.0,33.0,34.0,0.0,110.0,69.0,630.0,Paul Parker,1,1990,1990,6,0.0,0.2857142857142857,0.14285714285714285,1.1428571428571428,0.5714285714285714,1.2857142857142858,0.5714285714285714,0.0,0.14285714285714285,2.0,0.5714285714285714,31.142857142857142,24.142857142857142,15.714285714285714,9.857142857142858,52.42857142857143
1421227,3.0,10,3.0,7.0,13.0,10.0,5.0,7.0,1.0,0.0,0.0,1.0,2.0,0.0,99.0,77.0,173.0,39.0,26.0,0.0,60.0,40.0,406.0,David Platt,1,1990,1990,6,0.6650246305418719,2.2167487684729066,0.6650246305418719,2.8817733990147785,2.2167487684729066,1.1083743842364533,0.22167487684729065,0.0,0.0,0.4433497536945813,0.0,21.945812807881772,17.06896551724138,13.300492610837438,8.866995073891626,38.34975369458128
1421231,0.0,10,1.0,7.0,9.0,3.0,7.0,6.0,3.0,0.0,0.0,2.0,14.0,1.0,201.0,162.0,290.0,23.0,25.0,1.0,128.0,96.0,371.0,John Sheridan,2,1990,1994,5,0.0,2.4258760107816713,0.24258760107816715,2.183288409703504,0.7277628032345014,1.69811320754717,0.7277628032345014,0.0,0.0,3.39622641509434,0.24258760107816715,48.760107816711596,39.299191374663074,31.051212938005396,23.288409703504044,70.35040431266847
1421237,1.0,12,3.0,9.0,4.0,1.0,11.0,19.0,7.0,1.0,3.0,2.0,2.0,1.0,126.0,71.0,194.0,42.0,50.0,0.0,111.0,57.0,395.0,Niall Quinn,2,1990,2002,7,0.22784810126582278,2.7341772151898733,0.6835443037974683,0.9113924050632911,0.22784810126582278,2.5063291139240502,1.5949367088607593,0.22784810126582278,0.6835443037974683,0.45569620253164556,0.22784810126582278,28.708860759493668,16.177215189873415,25.291139240506325,12.987341772151897,44.202531645569614
1421239,0.0,1,1.0,0.0,6.0,3.0,11.0,2.0,2.0,0.0,1.0,0.0,3.0,0.0,150.0,119.0,238.0,38.0,24.0,0.0,82.0,59.0,360.0,Matthias Sammer,1,1994,1994,4,0.0,0.25,0.25,1.5,0.75,2.75,0.5,0.0,0.25,0.75,0.0,37.5,29.75,20.5,14.75,59.5
1421245,0.0,1,0.0,1.0,2.0,0.0,2.0,4.0,3.0,0.0,0.0,0.0,2.0,0.0,140.0,122.0,202.0,23.0,15.0,0.0,70.0,57.0,322.0,Thomas Helmer,2,1994,1998,5,0.0,0.2795031055900621,0.0,0.5590062111801242,0.0,0.5590062111801242,0.8385093167701863,0.0,0.0,0.5590062111801242,0.0,39.130434782608695,34.099378881987576,19.565217391304348,15.93167701863354,56.45962732919254
1421250,0.0,0,0.0,0.0,5.0,3.0,4.0,4.0,2.0,0.0,0.0,0.0,3.0,0.0,172.0,147.0,253.0,22.0,13.0,0.0,89.0,70.0,270.0,Miguel Ángel Rimba,1,1994,1994,3,0.0,0.0,0.0,1.6666666666666667,1.0,1.3333333333333333,0.6666666666666666,0.0,0.0,1.0,0.0,57.333333333333336,49.0,29.666666666666668,23.333333333333332,84.33333333333333
1421252,1.0,18,5.0,7.0,21.0,12.0,12.0,5.0,7.0,0.0,1.0,0.0,22.0,5.0,140.0,103.0,248.0,27.0,38.0,0.0,106.0,72.0,270.0,Platini Sánchez,1,1994,1994,3,0.3333333333333333,6.0,1.6666666666666667,7.0,4.0,4.0,2.3333333333333335,0.0,0.3333333333333333,7.333333333333333,1.6666666666666667,46.666666666666664,34.333333333333336,35.333333333333336,24.0,82.66666666666667
1421254,0.0,1,0.0,1.0,3.0,0.0,4.0,6.0,3.0,0.0,0.0,0.0,3.0,0.0,94.0,80.0,149.0,12.0,19.0,0.0,54.0,41.0,270.0,Carlos Borja,1,1994,1994,3,0.0,0.3333333333333333,0.0,1.0,0.0,1.3333333333333333,1.0,0.0,0.0,1.0,0.0,31.333333333333332,26.666666666666668,18.0,13.666666666666666,49.666666666666664
1421255,0.0,2,0.0,2.0,10.0,5.0,3.0,2.0,3.0,0.0,0.0,0.0,2.0,0.0,221.0,181.0,275.0,18.0,21.0,0.0,135.0,102.0,270.0,José Milton Melgar,1,1994,1994,3,0.0,0.6666666666666666,0.0,3.3333333333333335,1.6666666666666667,1.0,1.0,0.0,0.0,0.6666666666666666,0.0,73.66666666666667,60.333333333333336,45.0,34.0,91.66666666666667
1421268,0.0,4,0.0,3.0,2.0,1.0,8.0,12.0,1.0,0.0,1.0,0.0,1.0,0.0,403.0,321.0,538.0,71.0,37.0,0.0,171.0,119.0,762.0,Miguel Ángel Nadal,3,1994,2002,9,0.0,0.47244094488188976,0.0,0.23622047244094488,0.11811023622047244,0.9448818897637795,0.11811023622047244,0.0,0.11811023622047244,0.11811023622047244,0.0,47.59842519685039,37.91338582677165,20.19685039370079,14.05511811023622,63.54330708661417
1421269,0.0,0,0.0,0.0,12.0,5.0,3.0,14.0,6.0,2.0,3.0,0.0,15.0,5.0,182.0,152.0,345.0,28.0,36.0,0.0,82.0,60.0,495.0,Albert Ferrer,2,1994,1998,6,0.0,0.0,0.0,2.1818181818181817,0.9090909090909091,0.5454545454545454,1.0909090909090908,0.36363636363636365,0.5454545454545454,2.727272727272727,0.9090909090909091,33.09090909090909,27.636363636363637,14.909090909090908,10.909090909090908,62.72727272727273
1421270,0.0,6,3.0,3.0,26.0,11.0,7.0,13.0,10.0,3.0,3.0,1.0,30.0,7.0,298.0,226.0,503.0,40.0,56.0,0.0,194.0,143.0,689.0,Sergi Barjuán,2,1994,1998,8,0.0,0.7837445573294629,0.39187227866473145,3.3962264150943393,1.436865021770682,0.9143686502177067,1.3062409288824384,0.39187227866473145,0.39187227866473145,3.9187227866473147,0.9143686502177067,38.92597968069666,29.521044992743104,25.3410740203193,18.67924528301887,65.70391872278664
1421271,2.0,10,6.0,3.0,13.0,9.0,7.0,9.0,8.0,1.0,2.0,2.0,33.0,9.0,81.0,59.0,191.0,22.0,29.0,1.0,49.0,33.0,397.0,Jon Andoni Goikoetxea,1,1994,1994,5,0.4534005037783375,2.2670025188916876,1.3602015113350125,2.947103274559194,2.040302267002519,1.5869017632241813,1.81360201511335,0.22670025188916876,0.4534005037783375,7.481108312342569,2.040302267002519,18.362720403022667,13.375314861460955,11.108312342569269,7.481108312342569,43.29974811083123
1421272,0.0,7,0.0,5.0,0.0,0.0,6.0,10.0,0.0,0.0,0.0,1.0,0.0,0.0,191.0,154.0,283.0,37.0,23.0,0.0,87.0,58.0,506.0,Fernández Abelardo,2,1994,1998,6,0.0,1.2450592885375495,0.0,0.0,0.0,1.0671936758893281,0.0,0.0,0.0,0.0,0.0,33.97233201581028,27.39130434782609,15.474308300395258,10.316205533596838,50.33596837944665
1421273,2.0,21,7.0,8.0,39.0,17.0,28.0,16.0,14.0,1.0,3.0,2.0,14.0,2.0,362.0,305.0,605.0,88.0,93.0,0.0,239.0,189.0,897.0,Luis Enrique,3,1994,2002,12,0.20066889632107024,2.1070234113712374,0.7023411371237458,3.9130434782608696,1.705685618729097,2.809364548494983,1.4046822742474916,0.10033444816053512,0.3010033444816054,1.4046822742474916,0.20066889632107024,36.32107023411371,30.60200668896321,23.97993311036789,18.963210702341136,60.702341137123746
1421276,3.0,12,6.0,3.0,21.0,12.0,2.0,11.0,5.0,1.0,1.0,2.0,5.0,1.0,137.0,101.0,222.0,32.0,38.0,1.0,90.0,63.0,315.0,José Luis Caminero,1,1994,1994,4,0.8571428571428571,3.4285714285714284,1.7142857142857142,6.0,3.4285714285714284,0.5714285714285714,1.4285714285714286,0.2857142857142857,0.2857142857142857,1.4285714285714286,0.2857142857142857,39.142857142857146,28.857142857142858,25.714285714285715,18.0,63.42857142857143
1421284,0.0,3,0.0,2.0,4.0,2.0,3.0,6.0,1.0,0.0,0.0,0.0,11.0,1.0,138.0,109.0,206.0,15.0,16.0,0.0,73.0,54.0,270.0,Hong Ji Shin,1,1994,1994,3,0.0,1.0,0.0,1.3333333333333333,0.6666666666666666,1.0,0.3333333333333333,0.0,0.0,3.6666666666666665,0.3333333333333333,46.0,36.333333333333336,24.333333333333332,18.0,68.66666666666667
1421285,0.0,1,0.0,1.0,2.0,0.0,1.0,6.0,2.0,1.0,1.0,0.0,0.0,0.0,126.0,100.0,173.0,18.0,14.0,0.0,39.0,24.0,270.0,Jung Bea Park,1,1994,1994,3,0.0,0.3333333333333333,0.0,0.6666666666666666,0.0,0.3333333333333333,0.6666666666666666,0.3333333333333333,0.3333333333333333,0.0,0.0,42.0,33.333333333333336,13.0,8.0,57.666666666666664
1421286,0.0,1,0.0,0.0,3.0,1.0,5.0,5.0,4.0,0.0,1.0,0.0,16.0,3.0,134.0,98.0,206.0,17.0,14.0,0.0,73.0,45.0,270.0,Pan Keun Kim,1,1994,1994,3,0.0,0.3333333333333333,0.0,1.0,0.3333333333333333,1.6666666666666667,1.3333333333333333,0.0,0.3333333333333333,5.333333333333333,1.0,44.666666666666664,32.666666666666664,24.333333333333332,15.0,68.66666666666667
1421287,0.0,1,1.0,0.0,0.0,0.0,5.0,11.0,4.0,0.0,0.0,0.0,1.0,0.0,125.0,101.0,173.0,13.0,21.0,0.0,61.0,43.0,289.0,Young Il Choi,2,1994,1998,4,0.0,0.31141868512110726,0.31141868512110726,0.0,0.0,1.5570934256055362,1.245674740484429,0.0,0.0,0.31141868512110726,0.0,38.92733564013841,31.453287197231834,18.99653979238754,13.391003460207612,53.87543252595155
1421289,0.0,6,4.0,1.0,18.0,9.0,7.0,6.0,10.0,0.0,1.0,1.0,25.0,10.0,103.0,83.0,185.0,25.0,24.0,0.0,66.0,50.0,270.0,Ko Jeong-Woon,1,1994,1994,3,0.0,2.0,1.3333333333333333,6.0,3.0,2.3333333333333335,3.3333333333333335,0.0,0.3333333333333333,8.333333333333334,3.3333333333333335,34.333333333333336,27.666666666666668,22.0,16.666666666666668,61.666666666666664
1421294,1.0,11,5.0,5.0,25.0,10.0,5.0,2.0,4.0,0.0,2.0,2.0,7.0,2.0,74.0,54.0,146.0,22.0,27.0,0.0,53.0,36.0,327.0,Seo Jung-Won,2,1994,1998,6,0.27522935779816515,3.0275229357798166,1.3761467889908257,6.8807339449541285,2.7522935779816513,1.3761467889908257,1.1009174311926606,0.0,0.5504587155963303,1.926605504587156,0.5504587155963303,20.36697247706422,14.862385321100918,14.587155963302752,9.908256880733944,40.18348623853211
1421300,0.0,7,0.0,4.0,8.0,2.0,3.0,3.0,3.0,1.0,0.0,0.0,9.0,2.0,178.0,161.0,246.0,8.0,12.0,0.0,93.0,78.0,270.0,Wilson Enrique Pérez,1,1994,1994,3,0.0,2.3333333333333335,0.0,2.6666666666666665,0.6666666666666666,1.0,1.0,0.3333333333333333,0.0,3.0,0.6666666666666666,59.333333333333336,53.666666666666664,31.0,26.0,82.0
1421301,2.0,14,6.0,5.0,13.0,5.0,9.0,11.0,10.0,0.0,0.0,0.0,4.0,1.0,138.0,112.0,236.0,21.0,54.0,0.0,114.0,88.0,346.0,Adolfo Valencia,2,1994,1998,6,0.5202312138728323,3.6416184971098264,1.560693641618497,3.3815028901734103,1.300578034682081,2.3410404624277454,2.601156069364162,0.0,0.0,1.0404624277456647,0.26011560693641617,35.895953757225435,29.13294797687861,29.653179190751445,22.890173410404625,61.387283236994215
1421302,0.0,7,4.0,1.0,28.0,16.0,12.0,8.0,5.0,1.0,0.0,0.0,10.0,2.0,131.0,105.0,236.0,36.0,42.0,0.0,103.0,78.0,310.0,Faustino Asprilla,2,1994,1998,4,0.0,2.032258064516129,1.161290322580645,8.129032258064516,4.64516129032258,3.4838709677419355,1.4516129032258063,0.29032258064516125,0.0,2.9032258064516125,0.5806451612903225,38.03225806451613,30.483870967741932,29.903225806451612,22.64516129032258,68.51612903225806
1421307,1.0,11,4.0,5.0,13.0,10.0,5.0,5.0,2.0,0.0,0.0,0.0,1.0,0.0,219.0,189.0,280.0,28.0,13.0,0.0,134.0,107.0,281.0,Harold Lozano,2,1994,1998,4,0.3202846975088968,3.5231316725978647,1.2811387900355873,4.1637010676156585,3.202846975088968,1.601423487544484,0.6405693950177936,0.0,0.0,0.3202846975088968,0.0,70.14234875444839,60.53380782918149,42.91814946619217,34.270462633451956,89.6797153024911
1421312,0.0,1,0.0,1.0,1.0,1.0,2.0,17.0,0.0,0.0,0.0,0.0,0.0,0.0,161.0,121.0,250.0,30.0,31.0,0.0,58.0,34.0,480.0,Daniel Prodan,1,1994,1994,5,0.0,0.1875,0.0,0.1875,0.1875,0.375,0.0,0.0,0.0,0.0,0.0,30.1875,22.6875,10.875,6.375,46.875
1421313,0.0,1,1.0,0.0,3.0,2.0,2.0,5.0,1.0,0.0,0.0,0.0,0.0,0.0,213.0,182.0,301.0,22.0,23.0,0.0,49.0,28.0,479.0,Miodrag Belodedici,1,1994,1994,5,0.0,0.18789144050104384,0.18789144050104384,0.5636743215031316,0.3757828810020877,0.3757828810020877,0.18789144050104384,0.0,0.0,0.0,0.0,40.02087682672234,34.19624217118998,9.20668058455115,5.260960334029228,56.5553235908142
1421314,0.0,1,0.0,0.0,1.0,1.0,6.0,6.0,1.0,0.0,0.0,0.0,0.0,0.0,79.0,62.0,155.0,30.0,12.0,0.0,22.0,13.0,271.0,Gheorghe Mihali,1,1994,1994,4,0.0,0.33210332103321033,0.0,0.33210332103321033,0.33210332103321033,1.992619926199262,0.33210332103321033,0.0,0.0,0.0,0.0,26.236162361623617,20.59040590405904,7.306273062730628,4.317343173431734,51.4760147601476
1421315,0.0,8,1.0,6.0,11.0,7.0,11.0,7.0,12.0,2.0,3.0,0.0,22.0,2.0,419.0,326.0,600.0,37.0,34.0,0.0,257.0,188.0,804.0,Dorinel Munteanu,2,1994,1998,9,0.0,0.8955223880597015,0.11194029850746269,1.2313432835820894,0.7835820895522387,1.2313432835820894,1.3432835820895521,0.22388059701492538,0.33582089552238803,2.462686567164179,0.22388059701492538,46.90298507462686,36.492537313432834,28.768656716417908,21.044776119402986,67.16417910447761
1421316,2.0,10,5.0,4.0,15.0,9.0,3.0,11.0,8.0,0.0,1.0,0.0,8.0,0.0,397.0,342.0,582.0,49.0,43.0,0.0,193.0,156.0,826.0,Dan Petrescu,2,1994,1998,9,0.21791767554479421,1.089588377723971,0.5447941888619855,1.6343825665859566,0.9806295399515739,0.3268765133171913,0.8716707021791769,0.0,0.10895883777239711,0.8716707021791769,0.0,43.256658595641646,37.26392251815981,21.029055690072642,16.99757869249395,63.41404358353511
1421319,0.0,8,1.0,3.0,6.0,5.0,8.0,5.0,7.0,0.0,1.0,0.0,0.0,0.0,292.0,251.0,367.0,29.0,22.0,0.0,168.0,134.0,370.0,Constantin Galca,2,1994,1998,6,0.0,1.945945945945946,0.24324324324324326,1.4594594594594597,1.2162162162162162,1.945945945945946,1.7027027027027029,0.0,0.24324324324324326,0.0,0.0,71.02702702702703,61.05405405405406,40.86486486486487,32.5945945945946,89.27027027027027
1421322,0.0,0,0.0,0.0,4.0,3.0,2.0,7.0,0.0,0.0,0.0,0.0,9.0,1.0,93.0,66.0,163.0,13.0,14.0,0.0,50.0,32.0,322.0,Tibor Selymes,1,1994,1994,4,0.0,0.0,0.0,1.1180124223602483,0.8385093167701863,0.5590062111801242,0.0,0.0,0.0,2.5155279503105588,0.2795031055900621,25.993788819875775,18.4472049689441,13.975155279503104,8.944099378881987,45.55900621118012
1421324,2.0,5,4.0,1.0,5.0,1.0,3.0,5.0,7.0,0.0,0.0,3.0,1.0,0.0,73.0,55.0,104.0,11.0,28.0,0.0,59.0,41.0,285.0,Viorel Moldovan,1,1998,1998,4,0.6315789473684211,1.5789473684210527,1.2631578947368423,1.5789473684210527,0.31578947368421056,0.9473684210526316,2.210526315789474,0.0,0.0,0.31578947368421056,0.0,23.05263157894737,17.36842105263158,18.63157894736842,12.947368421052632,32.8421052631579
1421330,0.0,11,1.0,5.0,13.0,4.0,12.0,14.0,12.0,2.0,5.0,0.0,9.0,2.0,593.0,462.0,733.0,40.0,61.0,1.0,353.0,245.0,936.0,Demetrio Albertini,2,1994,1998,11,0.0,1.0576923076923077,0.09615384615384615,1.25,0.3846153846153846,1.1538461538461537,1.1538461538461537,0.1923076923076923,0.4807692307692307,0.8653846153846153,0.1923076923076923,57.01923076923077,44.42307692307692,33.94230769230769,23.557692307692307,70.48076923076923
1421331,2.0,20,6.0,10.0,13.0,3.0,14.0,31.0,8.0,0.0,0.0,0.0,6.0,1.0,338.0,242.0,509.0,78.0,70.0,0.0,211.0,136.0,975.0,Dino Baggio,2,1994,1998,12,0.1846153846153846,1.846153846153846,0.5538461538461538,1.2,0.2769230769230769,1.2923076923076922,0.7384615384615384,0.0,0.0,0.5538461538461538,0.0923076923076923,31.2,22.338461538461537,19.476923076923075,12.553846153846154,46.98461538461538
1421332,0.0,12,5.0,2.0,19.0,11.0,11.0,10.0,13.0,2.0,3.0,0.0,38.0,9.0,171.0,124.0,308.0,26.0,33.0,0.0,130.0,90.0,392.0,Giuseppe Signori,1,1994,1994,6,0.0,2.7551020408163267,1.1479591836734695,4.362244897959184,2.525510204081633,2.525510204081633,2.984693877551021,0.4591836734693878,0.6887755102040817,8.724489795918368,2.066326530612245,39.26020408163266,28.469387755102044,29.846938775510207,20.66326530612245,70.71428571428572
1421333,0.0,0,0.0,0.0,11.0,5.0,12.0,6.0,4.0,0.0,1.0,0.0,13.0,1.0,259.0,206.0,433.0,58.0,26.0,0.0,142.0,104.0,600.0,Antonio Benarrivo,1,1994,1994,6,0.0,0.0,0.0,1.65,0.75,1.7999999999999998,0.6,0.0,0.15,1.95,0.15,38.85,30.9,21.3,15.6,64.95
1421342,0.0,1,0.0,1.0,2.0,2.0,4.0,1.0,1.0,0.0,0.0,0.0,3.0,0.0,133.0,86.0,192.0,20.0,11.0,0.0,63.0,29.0,360.0,Phil Babb,1,1994,1994,4,0.0,0.25,0.0,0.5,0.5,1.0,0.25,0.0,0.0,0.75,0.0,33.25,21.5,15.75,7.25,48.0
1421343,0.0,0,0.0,0.0,4.0,1.0,4.0,4.0,2.0,0.0,1.0,0.0,6.0,1.0,96.0,70.0,150.0,14.0,15.0,0.0,58.0,36.0,270.0,Terry Phelan,1,1994,1994,3,0.0,0.0,0.0,1.3333333333333333,0.3333333333333333,1.3333333333333333,0.6666666666666666,0.0,0.3333333333333333,2.0,0.3333333333333333,32.0,23.333333333333332,19.333333333333332,12.0,50.0
1421344,0.0,5,1.0,2.0,14.0,9.0,10.0,8.0,8.0,0.0,2.0,0.0,8.0,1.0,191.0,162.0,265.0,33.0,21.0,0.0,109.0,84.0,360.0,Roy Keane,1,1994,1994,4,0.0,1.25,0.25,3.5,2.25,2.5,2.0,0.0,0.5,2.0,0.25,47.75,40.5,27.25,21.0,66.25
1421348,0.0,0,0.0,0.0,3.0,1.0,9.0,7.0,5.0,1.0,0.0,0.0,26.0,7.0,190.0,131.0,313.0,24.0,16.0,0.0,121.0,72.0,478.0,Gary Kelly,2,1994,2002,6,0.0,0.0,0.0,0.5648535564853556,0.1882845188284519,1.694560669456067,0.9414225941422595,0.1882845188284519,0.0,4.895397489539749,1.3179916317991633,35.77405857740586,24.665271966527197,22.78242677824268,13.556485355648537,58.93305439330544
1421352,0.0,10,2.0,6.0,5.0,3.0,3.0,8.0,5.0,0.0,0.0,1.0,2.0,1.0,250.0,201.0,368.0,46.0,35.0,1.0,123.0,88.0,614.0,Thomas Dooley,2,1994,1998,7,0.0,1.4657980456026058,0.2931596091205212,0.7328990228013029,0.4397394136807818,0.4397394136807818,0.7328990228013029,0.0,0.0,0.2931596091205212,0.1465798045602606,36.644951140065146,29.46254071661238,18.029315960912054,12.899022801302932,53.9413680781759
1421353,0.0,3,3.0,0.0,1.0,0.0,1.0,3.0,0.0,0.0,0.0,0.0,0.0,0.0,86.0,68.0,161.0,22.0,17.0,0.0,22.0,9.0,360.0,Alexi Lalas,1,1994,1994,4,0.0,0.75,0.75,0.25,0.0,0.25,0.0,0.0,0.0,0.0,0.0,21.5,17.0,5.5,2.25,40.25
1421354,0.0,4,0.0,2.0,6.0,5.0,4.0,0.0,1.0,0.0,0.0,0.0,1.0,0.0,160.0,139.0,216.0,22.0,11.0,0.0,71.0,56.0,345.0,Michael Sorber,1,1994,1994,4,0.0,1.0434782608695652,0.0,1.5652173913043477,1.3043478260869565,1.0434782608695652,0.2608695652173913,0.0,0.0,0.2608695652173913,0.0,41.73913043478261,36.26086956521739,18.52173913043478,14.608695652173912,56.347826086956516
1421355,1.0,13,5.0,5.0,20.0,9.0,11.0,6.0,9.0,0.0,0.0,0.0,21.0,6.0,225.0,179.0,353.0,34.0,57.0,1.0,148.0,111.0,692.0,Earnest Stewart,3,1994,2002,11,0.13005780346820808,1.6907514450867052,0.6502890173410405,2.601156069364162,1.1705202312138727,1.430635838150289,1.1705202312138727,0.0,0.0,2.73121387283237,0.7803468208092486,29.26300578034682,23.28034682080925,19.248554913294797,14.436416184971097,45.910404624277454
1421360,0.0,7,1.0,2.0,29.0,14.0,16.0,8.0,9.0,0.0,1.0,0.0,26.0,5.0,170.0,123.0,348.0,54.0,56.0,0.0,118.0,84.0,523.0,Cobi Jones,3,1994,2002,11,0.0,1.2045889101338432,0.17208413001912046,4.990439770554493,2.4091778202676863,2.7533460803059273,1.5487571701720841,0.0,0.17208413001912046,4.474187380497132,0.8604206500956023,29.254302103250478,21.166347992351817,20.305927342256215,14.45506692160612,59.88527724665392
1421367,0.0,2,0.0,1.0,9.0,3.0,1.0,3.0,1.0,0.0,0.0,0.0,23.0,3.0,155.0,115.0,275.0,14.0,18.0,0.0,84.0,51.0,360.0,Marc Hottiger,1,1994,1994,4,0.0,0.5,0.0,2.25,0.75,0.25,0.25,0.0,0.0,5.75,0.75,38.75,28.75,21.0,12.75,68.75
1421368,0.0,3,0.0,3.0,0.0,0.0,2.0,5.0,0.0,0.0,0.0,1.0,0.0,0.0,145.0,116.0,180.0,17.0,14.0,0.0,48.0,21.0,360.0,Dominique Herr,1,1994,1994,4,0.0,0.75,0.0,0.0,0.0,0.5,0.0,0.0,0.0,0.0,0.0,36.25,29.0,12.0,5.25,45.0
1421369,0.0,3,1.0,1.0,5.0,1.0,4.0,6.0,4.0,0.0,0.0,0.0,10.0,2.0,154.0,127.0,259.0,18.0,14.0,0.0,75.0,57.0,328.0,Yvan Quentin,1,1994,1994,4,0.0,0.8231707317073171,0.27439024390243905,1.3719512195121952,0.27439024390243905,1.0975609756097562,1.0975609756097562,0.0,0.0,2.7439024390243905,0.5487804878048781,42.25609756097561,34.84756097560976,20.579268292682926,15.640243902439025,71.0670731707317
1421372,0.0,4,1.0,3.0,3.0,2.0,8.0,1.0,1.0,0.0,0.0,0.0,10.0,0.0,101.0,70.0,172.0,22.0,16.0,0.0,77.0,46.0,336.0,Christophe Ohrel,1,1994,1994,4,0.0,1.0714285714285714,0.26785714285714285,0.8035714285714286,0.5357142857142857,2.142857142857143,0.26785714285714285,0.0,0.0,2.6785714285714284,0.0,27.053571428571427,18.75,20.625,12.321428571428571,46.07142857142857
1421373,0.0,6,3.0,2.0,3.0,1.0,6.0,11.0,5.0,1.0,1.0,0.0,3.0,2.0,176.0,134.0,248.0,23.0,36.0,0.0,123.0,85.0,348.0,Ciriaco Sforza,1,1994,1994,4,0.0,1.5517241379310345,0.7758620689655172,0.7758620689655172,0.25862068965517243,1.5517241379310345,1.293103448275862,0.25862068965517243,0.25862068965517243,0.7758620689655172,0.5172413793103449,45.51724137931034,34.6551724137931,31.810344827586206,21.982758620689655,64.13793103448276
1421374,1.0,9,1.0,5.0,2.0,1.0,5.0,1.0,8.0,1.0,3.0,0.0,28.0,6.0,247.0,190.0,330.0,19.0,13.0,0.0,160.0,112.0,360.0,Georges Bregy,1,1994,1994,4,0.25,2.25,0.25,0.5,0.25,1.25,2.0,0.25,0.75,7.0,1.5,61.75,47.5,40.0,28.0,82.5
1421375,0.0,0,0.0,0.0,0.0,0.0,3.0,1.0,1.0,0.0,0.0,0.0,0.0,0.0,217.0,181.0,256.0,12.0,5.0,0.0,81.0,51.0,360.0,Alain Geiger,1,1994,1994,4,0.0,0.0,0.0,0.0,0.0,0.75,0.25,0.0,0.0,0.0,0.0,54.25,45.25,20.25,12.75,64.0
1421376,1.0,8,4.0,3.0,12.0,4.0,11.0,7.0,9.0,0.0,3.0,1.0,11.0,2.0,56.0,44.0,147.0,25.0,36.0,0.0,45.0,33.0,360.0,Stéphane Chapuisat,1,1994,1994,4,0.25,2.0,1.0,3.0,1.0,2.75,2.25,0.0,0.75,2.75,0.5,14.0,11.0,11.25,8.25,36.75
1421388,0.0,2,0.0,2.0,3.0,2.0,4.0,8.0,1.0,0.0,1.0,0.0,4.0,1.0,110.0,89.0,158.0,18.0,22.0,0.0,50.0,34.0,275.0,Rudi Smidts,1,1994,1994,4,0.0,0.6545454545454545,0.0,0.9818181818181819,0.6545454545454545,1.309090909090909,0.32727272727272727,0.0,0.32727272727272727,1.309090909090909,0.32727272727272727,36.0,29.12727272727273,16.363636363636363,11.127272727272729,51.70909090909091
1421389,0.0,3,1.0,2.0,14.0,6.0,3.0,3.0,4.0,0.0,0.0,0.0,13.0,3.0,147.0,121.0,220.0,15.0,22.0,0.0,88.0,69.0,308.0,Danny Boffin,2,1994,1998,5,0.0,0.8766233766233766,0.29220779220779225,4.090909090909091,1.7532467532467533,0.8766233766233766,1.168831168831169,0.0,0.0,3.7987012987012987,0.8766233766233766,42.95454545454545,35.35714285714286,25.714285714285715,20.162337662337663,64.28571428571429
1421390,1.0,17,4.0,10.0,16.0,9.0,6.0,5.0,10.0,1.0,2.0,2.0,34.0,8.0,142.0,104.0,250.0,21.0,34.0,1.0,114.0,79.0,454.0,Luc Nilis,2,1994,1998,6,0.19823788546255508,3.3700440528634363,0.7929515418502203,3.1718061674008813,1.7841409691629957,1.1894273127753305,1.9823788546255507,0.19823788546255508,0.39647577092511016,6.740088105726873,1.5859030837004406,28.14977973568282,20.61674008810573,22.599118942731277,15.66079295154185,49.55947136563877
1421391,0.0,15,3.0,11.0,8.0,2.0,7.0,0.0,1.0,0.0,0.0,3.0,0.0,0.0,44.0,28.0,92.0,18.0,20.0,1.0,36.0,20.0,306.0,Josip Weber,1,1994,1994,4,0.0,4.411764705882353,0.8823529411764706,2.3529411764705883,0.5882352941176471,2.058823529411765,0.29411764705882354,0.0,0.0,0.0,0.0,12.941176470588236,8.23529411764706,10.588235294117647,5.882352941176471,27.058823529411764
1421394,0.0,1,1.0,0.0,1.0,0.0,4.0,7.0,1.0,0.0,0.0,0.0,20.0,3.0,115.0,74.0,220.0,22.0,24.0,0.0,76.0,47.0,335.0,Vital Borkelmans,2,1994,1998,5,0.0,0.26865671641791045,0.26865671641791045,0.26865671641791045,0.0,1.0746268656716418,0.26865671641791045,0.0,0.0,5.3731343283582085,0.8059701492537313,30.8955223880597,19.88059701492537,20.417910447761194,12.626865671641792,59.1044776119403
1421399,0.0,2,0.0,1.0,4.0,2.0,4.0,6.0,1.0,0.0,0.0,0.0,0.0,0.0,190.0,159.0,282.0,34.0,25.0,0.0,63.0,45.0,450.0,Noureddine Naybet,2,1994,1998,5,0.0,0.4,0.0,0.8,0.4,0.8,0.2,0.0,0.0,0.0,0.0,38.0,31.8,12.6,9.0,56.4
1421400,0.0,2,0.0,2.0,3.0,2.0,4.0,5.0,1.0,0.0,1.0,0.0,1.0,1.0,113.0,83.0,190.0,25.0,19.0,0.0,38.0,16.0,360.0,Smahi Triki,2,1994,1998,4,0.0,0.5,0.0,0.75,0.5,1.0,0.25,0.0,0.25,0.25,0.25,28.25,20.75,9.5,4.0,47.5
1421401,0.0,9,5.0,2.0,12.0,4.0,4.0,6.0,8.0,0.0,0.0,0.0,9.0,1.0,224.0,173.0,375.0,32.0,30.0,0.0,122.0,84.0,450.0,Abdelkrim El Hadrioui,2,1994,1998,5,0.0,1.8,1.0,2.4,0.8,0.8,1.6,0.0,0.0,1.8,0.2,44.8,34.6,24.4,16.8,75.0
1421403,1.0,19,8.0,9.0,38.0,18.0,8.0,8.0,6.0,2.0,1.0,0.0,14.0,0.0,174.0,131.0,315.0,45.0,54.0,1.0,119.0,84.0,420.0,Mustapha Hadji,2,1994,1998,6,0.21428571428571427,4.071428571428571,1.7142857142857142,8.142857142857142,3.8571428571428568,1.7142857142857142,1.2857142857142856,0.42857142857142855,0.21428571428571427,3.0,0.0,37.285714285714285,28.07142857142857,25.5,18.0,67.5
1421416,0.0,5,0.0,3.0,8.0,6.0,5.0,9.0,11.0,3.0,4.0,0.0,5.0,1.0,261.0,200.0,339.0,31.0,23.0,0.0,149.0,99.0,449.0,Tahar El-Khalej,2,1994,1998,5,0.0,1.0022271714922049,0.0,1.6035634743875278,1.2026726057906458,1.0022271714922049,2.2048997772828507,0.6013363028953229,0.8017817371937639,1.0022271714922049,0.20044543429844097,52.3162583518931,40.089086859688194,29.866369710467705,19.844097995545656,67.95100222717149
1421420,0.0,6,0.0,5.0,1.0,1.0,5.0,4.0,6.0,0.0,1.0,1.0,23.0,6.0,248.0,175.0,404.0,36.0,18.0,0.0,134.0,79.0,622.0,Henning Berg,2,1994,1998,7,0.0,0.8681672025723473,0.0,0.14469453376205788,0.14469453376205788,0.7234726688102894,0.8681672025723473,0.0,0.14469453376205788,3.327974276527331,0.8681672025723473,35.88424437299035,25.321543408360128,19.389067524115756,11.430868167202572,58.45659163987138
1421421,0.0,5,1.0,4.0,3.0,3.0,4.0,11.0,11.0,1.0,3.0,0.0,48.0,14.0,263.0,163.0,473.0,39.0,31.0,0.0,166.0,89.0,630.0,Stig Inge Bjørnebye,2,1994,1998,7,0.0,0.7142857142857143,0.14285714285714285,0.42857142857142855,0.42857142857142855,0.5714285714285714,1.5714285714285714,0.14285714285714285,0.42857142857142855,6.857142857142857,2.0,37.57142857142857,23.285714285714285,23.714285714285715,12.714285714285714,67.57142857142857
1421423,0.0,3,0.0,3.0,0.0,0.0,4.0,2.0,1.0,0.0,0.0,1.0,0.0,0.0,95.0,72.0,147.0,24.0,7.0,0.0,39.0,23.0,270.0,Rune Bratseth,1,1994,1994,3,0.0,1.0,0.0,0.0,0.0,1.3333333333333333,0.3333333333333333,0.0,0.0,0.0,0.0,31.666666666666668,24.0,13.0,7.666666666666667,49.0
1421428,0.0,9,2.0,4.0,7.0,2.0,2.0,15.0,5.0,0.0,1.0,0.0,12.0,2.0,94.0,44.0,153.0,32.0,39.0,0.0,78.0,30.0,281.0,Jostein Flo,2,1994,1998,4,0.0,2.882562277580071,0.6405693950177936,2.2419928825622777,0.6405693950177936,0.6405693950177936,1.601423487544484,0.0,0.3202846975088968,3.8434163701067616,0.6405693950177936,30.106761565836297,14.092526690391459,24.98220640569395,9.608540925266905,49.00355871886121
1421432,2.0,8,3.0,3.0,3.0,3.0,0.0,11.0,2.0,0.0,0.0,0.0,10.0,3.0,264.0,202.0,336.0,27.0,36.0,0.0,180.0,132.0,470.0,Kjetil-Andre Rekdal,2,1994,1998,7,0.3829787234042553,1.5319148936170213,0.5744680851063829,0.5744680851063829,0.5744680851063829,0.0,0.3829787234042553,0.0,0.0,1.9148936170212765,0.5744680851063829,50.5531914893617,38.680851063829785,34.46808510638298,25.27659574468085,64.34042553191489
1421433,1.0,3,1.0,2.0,1.0,1.0,5.0,2.0,1.0,0.0,0.0,1.0,0.0,0.0,66.0,50.0,135.0,39.0,14.0,0.0,27.0,17.0,360.0,Dan Eggen,1,1998,1998,4,0.25,0.75,0.25,0.25,0.25,1.25,0.25,0.0,0.0,0.0,0.0,16.5,12.5,6.75,4.25,33.75
1421442,0.0,0,0.0,0.0,2.0,2.0,5.0,3.0,3.0,0.0,0.0,0.0,0.0,0.0,218.0,185.0,294.0,27.0,13.0,0.0,59.0,40.0,390.0,Juan Ramírez,1,1994,1994,4,0.0,0.0,0.0,0.46153846153846156,0.46153846153846156,1.153846153846154,0.6923076923076924,0.0,0.0,0.0,0.0,50.307692307692314,42.69230769230769,13.615384615384617,9.230769230769232,67.84615384615385
1421443,0.0,3,0.0,1.0,3.0,2.0,5.0,6.0,0.0,0.0,0.0,0.0,0.0,0.0,393.0,341.0,516.0,48.0,30.0,0.0,111.0,79.0,750.0,Claudio Suárez,2,1994,1998,8,0.0,0.36,0.0,0.36,0.24,0.6,0.0,0.0,0.0,0.0,0.0,47.16,40.919999999999995,13.319999999999999,9.479999999999999,61.919999999999995
1421444,0.0,11,3.0,6.0,6.0,5.0,2.0,10.0,5.0,0.0,0.0,0.0,1.0,0.0,360.0,304.0,422.0,21.0,23.0,0.0,198.0,150.0,390.0,Ignacio Ambríz,1,1994,1994,4,0.0,2.5384615384615388,0.6923076923076924,1.3846153846153848,1.153846153846154,0.46153846153846156,1.153846153846154,0.0,0.0,0.23076923076923078,0.0,83.07692307692308,70.15384615384616,45.69230769230769,34.61538461538462,97.38461538461539
1421446,0.0,3,1.0,1.0,4.0,3.0,5.0,9.0,1.0,0.0,0.0,0.0,2.0,0.0,184.0,134.0,258.0,23.0,23.0,0.0,108.0,72.0,270.0,Joaquin del Olmo,1,1994,1994,3,0.0,1.0,0.3333333333333333,1.3333333333333333,1.0,1.6666666666666667,0.3333333333333333,0.0,0.0,0.6666666666666666,0.0,61.333333333333336,44.666666666666664,36.0,24.0,86.0
1421447,0.0,9,3.0,4.0,33.0,18.0,14.0,5.0,9.0,1.0,3.0,0.0,24.0,7.0,274.0,225.0,452.0,56.0,45.0,0.0,163.0,126.0,479.0,Ramón Ramírez,2,1994,1998,5,0.0,1.6910229645093946,0.5636743215031316,6.200417536534447,3.382045929018789,2.630480167014614,1.6910229645093946,0.18789144050104384,0.5636743215031316,4.509394572025053,1.315240083507307,51.48225469728602,42.275574112734866,30.62630480167015,23.674321503131527,84.92693110647183
1421449,0.0,8,4.0,4.0,19.0,5.0,11.0,9.0,5.0,0.0,0.0,5.0,7.0,0.0,95.0,72.0,188.0,23.0,36.0,1.0,70.0,49.0,390.0,Zague,1,1994,1994,4,0.0,1.8461538461538463,0.9230769230769231,4.384615384615385,1.153846153846154,2.5384615384615388,1.153846153846154,0.0,0.0,1.6153846153846154,0.0,21.923076923076923,16.615384615384617,16.153846153846153,11.307692307692308,43.38461538461539
1421450,2.0,17,6.0,8.0,8.0,4.0,4.0,9.0,3.0,0.0,1.0,0.0,5.0,1.0,121.0,94.0,186.0,10.0,25.0,0.0,74.0,51.0,322.0,Luis García,1,1994,1994,4,0.5590062111801242,4.751552795031055,1.6770186335403725,2.2360248447204967,1.1180124223602483,1.1180124223602483,0.8385093167701863,0.0,0.2795031055900621,1.3975155279503104,0.2795031055900621,33.81987577639752,26.273291925465838,20.683229813664596,14.254658385093167,51.98757763975155
1421457,2.0,22,7.0,9.0,18.0,10.0,8.0,17.0,7.0,1.0,1.0,0.0,13.0,1.0,331.0,249.0,490.0,43.0,62.0,0.0,226.0,161.0,630.0,Alberto Garcia Aspe,3,1994,2002,8,0.2857142857142857,3.142857142857143,1.0,2.5714285714285716,1.4285714285714286,1.1428571428571428,1.0,0.14285714285714285,0.14285714285714285,1.8571428571428572,0.14285714285714285,47.285714285714285,35.57142857142857,32.285714285714285,23.0,70.0
1421458,0.0,0,0.0,0.0,7.0,1.0,3.0,1.0,2.0,0.0,1.0,0.0,15.0,3.0,173.0,137.0,261.0,13.0,17.0,0.0,87.0,61.0,290.0,Jorge Rodríguez,1,1994,1994,3,0.0,0.0,0.0,2.1724137931034484,0.3103448275862069,0.9310344827586207,0.6206896551724138,0.0,0.3103448275862069,4.655172413793103,0.9310344827586207,53.689655172413794,42.51724137931034,27.0,18.93103448275862,81.0
1421460,1.0,12,3.0,6.0,8.0,6.0,5.0,5.0,5.0,0.0,1.0,1.0,13.0,5.0,231.0,172.0,326.0,26.0,29.0,0.0,148.0,105.0,382.0,Marcelino Bernal,2,1994,1998,6,0.2356020942408377,2.8272251308900525,0.7068062827225131,1.8848167539267016,1.4136125654450262,1.1780104712041886,1.1780104712041886,0.0,0.2356020942408377,3.06282722513089,1.1780104712041886,54.424083769633505,40.52356020942408,34.86910994764398,24.73821989528796,76.80628272251309
1421461,0.0,3,0.0,3.0,1.0,0.0,5.0,13.0,1.0,1.0,1.0,1.0,4.0,0.0,255.0,185.0,403.0,31.0,31.0,0.0,101.0,49.0,672.0,Rigobert Song,4,1994,2010,9,0.0,0.4017857142857143,0.0,0.13392857142857142,0.0,0.6696428571428571,0.13392857142857142,0.13392857142857142,0.13392857142857142,0.5357142857142857,0.0,34.151785714285715,24.776785714285715,13.526785714285714,6.5625,53.973214285714285
1421463,0.0,0,0.0,0.0,6.0,4.0,2.0,1.0,3.0,0.0,0.0,0.0,10.0,4.0,98.0,71.0,178.0,18.0,7.0,0.0,59.0,38.0,270.0,Hans Agbo,1,1994,1994,3,0.0,0.0,0.0,2.0,1.3333333333333333,0.6666666666666666,1.0,0.0,0.0,3.3333333333333335,1.3333333333333333,32.666666666666664,23.666666666666668,19.666666666666668,12.666666666666666,59.333333333333336
1421464,0.0,8,2.0,5.0,16.0,6.0,6.0,19.0,6.0,1.0,1.0,1.0,2.0,0.0,237.0,183.0,369.0,55.0,64.0,0.0,161.0,117.0,540.0,Marc Vivien Foe,2,1994,2002,6,0.0,1.3333333333333333,0.3333333333333333,2.6666666666666665,1.0,1.0,1.0,0.16666666666666666,0.16666666666666666,0.3333333333333333,0.0,39.5,30.5,26.833333333333332,19.5,61.5
1421471,0.0,0,0.0,0.0,2.0,0.0,3.0,0.0,1.0,0.0,0.0,0.0,0.0,0.0,169.0,150.0,232.0,16.0,12.0,0.0,27.0,18.0,498.0,Joachim Björklund,1,1994,1994,6,0.0,0.0,0.0,0.3614457831325301,0.0,0.5421686746987951,0.18072289156626506,0.0,0.0,0.0,0.0,30.542168674698797,27.10843373493976,4.879518072289157,3.253012048192771,41.9277108433735
1421472,0.0,1,0.0,1.0,0.0,0.0,3.0,2.0,0.0,0.0,0.0,1.0,0.0,0.0,243.0,211.0,350.0,26.0,7.0,0.0,60.0,36.0,660.0,Patrik Andersson,1,1994,1994,7,0.0,0.13636363636363638,0.0,0.0,0.0,0.4090909090909091,0.0,0.0,0.0,0.0,0.0,33.13636363636364,28.772727272727273,8.181818181818182,4.909090909090909,47.72727272727273
1421474,4.0,17,4.0,9.0,15.0,6.0,15.0,9.0,6.0,1.0,2.0,1.0,6.0,0.0,129.0,104.0,236.0,36.0,38.0,2.0,103.0,79.0,444.0,Martin Dahlin,1,1994,1994,5,0.8108108108108107,3.4459459459459456,0.8108108108108107,3.0405405405405403,1.2162162162162162,3.0405405405405403,1.2162162162162162,0.2027027027027027,0.4054054054054054,1.2162162162162162,0.0,26.14864864864865,21.08108108108108,20.87837837837838,16.013513513513512,47.83783783783784
1421475,1.0,5,2.0,3.0,5.0,3.0,5.0,10.0,5.0,1.0,1.0,1.0,0.0,0.0,143.0,124.0,214.0,36.0,28.0,0.0,72.0,54.0,335.0,Hakan Mild,1,1994,1994,5,0.26865671641791045,1.3432835820895521,0.5373134328358209,1.3432835820895521,0.8059701492537313,1.3432835820895521,1.3432835820895521,0.26865671641791045,0.26865671641791045,0.0,0.0,38.417910447761194,33.3134328358209,19.34328358208955,14.507462686567164,57.492537313432834
1421477,5.0,27,11.0,10.0,26.0,16.0,19.0,11.0,9.0,2.0,4.0,4.0,18.0,6.0,232.0,132.0,397.0,101.0,65.0,0.0,198.0,105.0,578.0,Kennet Andersson,1,1994,1994,7,0.7785467128027681,4.204152249134948,1.7128027681660898,4.048442906574394,2.491349480968858,2.958477508650519,1.4013840830449826,0.31141868512110726,0.6228373702422145,2.8027681660899653,0.9342560553633218,36.12456747404844,20.553633217993077,30.830449826989618,16.34948096885813,61.81660899653979
1421483,0.0,10,3.0,5.0,8.0,5.0,10.0,14.0,13.0,3.0,3.0,0.0,7.0,2.0,688.0,606.0,881.0,76.0,39.0,0.0,330.0,272.0,1020.0,Frank de Boer,2,1994,1998,11,0.0,0.8823529411764706,0.2647058823529412,0.7058823529411764,0.4411764705882353,0.8823529411764706,1.1470588235294117,0.2647058823529412,0.2647058823529412,0.6176470588235293,0.1764705882352941,60.705882352941174,53.470588235294116,29.11764705882353,24.0,77.73529411764706
1421485,2.0,25,8.0,9.0,8.0,6.0,11.0,16.0,34.0,3.0,6.0,0.0,55.0,23.0,746.0,612.0,935.0,34.0,50.0,1.0,500.0,386.0,913.0,Wim Jonk,2,1994,1998,11,0.19715224534501644,2.4644030668127055,0.7886089813800657,0.7886089813800657,0.5914567360350493,1.0843373493975905,3.3515881708652793,0.29572836801752467,0.5914567360350493,5.421686746987952,2.267250821467689,73.53778751369113,60.32858707557503,49.28806133625411,38.050383351588174,92.16867469879519
1421486,2.0,11,5.0,2.0,36.0,23.0,12.0,9.0,29.0,2.0,5.0,1.0,37.0,10.0,399.0,330.0,584.0,60.0,50.0,0.0,316.0,259.0,687.0,Ronald de Boer,2,1994,1998,9,0.26200873362445415,1.4410480349344978,0.6550218340611353,4.716157205240174,3.0131004366812224,1.5720524017467248,3.799126637554585,0.26200873362445415,0.6550218340611353,4.847161572052402,1.3100436681222707,52.2707423580786,43.23144104803493,41.39737991266375,33.930131004366814,76.5065502183406
1421487,1.0,18,7.0,5.0,66.0,35.0,20.0,8.0,16.0,3.0,4.0,3.0,46.0,7.0,257.0,209.0,482.0,68.0,73.0,1.0,183.0,145.0,752.0,Marc Overmars,2,1994,1998,11,0.11968085106382978,2.154255319148936,0.8377659574468085,7.898936170212766,4.1888297872340425,2.3936170212765955,1.9148936170212765,0.35904255319148937,0.4787234042553191,5.50531914893617,0.8377659574468085,30.757978723404253,25.013297872340424,21.90159574468085,17.35372340425532,57.68617021276595
1421491,0.0,6,1.0,4.0,4.0,3.0,2.0,6.0,5.0,1.0,1.0,2.0,6.0,0.0,134.0,107.0,208.0,12.0,14.0,0.0,83.0,62.0,304.0,Rob Witschge,1,1994,1994,4,0.0,1.7763157894736843,0.29605263157894735,1.1842105263157894,0.8881578947368421,0.5921052631578947,1.480263157894737,0.29605263157894735,0.29605263157894735,1.7763157894736843,0.0,39.671052631578945,31.67763157894737,24.57236842105263,18.355263157894736,61.578947368421055
1421495,0.0,2,0.0,2.0,0.0,0.0,4.0,8.0,1.0,0.0,0.0,1.0,0.0,0.0,188.0,164.0,247.0,23.0,23.0,0.0,64.0,49.0,360.0,Stan Valckx,1,1994,1994,4,0.0,0.5,0.0,0.0,0.0,1.0,0.25,0.0,0.0,0.0,0.0,47.0,41.0,16.0,12.25,61.75
1421496,0.0,4,1.0,2.0,9.0,6.0,4.0,5.0,3.0,0.0,0.0,0.0,28.0,5.0,359.0,290.0,518.0,35.0,22.0,0.0,236.0,183.0,508.0,Arthur Numan,2,1994,1998,7,0.0,0.7086614173228346,0.17716535433070865,1.5944881889763778,1.0629921259842519,0.7086614173228346,0.5314960629921259,0.0,0.0,4.960629921259843,0.8858267716535433,63.60236220472441,51.37795275590551,41.811023622047244,32.42125984251968,91.77165354330708
1421498,0.0,0,0.0,0.0,0.0,0.0,4.0,5.0,0.0,0.0,0.0,0.0,0.0,0.0,99.0,83.0,204.0,22.0,19.0,0.0,19.0,11.0,469.0,Mohammed Al Khilaiwi,2,1994,1998,6,0.0,0.0,0.0,0.0,0.0,0.767590618336887,0.0,0.0,0.0,0.0,0.0,18.997867803837952,15.927505330490405,3.646055437100213,2.1108742004264394,39.147121535181235
1421499,0.0,1,1.0,0.0,0.0,0.0,3.0,8.0,1.0,0.0,1.0,0.0,1.0,0.0,81.0,58.0,163.0,22.0,15.0,0.0,35.0,17.0,360.0,Ahmed Madani,1,1994,1994,4,0.0,0.25,0.25,0.0,0.0,0.75,0.25,0.0,0.25,0.25,0.0,20.25,14.5,8.75,4.25,40.75
1421500,0.0,4,0.0,1.0,4.0,2.0,7.0,4.0,3.0,1.0,2.0,0.0,6.0,0.0,106.0,76.0,185.0,17.0,13.0,0.0,43.0,24.0,325.0,Mohamed Al Jawad,1,1994,1994,4,0.0,1.1076923076923078,0.0,1.1076923076923078,0.5538461538461539,1.9384615384615385,0.8307692307692307,0.27692307692307694,0.5538461538461539,1.6615384615384614,0.0,29.353846153846153,21.046153846153846,11.907692307692308,6.646153846153846,51.23076923076923
1421501,0.0,0,0.0,0.0,4.0,3.0,0.0,5.0,2.0,0.0,0.0,0.0,0.0,0.0,87.0,71.0,135.0,17.0,18.0,0.0,46.0,35.0,270.0,Talal Jebreen,1,1994,1994,3,0.0,0.0,0.0,1.3333333333333333,1.0,0.0,0.6666666666666666,0.0,0.0,0.0,0.0,29.0,23.666666666666668,15.333333333333334,11.666666666666666,45.0
1421502,1.0,15,4.0,8.0,10.0,8.0,6.0,4.0,3.0,1.0,2.0,0.0,15.0,3.0,148.0,105.0,235.0,26.0,30.0,1.0,99.0,62.0,424.0,Saeed Owairan,2,1994,1998,6,0.2122641509433962,3.1839622641509435,0.8490566037735848,2.1226415094339623,1.6981132075471697,1.2735849056603774,0.6367924528301887,0.2122641509433962,0.4245283018867924,3.1839622641509435,0.6367924528301887,31.41509433962264,22.287735849056602,21.014150943396224,13.160377358490566,49.88207547169811
1421503,0.0,7,1.0,4.0,16.0,9.0,2.0,10.0,2.0,0.0,0.0,0.0,18.0,3.0,146.0,103.0,246.0,25.0,27.0,0.0,93.0,59.0,369.0,Kahlid Al Muwallid,2,1994,1998,6,0.0,1.707317073170732,0.24390243902439027,3.9024390243902443,2.1951219512195124,0.48780487804878053,0.48780487804878053,0.0,0.0,4.390243902439025,0.7317073170731708,35.609756097560975,25.121951219512198,22.682926829268293,14.390243902439027,60.00000000000001
1421504,2.0,7,2.0,4.0,11.0,6.0,5.0,9.0,2.0,0.0,0.0,0.0,4.0,0.0,289.0,198.0,404.0,35.0,32.0,0.0,158.0,88.0,529.0,Fuad Amin,2,1994,1998,6,0.34026465028355385,1.1909262759924384,0.34026465028355385,1.8714555765595462,1.0207939508506616,0.8506616257088846,0.34026465028355385,0.0,0.0,0.6805293005671077,0.0,49.16824196597353,33.68620037807183,26.880907372400753,14.97164461247637,68.73345935727788
1421505,0.0,6,3.0,1.0,10.0,4.0,8.0,2.0,11.0,1.0,0.0,2.0,10.0,2.0,145.0,116.0,216.0,19.0,23.0,0.0,88.0,63.0,333.0,Fahad Al Bishi,1,1994,1994,4,0.0,1.6216216216216215,0.8108108108108107,2.7027027027027026,1.081081081081081,2.162162162162162,2.972972972972973,0.27027027027027023,0.0,2.7027027027027026,0.5405405405405405,39.189189189189186,31.35135135135135,23.783783783783782,17.027027027027025,58.37837837837838
1421510,0.0,0,0.0,0.0,2.0,1.0,6.0,5.0,1.0,0.0,0.0,0.0,1.0,1.0,224.0,190.0,397.0,49.0,31.0,0.0,62.0,36.0,740.0,Abdullah Zubromawi,3,1994,2002,9,0.0,0.0,0.0,0.24324324324324326,0.12162162162162163,0.7297297297297298,0.12162162162162163,0.0,0.0,0.12162162162162163,0.12162162162162163,27.243243243243246,23.10810810810811,7.540540540540541,4.378378378378379,48.28378378378379
1421514,0.0,6,0.0,3.0,10.0,5.0,4.0,5.0,5.0,0.0,2.0,0.0,6.0,2.0,180.0,142.0,260.0,20.0,29.0,0.0,94.0,67.0,392.0,Hamzah Saleh,2,1994,1998,6,0.0,1.3775510204081634,0.0,2.295918367346939,1.1479591836734695,0.9183673469387756,1.1479591836734695,0.0,0.4591836734693878,1.3775510204081634,0.4591836734693878,41.3265306122449,32.602040816326536,21.581632653061227,15.382653061224492,59.693877551020414
1421518,3.0,13,5.0,5.0,35.0,15.0,20.0,18.0,6.0,0.0,1.0,2.0,6.0,2.0,166.0,132.0,305.0,42.0,64.0,0.0,114.0,84.0,613.0,Sami Al Jaber,4,1994,2006,9,0.4404567699836868,1.9086460032626429,0.734094616639478,5.138662316476346,2.202283849918434,2.936378466557912,0.8809135399673736,0.0,0.1468189233278956,0.8809135399673736,0.2936378466557912,24.371941272430668,19.380097879282218,16.737357259380097,12.33278955954323,44.77977161500816
1421519,1.0,7,1.0,3.0,1.0,1.0,8.0,9.0,2.0,0.0,1.0,3.0,0.0,0.0,392.0,327.0,512.0,48.0,31.0,0.0,125.0,78.0,660.0,Márcio Santos,1,1994,1994,7,0.13636363636363638,0.9545454545454546,0.13636363636363638,0.13636363636363638,0.13636363636363638,1.090909090909091,0.27272727272727276,0.0,0.13636363636363638,0.0,0.0,53.45454545454545,44.59090909090909,17.045454545454547,10.636363636363637,69.81818181818183
1421520,1.0,5,2.0,2.0,15.0,8.0,7.0,10.0,7.0,0.0,2.0,2.0,3.0,0.0,198.0,165.0,292.0,35.0,31.0,0.0,156.0,127.0,309.0,Raí,1,1994,1994,5,0.29126213592233013,1.4563106796116505,0.5825242718446603,4.368932038834951,2.330097087378641,2.0388349514563107,2.0388349514563107,0.0,0.5825242718446603,0.8737864077669903,0.0,57.66990291262136,48.05825242718447,45.4368932038835,36.990291262135926,85.0485436893204
1421521,0.0,7,3.0,3.0,21.0,13.0,9.0,4.0,14.0,1.0,3.0,2.0,23.0,5.0,372.0,311.0,498.0,36.0,54.0,0.0,278.0,230.0,610.0,Zinho,1,1994,1994,7,0.0,1.0327868852459017,0.4426229508196721,3.098360655737705,1.918032786885246,1.3278688524590163,2.0655737704918034,0.14754098360655737,0.4426229508196721,3.3934426229508197,0.7377049180327869,54.885245901639344,45.885245901639344,41.01639344262295,33.9344262295082,73.47540983606558
1421522,0.0,8,1.0,6.0,33.0,20.0,12.0,6.0,8.0,0.0,0.0,0.0,31.0,6.0,522.0,445.0,775.0,59.0,64.0,0.0,336.0,272.0,830.0,Leonardo,2,1994,1998,11,0.0,0.8674698795180724,0.10843373493975905,3.5783132530120483,2.168674698795181,1.3012048192771086,0.8674698795180724,0.0,0.0,3.3614457831325306,0.6506024096385543,56.60240963855422,48.25301204819277,36.43373493975904,29.49397590361446,84.03614457831326
1421523,0.0,5,1.0,3.0,14.0,13.0,7.0,10.0,6.0,0.0,0.0,0.0,4.0,0.0,394.0,349.0,493.0,54.0,30.0,1.0,185.0,152.0,615.0,Mauro Silva,1,1994,1994,7,0.0,0.7317073170731707,0.14634146341463417,2.048780487804878,1.902439024390244,1.024390243902439,0.8780487804878049,0.0,0.0,0.5853658536585367,0.0,57.65853658536586,51.07317073170732,27.073170731707318,22.243902439024392,72.14634146341464
1421529,0.0,0,0.0,0.0,5.0,1.0,6.0,3.0,1.0,1.0,1.0,0.0,1.0,0.0,83.0,71.0,152.0,25.0,17.0,0.0,42.0,34.0,270.0,Dmitri Khlestov,1,1994,1994,3,0.0,0.0,0.0,1.6666666666666667,0.3333333333333333,2.0,0.3333333333333333,0.3333333333333333,0.3333333333333333,0.3333333333333333,0.0,27.666666666666668,23.666666666666668,14.0,11.333333333333334,50.666666666666664
1421532,0.0,9,0.0,7.0,6.0,1.0,6.0,9.0,3.0,0.0,0.0,0.0,0.0,0.0,250.0,190.0,365.0,34.0,26.0,0.0,130.0,82.0,493.0,Yuriy Nikiforov,2,1994,2002,6,0.0,1.643002028397566,0.0,1.0953346855983772,0.18255578093306288,1.0953346855983772,0.5476673427991886,0.0,0.0,0.0,0.0,45.63894523326572,34.68559837728195,23.732251521298174,14.969574036511156,66.63286004056795
1421537,0.0,3,0.0,2.0,3.0,2.0,7.0,3.0,5.0,0.0,0.0,0.0,0.0,0.0,291.0,233.0,409.0,41.0,30.0,0.0,121.0,81.0,450.0,Viktor Onopko,2,1994,2002,5,0.0,0.6,0.0,0.6,0.4,1.4,1.0,0.0,0.0,0.0,0.0,58.2,46.6,24.2,16.2,81.8
1421548,0.0,2,1.0,1.0,7.0,1.0,5.0,14.0,1.0,0.0,0.0,0.0,6.0,1.0,148.0,113.0,260.0,25.0,25.0,0.0,76.0,49.0,390.0,Agustin Eguavoen,2,1994,1998,4,0.0,0.46153846153846156,0.23076923076923078,1.6153846153846154,0.23076923076923078,1.153846153846154,0.23076923076923078,0.0,0.0,1.3846153846153848,0.23076923076923078,34.15384615384615,26.07692307692308,17.53846153846154,11.307692307692308,60.00000000000001
1421549,0.0,0,0.0,0.0,0.0,0.0,2.0,8.0,4.0,0.0,0.0,0.0,3.0,1.0,151.0,134.0,219.0,14.0,14.0,0.0,57.0,43.0,390.0,Chidi Nwanu,1,1994,1994,4,0.0,0.0,0.0,0.0,0.0,0.46153846153846156,0.9230769230769231,0.0,0.0,0.6923076923076924,0.23076923076923078,34.84615384615385,30.923076923076927,13.153846153846155,9.923076923076923,50.53846153846154
1421550,0.0,1,0.0,1.0,1.0,0.0,2.0,12.0,0.0,0.0,0.0,0.0,0.0,0.0,227.0,200.0,321.0,24.0,23.0,0.0,52.0,37.0,660.0,Alozia Uche Okechukwu,2,1994,1998,7,0.0,0.13636363636363638,0.0,0.13636363636363638,0.0,0.27272727272727276,0.0,0.0,0.0,0.0,0.0,30.954545454545457,27.272727272727273,7.090909090909091,5.045454545454546,43.77272727272727
1421552,1.0,20,5.0,8.0,24.0,15.0,3.0,14.0,10.0,0.0,0.0,0.0,2.0,0.0,367.0,294.0,492.0,58.0,42.0,0.0,219.0,159.0,702.0,Sunday Oliseh,2,1994,1998,8,0.12820512820512822,2.5641025641025643,0.6410256410256411,3.076923076923077,1.9230769230769231,0.38461538461538464,1.2820512820512822,0.0,0.0,0.25641025641025644,0.0,47.05128205128205,37.69230769230769,28.076923076923077,20.384615384615387,63.07692307692308
1421554,2.0,8,3.0,5.0,20.0,10.0,10.0,10.0,10.0,1.0,2.0,1.0,5.0,1.0,134.0,111.0,238.0,37.0,37.0,0.0,104.0,83.0,373.0,Daniel Amokachi,2,1994,1998,5,0.4825737265415549,1.9302949061662196,0.7238605898123324,4.825737265415549,2.4128686327077746,2.4128686327077746,2.4128686327077746,0.24128686327077745,0.4825737265415549,1.2064343163538873,0.24128686327077745,32.33243967828418,26.782841823056298,25.093833780160857,20.02680965147453,57.42627345844504
1421556,2.0,14,2.0,7.0,28.0,20.0,2.0,4.0,6.0,1.0,1.0,0.0,27.0,4.0,112.0,90.0,231.0,28.0,25.0,1.0,60.0,42.0,328.0,Emmanuel Amunike,1,1994,1994,4,0.5487804878048781,3.841463414634146,0.5487804878048781,7.682926829268292,5.487804878048781,0.5487804878048781,1.6463414634146343,0.27439024390243905,0.27439024390243905,7.408536585365853,1.0975609756097562,30.73170731707317,24.695121951219512,16.463414634146343,11.52439024390244,63.38414634146341
1421557,1.0,21,8.0,7.0,17.0,10.0,7.0,6.0,7.0,1.0,2.0,7.0,5.0,2.0,118.0,87.0,210.0,24.0,46.0,0.0,99.0,70.0,518.0,Rashidi Yekini,2,1994,1998,8,0.17374517374517376,3.6486486486486487,1.38996138996139,2.9536679536679538,1.7374517374517375,1.2162162162162162,1.2162162162162162,0.17374517374517376,0.3474903474903475,0.8687258687258688,0.3474903474903475,20.501930501930502,15.115830115830116,17.2007722007722,12.162162162162161,36.486486486486484
1421559,0.0,0,0.0,0.0,3.0,2.0,2.0,13.0,2.0,1.0,0.0,0.0,5.0,1.0,150.0,124.0,223.0,16.0,23.0,0.0,66.0,46.0,300.0,Michael Emenalo,1,1994,1994,3,0.0,0.0,0.0,0.8999999999999999,0.6,0.6,0.6,0.3,0.0,1.5,0.3,45.0,37.199999999999996,19.8,13.799999999999999,66.89999999999999
1421568,1.0,7,2.0,3.0,13.0,4.0,8.0,15.0,7.0,0.0,0.0,0.0,8.0,1.0,209.0,168.0,323.0,37.0,39.0,1.0,136.0,104.0,414.0,Mutiu Adepoju,2,1994,1998,7,0.2173913043478261,1.5217391304347827,0.4347826086956522,2.8260869565217392,0.8695652173913044,1.7391304347826089,1.5217391304347827,0.0,0.0,1.7391304347826089,0.2173913043478261,45.434782608695656,36.52173913043479,29.56521739130435,22.608695652173914,70.21739130434783
1421569,0.0,1,0.0,0.0,2.0,1.0,5.0,12.0,4.0,0.0,1.0,0.0,9.0,2.0,119.0,105.0,227.0,22.0,27.0,0.0,64.0,51.0,367.0,Emil Kremenliev,1,1994,1994,5,0.0,0.2452316076294278,0.0,0.4904632152588556,0.2452316076294278,1.226158038147139,0.9809264305177112,0.0,0.2452316076294278,2.20708446866485,0.4904632152588556,29.18256130790191,25.74931880108992,15.69482288828338,12.506811989100818,55.66757493188011
1421570,0.0,0,0.0,0.0,0.0,0.0,3.0,7.0,1.0,0.0,0.0,0.0,0.0,0.0,272.0,238.0,365.0,20.0,19.0,0.0,79.0,55.0,660.0,Petar Hubchev,1,1994,1994,7,0.0,0.0,0.0,0.0,0.0,0.4090909090909091,0.13636363636363638,0.0,0.0,0.0,0.0,37.09090909090909,32.45454545454545,10.772727272727273,7.5,49.77272727272727
1421571,0.0,1,0.0,1.0,4.0,2.0,10.0,11.0,2.0,0.0,0.0,0.0,9.0,1.0,210.0,176.0,338.0,37.0,26.0,0.0,99.0,78.0,504.0,Tsanko Tsvetanov,1,1994,1994,6,0.0,0.17857142857142858,0.0,0.7142857142857143,0.35714285714285715,1.7857142857142858,0.35714285714285715,0.0,0.0,1.6071428571428572,0.17857142857142858,37.5,31.42857142857143,17.67857142857143,13.928571428571429,60.35714285714286
1421572,0.0,8,2.0,4.0,2.0,2.0,9.0,17.0,4.0,0.0,0.0,0.0,2.0,0.0,222.0,160.0,365.0,52.0,42.0,0.0,99.0,50.0,763.0,Trifon Ivanov,2,1994,1998,9,0.0,0.9436435124508519,0.23591087811271297,0.23591087811271297,0.23591087811271297,1.0615989515072084,0.47182175622542594,0.0,0.0,0.23591087811271297,0.0,26.18610747051114,18.872870249017037,11.677588466579293,5.897771952817824,43.05373525557012
1421573,0.0,24,7.0,12.0,44.0,31.0,26.0,13.0,26.0,1.0,2.0,4.0,70.0,15.0,585.0,484.0,897.0,100.0,75.0,2.0,372.0,294.0,900.0,Krasimir Balakov,2,1994,1998,10,0.0,2.4,0.7,4.4,3.1,2.6,2.6,0.1,0.2,7.0,1.5,58.5,48.4,37.2,29.4,89.7
1421574,2.0,7,5.0,1.0,36.0,20.0,19.0,11.0,12.0,0.0,1.0,1.0,8.0,0.0,350.0,273.0,534.0,81.0,79.0,0.0,210.0,145.0,615.0,Yordan Letchkov,1,1994,1994,7,0.29268292682926833,1.024390243902439,0.7317073170731707,5.2682926829268295,2.926829268292683,2.780487804878049,1.7560975609756098,0.0,0.14634146341463417,1.1707317073170733,0.0,51.21951219512195,39.951219512195124,30.731707317073173,21.21951219512195,78.14634146341464
1421575,0.0,7,3.0,4.0,9.0,7.0,9.0,16.0,6.0,2.0,2.0,0.0,6.0,2.0,424.0,347.0,571.0,60.0,56.0,0.0,215.0,154.0,715.0,Zlatko Yankov,2,1994,1998,8,0.0,0.8811188811188811,0.3776223776223776,1.132867132867133,0.8811188811188811,1.132867132867133,0.7552447552447552,0.2517482517482517,0.2517482517482517,0.7552447552447552,0.2517482517482517,53.370629370629366,43.67832167832168,27.062937062937063,19.384615384615383,71.87412587412587
1421576,1.0,6,5.0,1.0,19.0,10.0,3.0,9.0,3.0,1.0,0.0,0.0,10.0,1.0,186.0,147.0,271.0,25.0,31.0,0.0,103.0,68.0,361.0,Daniel Borimirov,2,1994,1998,7,0.24930747922437674,1.4958448753462603,1.2465373961218837,4.7368421052631575,2.4930747922437675,0.7479224376731302,0.7479224376731302,0.24930747922437674,0.0,2.4930747922437675,0.24930747922437674,46.37119113573407,36.64819944598338,25.678670360110804,16.952908587257618,67.5623268698061
1421577,1.0,29,10.0,13.0,21.0,4.0,6.0,12.0,9.0,1.0,1.0,1.0,10.0,0.0,186.0,131.0,322.0,26.0,73.0,2.0,144.0,92.0,817.0,Emil Kostadinov,2,1994,1998,10,0.11015911872705018,3.1946144430844554,1.1015911872705018,2.313341493268054,0.44063647490820074,0.6609547123623011,0.9914320685434517,0.11015911872705018,0.11015911872705018,1.1015911872705018,0.0,20.489596083231334,14.430844553243574,15.862913096695227,10.134638922888618,35.47123623011016
1421578,6.0,43,13.0,18.0,24.0,16.0,23.0,17.0,11.0,0.0,3.0,3.0,17.0,2.0,279.0,205.0,477.0,54.0,64.0,1.0,196.0,133.0,869.0,Hristo Stoichkov,2,1994,1998,10,0.6214039125431531,4.453394706559264,1.3463751438434983,2.4856156501726123,1.6570771001150748,2.38204833141542,1.139240506329114,0.0,0.31070195627157654,1.760644418872267,0.20713463751438435,28.89528193325662,21.231300345224398,20.299194476409667,13.77445339470656,49.40161104718067
1421582,0.0,1,1.0,0.0,9.0,7.0,11.0,3.0,2.0,0.0,0.0,0.0,6.0,0.0,249.0,216.0,353.0,29.0,17.0,0.0,106.0,81.0,419.0,Iliyan Kiryakov,1,1994,1994,6,0.0,0.21479713603818615,0.21479713603818615,1.9331742243436754,1.503579952267303,2.3627684964200477,0.4295942720763723,0.0,0.0,1.2887828162291168,0.0,53.48448687350835,46.39618138424821,22.768496420047732,17.398568019093076,75.82338902147971
1421584,0.0,4,1.0,2.0,4.0,2.0,12.0,4.0,3.0,1.0,0.0,1.0,4.0,2.0,196.0,155.0,289.0,37.0,25.0,0.0,98.0,64.0,385.0,Ivaylo Yordanov,2,1994,1998,7,0.0,0.935064935064935,0.23376623376623376,0.935064935064935,0.4675324675324675,2.8051948051948052,0.7012987012987013,0.23376623376623376,0.0,0.935064935064935,0.4675324675324675,45.81818181818182,36.23376623376623,22.90909090909091,14.96103896103896,67.55844155844156
1421590,0.0,3,0.0,3.0,13.0,6.0,10.0,16.0,6.0,1.0,1.0,0.0,14.0,2.0,320.0,258.0,520.0,62.0,51.0,0.0,172.0,123.0,765.0,José Antonio Chamot,3,1994,2002,9,0.0,0.35294117647058826,0.0,1.5294117647058822,0.7058823529411765,1.1764705882352942,0.7058823529411765,0.11764705882352941,0.11764705882352941,1.6470588235294117,0.23529411764705882,37.64705882352941,30.352941176470587,20.235294117647058,14.470588235294118,61.1764705882353
1421591,0.0,2,1.0,0.0,2.0,1.0,3.0,11.0,1.0,0.0,0.0,0.0,2.0,0.0,179.0,162.0,248.0,37.0,18.0,0.0,48.0,38.0,360.0,Fernando Cáceres,1,1994,1994,4,0.0,0.5,0.25,0.5,0.25,0.75,0.25,0.0,0.0,0.5,0.0,44.75,40.5,12.0,9.5,62.0
1421592,0.0,18,4.0,11.0,29.0,18.0,21.0,12.0,24.0,2.0,1.0,2.0,12.0,4.0,665.0,562.0,870.0,74.0,68.0,0.0,428.0,335.0,914.0,Diego Simeone,3,1994,2002,11,0.0,1.7724288840262583,0.39387308533916854,2.8555798687089715,1.7724288840262583,2.067833698030635,2.3632385120350112,0.19693654266958427,0.09846827133479213,1.1816192560175056,0.39387308533916854,65.48140043763676,55.33916849015318,42.14442013129103,32.98687089715536,85.66739606126914
1421593,0.0,5,1.0,2.0,23.0,13.0,7.0,12.0,2.0,1.0,0.0,0.0,4.0,2.0,377.0,349.0,479.0,46.0,37.0,0.0,194.0,172.0,360.0,Fernando Redondo,1,1994,1994,4,0.0,1.25,0.25,5.75,3.25,1.75,0.5,0.25,0.0,1.0,0.5,94.25,87.25,48.5,43.0,119.75
1421594,10.0,60,19.0,28.0,16.0,4.0,22.0,22.0,11.0,0.0,0.0,8.0,12.0,2.0,214.0,169.0,410.0,49.0,78.0,2.0,173.0,130.0,988.0,Gabriel Batistuta,3,1994,2002,12,0.9109311740890689,5.465587044534413,1.7307692307692308,1.45748987854251,0.3643724696356275,2.0040485829959516,1.0020242914979758,0.0,0.0,1.0931174089068827,0.18218623481781376,19.493927125506072,15.394736842105264,15.759109311740891,11.842105263157894,37.34817813765182
1421604,0.0,2,0.0,2.0,3.0,2.0,1.0,1.0,1.0,0.0,1.0,0.0,1.0,0.0,94.0,80.0,150.0,23.0,7.0,0.0,34.0,23.0,270.0,Ioannis Kalitzakis,1,1994,1994,3,0.0,0.6666666666666666,0.0,1.0,0.6666666666666666,0.3333333333333333,0.3333333333333333,0.0,0.3333333333333333,0.3333333333333333,0.0,31.333333333333332,26.666666666666668,11.333333333333334,7.666666666666667,50.0
1421608,0.0,5,3.0,1.0,15.0,9.0,11.0,1.0,2.0,0.0,1.0,0.0,11.0,1.0,142.0,129.0,238.0,23.0,27.0,0.0,94.0,82.0,270.0,Savvas Kofidis,1,1994,1994,3,0.0,1.6666666666666667,1.0,5.0,3.0,3.6666666666666665,0.6666666666666666,0.0,0.3333333333333333,3.6666666666666665,0.3333333333333333,47.333333333333336,43.0,31.333333333333332,27.333333333333332,79.33333333333333
1421610,0.0,2,0.0,1.0,6.0,3.0,1.0,3.0,7.0,0.0,0.0,0.0,15.0,6.0,204.0,154.0,280.0,18.0,23.0,0.0,127.0,87.0,270.0,Nikos Nioplias,1,1994,1994,3,0.0,0.6666666666666666,0.0,2.0,1.0,0.3333333333333333,2.3333333333333335,0.0,0.0,5.0,2.0,68.0,51.333333333333336,42.333333333333336,29.0,93.33333333333333
1421627,3.0,6,3.0,3.0,10.0,9.0,4.0,11.0,4.0,0.0,0.0,0.0,1.0,0.0,261.0,225.0,358.0,45.0,42.0,0.0,137.0,106.0,532.0,César Sampaio,1,1998,1998,6,0.5075187969924811,1.0150375939849623,0.5075187969924811,1.6917293233082706,1.5225563909774436,0.6766917293233082,0.6766917293233082,0.0,0.0,0.16917293233082706,0.0,44.15413533834586,38.06390977443609,23.176691729323306,17.93233082706767,60.563909774436084
1421633,0.0,3,1.0,0.0,0.0,0.0,6.0,3.0,0.0,0.0,0.0,0.0,0.0,0.0,106.0,70.0,165.0,35.0,12.0,0.0,52.0,23.0,270.0,Colin Hendry,1,1998,1998,3,0.0,1.0,0.3333333333333333,0.0,0.0,2.0,0.0,0.0,0.0,0.0,0.0,35.333333333333336,23.333333333333332,17.333333333333332,7.666666666666667,55.0
1421636,0.0,1,0.0,1.0,2.0,2.0,1.0,1.0,1.0,0.0,0.0,0.0,5.0,2.0,125.0,99.0,188.0,16.0,11.0,0.0,64.0,43.0,270.0,Tom Boyd,1,1998,1998,3,0.0,0.3333333333333333,0.0,0.6666666666666666,0.6666666666666666,0.3333333333333333,0.3333333333333333,0.0,0.0,1.6666666666666667,0.6666666666666666,41.666666666666664,33.0,21.333333333333332,14.333333333333334,62.666666666666664
1421637,0.0,2,0.0,2.0,7.0,2.0,1.0,2.0,9.0,0.0,0.0,0.0,1.0,1.0,194.0,174.0,244.0,21.0,12.0,0.0,109.0,93.0,270.0,Paul Lambert,1,1998,1998,3,0.0,0.6666666666666666,0.0,2.3333333333333335,0.6666666666666666,0.3333333333333333,3.0,0.0,0.0,0.3333333333333333,0.3333333333333333,64.66666666666667,58.0,36.333333333333336,31.0,81.33333333333333
1421655,2.0,8,5.0,3.0,6.0,3.0,5.0,4.0,4.0,0.0,0.0,2.0,7.0,1.0,93.0,79.0,151.0,16.0,22.0,0.0,56.0,44.0,270.0,Salaheddine Bassir,1,1998,1998,3,0.6666666666666666,2.6666666666666665,1.6666666666666667,2.0,1.0,1.6666666666666667,1.3333333333333333,0.0,0.0,2.3333333333333335,0.3333333333333333,31.0,26.333333333333332,18.666666666666668,14.666666666666666,50.333333333333336
1421669,1.0,7,4.0,2.0,2.0,2.0,2.0,6.0,4.0,0.0,0.0,0.0,6.0,3.0,98.0,57.0,141.0,39.0,33.0,0.0,81.0,42.0,274.0,Håvard Flo,1,1998,1998,4,0.3284671532846716,2.2992700729927007,1.3138686131386863,0.6569343065693432,0.6569343065693432,0.6569343065693432,1.3138686131386863,0.0,0.0,1.9708029197080292,0.9854014598540146,32.189781021897815,18.72262773722628,26.605839416058394,13.795620437956206,46.31386861313869
1421680,0.0,2,0.0,2.0,22.0,8.0,11.0,7.0,7.0,1.0,2.0,2.0,11.0,3.0,107.0,81.0,204.0,27.0,35.0,0.0,81.0,57.0,357.0,Francesco Moriero,1,1998,1998,4,0.0,0.5042016806722689,0.0,5.546218487394958,2.0168067226890756,2.773109243697479,1.7647058823529411,0.25210084033613445,0.5042016806722689,2.773109243697479,0.7563025210084033,26.974789915966387,20.42016806722689,20.42016806722689,14.369747899159663,51.42857142857142
1421682,0.0,2,1.0,0.0,10.0,3.0,7.0,8.0,1.0,1.0,1.0,0.0,2.0,0.0,110.0,77.0,207.0,38.0,32.0,0.0,56.0,35.0,360.0,Pedro Reyes,1,1998,1998,4,0.0,0.5,0.25,2.5,0.75,1.75,0.25,0.25,0.25,0.5,0.0,27.5,19.25,14.0,8.75,51.75
1421684,0.0,0,0.0,0.0,1.0,1.0,5.0,5.0,0.0,0.0,0.0,0.0,0.0,0.0,122.0,101.0,197.0,21.0,14.0,0.0,46.0,30.0,360.0,Ronald Fuentes,1,1998,1998,4,0.0,0.0,0.0,0.25,0.25,1.25,0.0,0.0,0.0,0.0,0.0,30.5,25.25,11.5,7.5,49.25
1421685,0.0,2,0.0,1.0,2.0,2.0,5.0,3.0,1.0,0.0,0.0,0.0,0.0,0.0,103.0,73.0,200.0,51.0,14.0,0.0,50.0,25.0,334.0,Javier Margas,1,1998,1998,4,0.0,0.5389221556886228,0.0,0.5389221556886228,0.5389221556886228,1.3473053892215567,0.2694610778443114,0.0,0.0,0.0,0.0,27.75449101796407,19.67065868263473,13.47305389221557,6.736526946107785,53.89221556886228
1421686,0.0,2,0.0,1.0,6.0,4.0,7.0,7.0,2.0,1.0,1.0,0.0,2.0,1.0,212.0,161.0,279.0,32.0,26.0,0.0,132.0,96.0,342.0,Clarence Acuña,1,1998,1998,4,0.0,0.5263157894736842,0.0,1.5789473684210527,1.0526315789473684,1.842105263157895,0.5263157894736842,0.2631578947368421,0.2631578947368421,0.5263157894736842,0.2631578947368421,55.78947368421053,42.36842105263158,34.73684210526316,25.263157894736842,73.42105263157895
1421688,0.0,1,0.0,1.0,4.0,3.0,0.0,11.0,0.0,0.0,0.0,0.0,0.0,0.0,145.0,123.0,200.0,23.0,29.0,0.0,87.0,75.0,270.0,Nelson Parraguez,1,1998,1998,3,0.0,0.3333333333333333,0.0,1.3333333333333333,1.0,0.0,0.0,0.0,0.0,0.0,0.0,48.333333333333336,41.0,29.0,25.0,66.66666666666667
1421689,0.0,16,6.0,8.0,16.0,8.0,6.0,5.0,3.0,0.0,1.0,1.0,5.0,1.0,142.0,104.0,231.0,45.0,54.0,0.0,113.0,76.0,360.0,Iván Zamorano,1,1998,1998,4,0.0,4.0,1.5,4.0,2.0,1.5,0.75,0.0,0.25,1.25,0.25,35.5,26.0,28.25,19.0,57.75
1421703,1.0,3,2.0,0.0,6.0,5.0,1.0,4.0,1.0,0.0,0.0,0.0,1.0,0.0,138.0,93.0,180.0,18.0,10.0,0.0,75.0,35.0,276.0,Pierre Njanka,2,1998,2002,4,0.32608695652173914,0.9782608695652173,0.6521739130434783,1.9565217391304346,1.6304347826086956,0.32608695652173914,0.32608695652173914,0.0,0.0,0.32608695652173914,0.0,45.0,30.32608695652174,24.456521739130434,11.41304347826087,58.69565217391304
1421705,2.0,21,7.0,9.0,14.0,6.0,9.0,4.0,4.0,1.0,2.0,1.0,5.0,2.0,156.0,104.0,246.0,43.0,40.0,0.0,108.0,61.0,471.0,Patrick Mboma,2,1998,2002,6,0.38216560509554137,4.012738853503184,1.3375796178343948,2.6751592356687897,1.1464968152866242,1.7197452229299364,0.7643312101910827,0.19108280254777069,0.38216560509554137,0.9554140127388535,0.38216560509554137,29.808917197452228,19.872611464968152,20.636942675159236,11.656050955414013,47.00636942675159
1421717,0.0,0,0.0,0.0,7.0,4.0,6.0,1.0,1.0,0.0,0.0,0.0,4.0,3.0,156.0,131.0,224.0,21.0,17.0,0.0,74.0,60.0,270.0,Wolfgang Feiersinger,1,1998,1998,3,0.0,0.0,0.0,2.3333333333333335,1.3333333333333333,2.0,0.3333333333333333,0.0,0.0,1.3333333333333333,1.0,52.0,43.666666666666664,24.666666666666668,20.0,74.66666666666667
1421718,0.0,2,1.0,1.0,3.0,1.0,4.0,7.0,3.0,0.0,0.0,1.0,9.0,3.0,126.0,100.0,199.0,13.0,19.0,0.0,67.0,49.0,270.0,Arnold Wetl,1,1998,1998,3,0.0,0.6666666666666666,0.3333333333333333,1.0,0.3333333333333333,1.3333333333333333,1.0,0.0,0.0,3.0,1.0,42.0,33.333333333333336,22.333333333333332,16.333333333333332,66.33333333333333
1421721,0.0,3,0.0,1.0,5.0,2.0,3.0,6.0,3.0,1.0,0.0,0.0,6.0,1.0,153.0,117.0,216.0,14.0,22.0,0.0,99.0,64.0,270.0,Roman Mählich,1,1998,1998,3,0.0,1.0,0.0,1.6666666666666667,0.6666666666666666,1.0,1.0,0.3333333333333333,0.0,2.0,0.3333333333333333,51.0,39.0,33.0,21.333333333333332,72.0
1421733,0.0,2,0.0,1.0,7.0,5.0,5.0,4.0,6.0,0.0,0.0,0.0,2.0,0.0,172.0,141.0,275.0,33.0,28.0,0.0,90.0,68.0,384.0,Julio César Enciso,1,1998,1998,4,0.0,0.46875,0.0,1.640625,1.171875,1.171875,1.40625,0.0,0.0,0.46875,0.0,40.3125,33.046875,21.09375,15.9375,64.453125
1421734,1.0,13,5.0,4.0,29.0,16.0,15.0,8.0,3.0,0.0,0.0,2.0,10.0,0.0,112.0,83.0,228.0,37.0,41.0,0.0,76.0,52.0,362.0,Miguel Ángel Benítez,1,1998,1998,4,0.24861878453038674,3.2320441988950277,1.2430939226519337,7.209944751381216,3.977900552486188,3.729281767955801,0.7458563535911602,0.0,0.0,2.4861878453038675,0.0,27.845303867403317,20.6353591160221,18.895027624309392,12.92817679558011,56.68508287292818
1421735,1.0,12,7.0,2.0,8.0,0.0,9.0,6.0,5.0,0.0,1.0,0.0,6.0,1.0,97.0,73.0,173.0,19.0,39.0,0.0,66.0,47.0,376.0,Jorge Campos,2,1998,2002,7,0.23936170212765956,2.872340425531915,1.675531914893617,1.9148936170212765,0.0,2.154255319148936,1.1968085106382977,0.0,0.23936170212765956,1.4361702127659575,0.23936170212765956,23.218085106382976,17.47340425531915,15.797872340425531,11.25,41.409574468085104
1421737,0.0,16,2.0,9.0,25.0,13.0,12.0,18.0,16.0,0.0,1.0,0.0,16.0,3.0,553.0,427.0,787.0,60.0,83.0,0.0,337.0,236.0,930.0,Roberto Acuña,3,1998,2006,11,0.0,1.5483870967741935,0.1935483870967742,2.4193548387096775,1.2580645161290323,1.161290322580645,1.5483870967741935,0.0,0.0967741935483871,1.5483870967741935,0.29032258064516125,53.516129032258064,41.32258064516129,32.61290322580645,22.838709677419352,76.16129032258064
1421747,1.0,12,6.0,4.0,6.0,3.0,4.0,4.0,21.0,3.0,4.0,0.0,87.0,18.0,349.0,262.0,592.0,32.0,18.0,0.0,217.0,148.0,654.0,Francisco Arce,2,1998,2002,7,0.13761467889908258,1.651376146788991,0.8256880733944955,0.8256880733944955,0.41284403669724773,0.5504587155963303,2.889908256880734,0.41284403669724773,0.5504587155963303,11.972477064220184,2.477064220183486,48.027522935779814,36.055045871559635,29.862385321100916,20.36697247706422,81.46788990825688
1421762,0.0,1,1.0,0.0,1.0,1.0,8.0,1.0,8.0,0.0,0.0,0.0,24.0,6.0,188.0,146.0,333.0,23.0,16.0,0.0,95.0,64.0,425.0,Mohammed Shaliyah Al Jahani,2,1998,2002,5,0.0,0.21176470588235294,0.21176470588235294,0.21176470588235294,0.21176470588235294,1.6941176470588235,1.6941176470588235,0.0,0.0,5.08235294117647,1.2705882352941176,39.811764705882354,30.91764705882353,20.11764705882353,13.552941176470588,70.51764705882353
1421763,0.0,0,0.0,0.0,7.0,3.0,4.0,9.0,3.0,0.0,0.0,0.0,3.0,0.0,264.0,233.0,326.0,25.0,25.0,0.0,116.0,96.0,405.0,Khamis Al-Owairan,2,1998,2002,5,0.0,0.0,0.0,1.5555555555555556,0.6666666666666666,0.8888888888888888,0.6666666666666666,0.0,0.0,0.6666666666666666,0.0,58.666666666666664,51.77777777777778,25.77777777777778,21.333333333333332,72.44444444444444
1421767,1.0,4,1.0,2.0,0.0,0.0,2.0,5.0,0.0,0.0,0.0,0.0,0.0,0.0,111.0,89.0,183.0,26.0,16.0,1.0,49.0,35.0,450.0,Marc Rieper,1,1998,1998,5,0.2,0.8,0.2,0.0,0.0,0.4,0.0,0.0,0.0,0.0,0.0,22.2,17.8,9.8,7.0,36.6
1421769,0.0,2,0.0,2.0,0.0,0.0,3.0,8.0,2.0,0.0,0.0,0.0,10.0,1.0,213.0,162.0,308.0,22.0,19.0,0.0,123.0,85.0,405.0,Sören Colding,1,1998,1998,5,0.0,0.4444444444444444,0.0,0.0,0.0,0.6666666666666666,0.4444444444444444,0.0,0.0,2.2222222222222223,0.2222222222222222,47.333333333333336,36.0,27.333333333333332,18.88888888888889,68.44444444444444
1421770,0.0,0,0.0,0.0,0.0,0.0,5.0,5.0,2.0,0.0,0.0,0.0,1.0,1.0,151.0,129.0,241.0,25.0,11.0,0.0,40.0,26.0,450.0,Jes Høgh,1,1998,1998,5,0.0,0.0,0.0,0.0,0.0,1.0,0.4,0.0,0.0,0.2,0.2,30.2,25.8,8.0,5.2,48.2
1421772,2.0,9,5.0,0.0,30.0,19.0,9.0,1.0,9.0,3.0,3.0,0.0,27.0,7.0,141.0,108.0,259.0,31.0,22.0,1.0,113.0,83.0,417.0,Brian Laudrup,1,1998,1998,5,0.4316546762589928,1.9424460431654675,1.079136690647482,6.474820143884892,4.100719424460431,1.9424460431654675,1.9424460431654675,0.6474820143884892,0.6474820143884892,5.827338129496402,1.5107913669064748,30.43165467625899,23.30935251798561,24.388489208633093,17.9136690647482,55.899280575539564
1421774,0.0,0,0.0,0.0,6.0,2.0,9.0,8.0,0.0,0.0,0.0,0.0,5.0,0.0,212.0,170.0,357.0,46.0,30.0,0.0,96.0,64.0,456.0,Jan Heintze,2,1998,2002,7,0.0,0.0,0.0,1.1842105263157896,0.39473684210526316,1.7763157894736843,0.0,0.0,0.0,0.986842105263158,0.0,41.8421052631579,33.55263157894737,18.947368421052634,12.631578947368421,70.46052631578948
1421776,1.0,8,3.0,3.0,15.0,7.0,9.0,4.0,3.0,0.0,0.0,1.0,4.0,1.0,151.0,123.0,238.0,28.0,26.0,0.0,90.0,69.0,339.0,Allan Nielsen,1,1998,1998,5,0.26548672566371684,2.1238938053097347,0.7964601769911505,3.982300884955752,1.8584070796460177,2.3893805309734515,0.7964601769911505,0.0,0.0,1.0619469026548674,0.26548672566371684,40.08849557522124,32.65486725663717,23.893805309734514,18.31858407079646,63.1858407079646
1421778,0.0,7,1.0,4.0,10.0,8.0,14.0,12.0,0.0,0.0,0.0,0.0,0.0,0.0,425.0,384.0,614.0,87.0,45.0,1.0,165.0,132.0,932.0,Marcel Desailly,2,1998,2002,10,0.0,0.6759656652360515,0.09656652360515021,0.9656652360515021,0.7725321888412017,1.351931330472103,0.0,0.0,0.0,0.0,0.0,41.04077253218884,37.08154506437768,15.933476394849784,12.746781115879827,59.29184549356223
1421780,1.0,4,1.0,2.0,2.0,2.0,5.0,4.0,3.0,0.0,0.0,0.0,1.0,0.0,231.0,193.0,297.0,39.0,12.0,0.0,117.0,86.0,488.0,Laurent Blanc,1,1998,1998,5,0.1844262295081967,0.7377049180327868,0.1844262295081967,0.3688524590163934,0.3688524590163934,0.9221311475409836,0.5532786885245902,0.0,0.0,0.1844262295081967,0.0,42.60245901639344,35.59426229508197,21.577868852459016,15.860655737704917,54.77459016393443
1421781,0.0,7,0.0,2.0,9.0,3.0,16.0,14.0,19.0,0.0,2.0,0.0,8.0,1.0,419.0,345.0,549.0,63.0,50.0,0.0,290.0,230.0,594.0,Didier Deschamps,1,1998,1998,6,0.0,1.0606060606060606,0.0,1.3636363636363638,0.4545454545454546,2.4242424242424243,2.878787878787879,0.0,0.30303030303030304,1.2121212121212122,0.15151515151515152,63.48484848484849,52.27272727272727,43.939393939393945,34.84848484848485,83.18181818181819
1421782,2.0,16,5.0,5.0,8.0,7.0,8.0,12.0,16.0,1.0,0.0,0.0,38.0,11.0,385.0,307.0,551.0,56.0,34.0,1.0,229.0,168.0,689.0,Emmanuel Petit,2,1998,2002,8,0.2612481857764877,2.0899854862119014,0.6531204644412192,1.0449927431059507,0.9143686502177067,1.0449927431059507,2.0899854862119014,0.13062409288824384,0.0,4.963715529753266,1.436865021770682,50.290275761973874,40.101596516690854,29.912917271407835,21.94484760522496,71.97387518142234
1421785,1.0,28,7.0,11.0,38.0,19.0,20.0,15.0,24.0,3.0,2.0,3.0,34.0,9.0,302.0,218.0,530.0,62.0,88.0,0.0,246.0,165.0,657.0,Youri Djorkaeff,2,1998,2002,9,0.136986301369863,3.8356164383561646,0.9589041095890412,5.205479452054795,2.6027397260273974,2.73972602739726,3.2876712328767126,0.4109589041095891,0.273972602739726,4.657534246575342,1.2328767123287672,41.369863013698634,29.863013698630137,33.6986301369863,22.602739726027398,72.6027397260274
1421790,0.0,4,2.0,2.0,1.0,0.0,2.0,6.0,0.0,0.0,0.0,0.0,0.0,0.0,160.0,138.0,207.0,9.0,13.0,0.0,71.0,50.0,301.0,Frank Leboeuf,2,1998,2002,5,0.0,1.196013289036545,0.5980066445182725,0.29900332225913623,0.0,0.5980066445182725,0.0,0.0,0.0,0.0,0.0,47.840531561461795,41.262458471760795,21.22923588039867,14.95016611295681,61.89368770764119
1421797,1.0,3,1.0,1.0,1.0,1.0,3.0,5.0,6.0,0.0,0.0,0.0,4.0,2.0,268.0,215.0,364.0,36.0,18.0,0.0,113.0,74.0,530.0,Lucas Radebe,2,1998,2002,6,0.16981132075471697,0.5094339622641509,0.16981132075471697,0.16981132075471697,0.16981132075471697,0.5094339622641509,1.0188679245283019,0.0,0.0,0.6792452830188679,0.33962264150943394,45.50943396226415,36.50943396226415,19.18867924528302,12.566037735849056,61.811320754716974
1421803,0.0,6,2.0,1.0,11.0,8.0,4.0,0.0,3.0,0.0,0.0,0.0,7.0,1.0,140.0,104.0,202.0,20.0,13.0,0.0,96.0,65.0,270.0,John Moshoeu,1,1998,1998,3,0.0,2.0,0.6666666666666666,3.6666666666666665,2.6666666666666665,1.3333333333333333,1.0,0.0,0.0,2.3333333333333335,0.3333333333333333,46.666666666666664,34.666666666666664,32.0,21.666666666666668,67.33333333333333
1421818,2.0,21,8.0,11.0,20.0,9.0,10.0,8.0,9.0,0.0,2.0,5.0,2.0,1.0,138.0,105.0,239.0,32.0,44.0,0.0,121.0,88.0,380.0,Patrick Kluivert,1,1998,1998,4,0.47368421052631576,4.973684210526316,1.894736842105263,4.7368421052631575,2.131578947368421,2.3684210526315788,2.131578947368421,0.0,0.47368421052631576,0.47368421052631576,0.23684210526315788,32.68421052631579,24.86842105263158,28.657894736842106,20.842105263157894,56.60526315789473
1421833,0.0,7,1.0,6.0,7.0,2.0,12.0,15.0,5.0,0.0,0.0,0.0,12.0,2.0,116.0,90.0,195.0,41.0,46.0,0.0,97.0,72.0,333.0,Gert Verheyen,2,1998,2002,5,0.0,1.8918918918918919,0.27027027027027023,1.8918918918918919,0.5405405405405405,3.243243243243243,1.3513513513513513,0.0,0.0,3.243243243243243,0.5405405405405405,31.35135135135135,24.324324324324323,26.216216216216214,19.45945945945946,52.7027027027027
1421850,0.0,3,1.0,2.0,9.0,6.0,6.0,6.0,1.0,0.0,0.0,2.0,1.0,0.0,201.0,162.0,315.0,33.0,26.0,0.0,71.0,46.0,540.0,Taribo West,2,1998,2002,6,0.0,0.5,0.16666666666666666,1.5,1.0,1.0,0.16666666666666666,0.0,0.0,0.16666666666666666,0.0,33.5,27.0,11.833333333333334,7.666666666666667,52.5
1421852,0.0,4,2.0,2.0,16.0,5.0,7.0,1.0,12.0,1.0,3.0,0.0,36.0,10.0,145.0,122.0,263.0,26.0,36.0,0.0,101.0,82.0,432.0,Garba Lawal,2,1998,2002,5,0.0,0.8333333333333334,0.4166666666666667,3.3333333333333335,1.0416666666666667,1.4583333333333335,2.5,0.20833333333333334,0.625,7.5,2.0833333333333335,30.208333333333336,25.416666666666668,21.041666666666668,17.083333333333336,54.79166666666667
1421859,0.0,4,1.0,3.0,2.0,0.0,3.0,11.0,2.0,0.0,0.0,1.0,6.0,2.0,148.0,125.0,241.0,22.0,29.0,0.0,65.0,48.0,394.0,Min-sung Lee,2,1998,2002,5,0.0,0.9137055837563451,0.22842639593908629,0.45685279187817257,0.0,0.6852791878172588,0.45685279187817257,0.0,0.0,1.3705583756345177,0.45685279187817257,33.80710659898477,28.553299492385783,14.847715736040607,10.964467005076141,55.05076142131979
1421860,0.0,2,0.0,2.0,2.0,2.0,20.0,19.0,0.0,0.0,0.0,0.0,3.0,1.0,378.0,308.0,534.0,68.0,52.0,0.0,160.0,109.0,774.0,Tae-young Kim,2,1998,2002,10,0.0,0.23255813953488372,0.0,0.23255813953488372,0.23255813953488372,2.3255813953488373,0.0,0.0,0.0,0.3488372093023256,0.11627906976744186,43.95348837209303,35.81395348837209,18.6046511627907,12.674418604651164,62.093023255813954
1421864,2.0,12,2.0,6.0,11.0,7.0,18.0,8.0,10.0,0.0,1.0,0.0,5.0,1.0,423.0,338.0,599.0,65.0,42.0,0.0,230.0,164.0,848.0,Sang-chul Yoo,2,1998,2002,10,0.2122641509433962,1.2735849056603774,0.2122641509433962,1.1674528301886793,0.7429245283018868,1.910377358490566,1.0613207547169812,0.0,0.1061320754716981,0.5306603773584906,0.1061320754716981,44.8938679245283,35.87264150943396,24.410377358490564,17.40566037735849,63.573113207547166
1421877,4.0,16,10.0,5.0,18.0,4.0,10.0,5.0,5.0,0.0,1.0,3.0,12.0,4.0,96.0,64.0,198.0,24.0,40.0,0.0,80.0,48.0,457.0,Luis Hernández,2,1998,2002,7,0.7877461706783371,3.1509846827133483,1.9693654266958425,3.5448577680525166,0.7877461706783371,1.9693654266958425,0.9846827133479212,0.0,0.19693654266958427,2.3632385120350112,0.7877461706783371,18.90590809628009,12.603938730853393,15.75492341356674,9.452954048140045,38.993435448577685
1421878,0.0,5,3.0,1.0,32.0,22.0,11.0,5.0,6.0,0.0,0.0,3.0,17.0,1.0,245.0,199.0,413.0,43.0,39.0,0.0,174.0,137.0,480.0,José Arellano,3,1998,2006,8,0.0,0.9375,0.5625,6.0,4.125,2.0625,1.125,0.0,0.0,3.1875,0.1875,45.9375,37.3125,32.625,25.6875,77.4375
1421888,0.0,2,0.0,2.0,2.0,2.0,8.0,8.0,4.0,0.0,0.0,1.0,1.0,0.0,186.0,145.0,241.0,30.0,16.0,0.0,110.0,75.0,360.0,Slaviša Jokanović,1,1998,1998,4,0.0,0.5,0.0,0.5,0.5,2.0,1.0,0.0,0.0,0.25,0.0,46.5,36.25,27.5,18.75,60.25
1421889,1.0,6,3.0,3.0,16.0,7.0,15.0,3.0,0.0,0.0,0.0,2.0,4.0,0.0,54.0,41.0,134.0,28.0,40.0,1.0,35.0,23.0,301.0,Predrag Mijatović,1,1998,1998,4,0.29900332225913623,1.7940199335548173,0.8970099667774086,4.78405315614618,2.093023255813953,4.485049833887043,0.0,0.0,0.0,1.196013289036545,0.0,16.146179401993354,12.259136212624584,10.465116279069766,6.877076411960132,40.06644518272425
1421891,0.0,2,0.0,2.0,1.0,1.0,9.0,7.0,0.0,0.0,0.0,0.0,1.0,0.0,120.0,93.0,194.0,25.0,15.0,1.0,53.0,28.0,360.0,Goran Đorović,1,1998,1998,4,0.0,0.5,0.0,0.25,0.25,2.25,0.0,0.0,0.0,0.25,0.0,30.0,23.25,13.25,7.0,48.5
1421892,0.0,7,2.0,3.0,15.0,8.0,9.0,5.0,3.0,0.0,0.0,0.0,4.0,0.0,143.0,100.0,243.0,31.0,40.0,0.0,102.0,65.0,360.0,Vladimir Jugović,1,1998,1998,4,0.0,1.75,0.5,3.75,2.0,2.25,0.75,0.0,0.0,1.0,0.0,35.75,25.0,25.5,16.25,60.75
1421899,2.0,2,2.0,0.0,0.0,0.0,3.0,1.0,0.0,0.0,0.0,0.0,5.0,2.0,91.0,75.0,161.0,14.0,10.0,0.0,48.0,37.0,270.0,Slobodan Komljenović,1,1998,1998,3,0.6666666666666666,0.6666666666666666,0.6666666666666666,0.0,0.0,1.0,0.0,0.0,0.0,1.6666666666666667,0.6666666666666666,30.333333333333332,25.0,16.0,12.333333333333334,53.666666666666664
1421906,0.0,1,0.0,1.0,1.0,1.0,3.0,6.0,1.0,0.0,0.0,0.0,1.0,0.0,83.0,56.0,145.0,11.0,16.0,0.0,38.0,20.0,270.0,Mohammad Khakpour,1,1998,1998,3,0.0,0.3333333333333333,0.0,0.3333333333333333,0.3333333333333333,1.0,0.3333333333333333,0.0,0.0,0.3333333333333333,0.0,27.666666666666668,18.666666666666668,12.666666666666666,6.666666666666667,48.333333333333336
1421907,0.0,2,0.0,2.0,1.0,0.0,0.0,6.0,1.0,0.0,0.0,0.0,1.0,0.0,80.0,53.0,150.0,23.0,19.0,0.0,38.0,15.0,270.0,Mehdi Pashazadeh,1,1998,1998,3,0.0,0.6666666666666666,0.0,0.3333333333333333,0.0,0.0,0.3333333333333333,0.0,0.0,0.3333333333333333,0.0,26.666666666666668,17.666666666666668,12.666666666666666,5.0,50.0
1421908,0.0,4,0.0,3.0,11.0,8.0,3.0,5.0,1.0,0.0,0.0,0.0,4.0,0.0,88.0,64.0,164.0,23.0,24.0,0.0,36.0,20.0,270.0,Mehrdad Minavand,1,1998,1998,3,0.0,1.3333333333333333,0.0,3.6666666666666665,2.6666666666666665,1.0,0.3333333333333333,0.0,0.0,1.3333333333333333,0.0,29.333333333333332,21.333333333333332,12.0,6.666666666666667,54.666666666666664
1421946,0.0,5,1.0,4.0,9.0,6.0,11.0,8.0,2.0,0.0,0.0,0.0,9.0,0.0,222.0,165.0,347.0,39.0,28.0,0.0,99.0,55.0,630.0,Slaven Bilić,1,1998,1998,7,0.0,0.7142857142857143,0.14285714285714285,1.2857142857142858,0.8571428571428571,1.5714285714285714,0.2857142857142857,0.0,0.0,1.2857142857142858,0.0,31.714285714285715,23.571428571428573,14.142857142857142,7.857142857142857,49.57142857142857
1421947,0.0,2,2.0,0.0,5.0,4.0,3.0,16.0,2.0,1.0,1.0,0.0,0.0,0.0,194.0,133.0,309.0,34.0,30.0,1.0,86.0,41.0,517.0,Igor Štimac,1,1998,1998,7,0.0,0.3481624758220503,0.3481624758220503,0.8704061895551257,0.6963249516441006,0.5222437137330754,0.3481624758220503,0.17408123791102514,0.17408123791102514,0.0,0.0,33.77176015473888,23.152804642166345,14.970986460348163,7.137330754352031,53.79110251450677
1421948,0.0,13,5.0,5.0,19.0,13.0,14.0,16.0,13.0,2.0,3.0,1.0,31.0,9.0,266.0,214.0,415.0,42.0,45.0,0.0,161.0,120.0,630.0,Aljoša Asanović,1,1998,1998,7,0.0,1.8571428571428572,0.7142857142857143,2.7142857142857144,1.8571428571428572,2.0,1.8571428571428572,0.2857142857142857,0.42857142857142855,4.428571428571429,1.2857142857142858,38.0,30.571428571428573,23.0,17.142857142857142,59.285714285714285
1421949,0.0,12,3.0,6.0,19.0,16.0,11.0,13.0,9.0,2.0,1.0,3.0,10.0,1.0,226.0,178.0,336.0,47.0,42.0,0.0,131.0,91.0,511.0,Zvonimir Boban,1,1998,1998,6,0.0,2.1135029354207435,0.5283757338551859,3.3463796477495107,2.8180039138943247,1.9373776908023483,1.5851272015655578,0.3522504892367906,0.1761252446183953,1.761252446183953,0.1761252446183953,39.80430528375734,31.35029354207436,23.072407045009783,16.027397260273972,59.17808219178082
1421950,0.0,6,2.0,4.0,1.0,0.0,2.0,17.0,4.0,0.0,0.0,1.0,2.0,1.0,267.0,217.0,388.0,44.0,40.0,1.0,110.0,73.0,693.0,Zvonimir Soldo,2,1998,2002,8,0.0,0.7792207792207793,0.2597402597402597,0.12987012987012986,0.0,0.2597402597402597,0.5194805194805194,0.0,0.0,0.2597402597402597,0.12987012987012986,34.675324675324674,28.18181818181818,14.285714285714285,9.48051948051948,50.38961038961039
1421951,1.0,13,5.0,6.0,27.0,7.0,16.0,17.0,11.0,2.0,5.0,1.0,19.0,7.0,181.0,121.0,429.0,76.0,80.0,0.0,94.0,52.0,664.0,Mario Stanić,2,1998,2002,9,0.1355421686746988,1.7620481927710843,0.677710843373494,3.6596385542168672,0.9487951807228915,2.1686746987951806,1.4909638554216866,0.2710843373493976,0.677710843373494,2.575301204819277,0.9487951807228915,24.53313253012048,16.40060240963855,12.740963855421686,7.048192771084337,58.14759036144578
1421952,0.0,2,0.0,2.0,0.0,0.0,4.0,6.0,1.0,0.0,0.0,0.0,1.0,0.0,94.0,68.0,138.0,20.0,21.0,0.0,53.0,35.0,270.0,Krunoslav Jurčić,1,1998,1998,3,0.0,0.6666666666666666,0.0,0.0,0.0,1.3333333333333333,0.3333333333333333,0.0,0.0,0.3333333333333333,0.0,31.333333333333332,22.666666666666668,17.666666666666668,11.666666666666666,46.0
1421960,1.0,11,5.0,5.0,16.0,6.0,6.0,4.0,2.0,0.0,1.0,0.0,5.0,0.0,94.0,70.0,169.0,21.0,33.0,1.0,65.0,44.0,369.0,Goran Vlaović,1,1998,1998,7,0.24390243902439027,2.682926829268293,1.2195121951219514,3.9024390243902443,1.4634146341463417,1.4634146341463417,0.48780487804878053,0.0,0.24390243902439027,1.2195121951219514,0.0,22.926829268292686,17.073170731707318,15.853658536585368,10.731707317073171,41.21951219512196
1421962,0.0,1,0.0,1.0,3.0,2.0,3.0,17.0,1.0,0.0,0.0,0.0,6.0,0.0,164.0,136.0,227.0,18.0,32.0,0.0,62.0,40.0,365.0,Nelson Vivas,1,1998,1998,4,0.0,0.24657534246575344,0.0,0.7397260273972603,0.4931506849315069,0.7397260273972603,0.24657534246575344,0.0,0.0,1.4794520547945207,0.0,40.43835616438356,33.534246575342465,15.287671232876713,9.863013698630137,55.97260273972603
1421963,0.0,6,1.0,4.0,11.0,6.0,9.0,18.0,5.0,0.0,2.0,0.0,1.0,0.0,367.0,329.0,456.0,37.0,51.0,0.0,210.0,178.0,520.0,Matías Almeyda,2,1998,2002,6,0.0,1.0384615384615385,0.17307692307692307,1.903846153846154,1.0384615384615385,1.5576923076923077,0.8653846153846154,0.0,0.34615384615384615,0.17307692307692307,0.0,63.519230769230774,56.94230769230769,36.34615384615385,30.807692307692307,78.92307692307692
1421966,0.0,2,0.0,2.0,0.0,0.0,3.0,9.0,0.0,0.0,0.0,0.0,0.0,0.0,123.0,97.0,153.0,15.0,19.0,0.0,50.0,32.0,270.0,Yutaka Akita,1,1998,1998,3,0.0,0.6666666666666666,0.0,0.0,0.0,1.0,0.0,0.0,0.0,0.0,0.0,41.0,32.333333333333336,16.666666666666668,10.666666666666666,51.0
1421967,0.0,0,0.0,0.0,0.0,0.0,2.0,3.0,0.0,0.0,0.0,0.0,1.0,0.0,129.0,110.0,170.0,13.0,16.0,0.0,44.0,31.0,270.0,Masami Ihara,1,1998,1998,3,0.0,0.0,0.0,0.0,0.0,0.6666666666666666,0.0,0.0,0.0,0.3333333333333333,0.0,43.0,36.666666666666664,14.666666666666666,10.333333333333334,56.666666666666664
1421969,0.0,5,0.0,4.0,3.0,1.0,2.0,8.0,3.0,0.0,0.0,0.0,2.0,0.0,186.0,153.0,224.0,9.0,24.0,0.0,112.0,85.0,270.0,Motohiro Yamaguchi,1,1998,1998,3,0.0,1.6666666666666667,0.0,1.0,0.3333333333333333,0.6666666666666666,1.0,0.0,0.0,0.6666666666666666,0.0,62.0,51.0,37.333333333333336,28.333333333333332,74.66666666666667
1421978,0.0,4,2.0,2.0,1.0,0.0,5.0,4.0,0.0,0.0,0.0,1.0,0.0,0.0,137.0,109.0,225.0,35.0,21.0,0.0,43.0,25.0,390.0,Tony Adams,1,1998,1998,4,0.0,0.9230769230769231,0.46153846153846156,0.23076923076923078,0.0,1.153846153846154,0.0,0.0,0.0,0.0,0.0,31.615384615384617,25.153846153846157,9.923076923076923,5.76923076923077,51.92307692307693
1421980,1.0,8,2.0,3.0,9.0,3.0,2.0,7.0,7.0,0.0,1.0,0.0,43.0,11.0,127.0,91.0,243.0,18.0,21.0,0.0,97.0,64.0,357.0,Darren Anderton,1,1998,1998,4,0.25210084033613445,2.0168067226890756,0.5042016806722689,2.26890756302521,0.7563025210084033,0.5042016806722689,1.7647058823529411,0.0,0.25210084033613445,10.84033613445378,2.773109243697479,32.016806722689076,22.941176470588236,24.45378151260504,16.134453781512605,61.26050420168067
1421981,0.0,6,0.0,4.0,6.0,2.0,11.0,4.0,2.0,1.0,0.0,0.0,1.0,0.0,132.0,108.0,200.0,32.0,22.0,0.0,64.0,51.0,326.0,Paul Ince,1,1998,1998,4,0.0,1.656441717791411,0.0,1.656441717791411,0.5521472392638037,3.03680981595092,0.5521472392638037,0.27607361963190186,0.0,0.27607361963190186,0.0,36.441717791411044,29.8159509202454,17.66871165644172,14.079754601226993,55.214723926380366
1421983,2.0,14,10.0,2.0,8.0,2.0,21.0,14.0,4.0,0.0,2.0,1.0,11.0,2.0,124.0,76.0,223.0,56.0,54.0,0.0,103.0,55.0,390.0,Alan Shearer,1,1998,1998,4,0.46153846153846156,3.230769230769231,2.307692307692308,1.8461538461538463,0.46153846153846156,4.846153846153847,0.9230769230769231,0.0,0.46153846153846156,2.5384615384615388,0.46153846153846156,28.615384615384617,17.53846153846154,23.76923076923077,12.692307692307693,51.46153846153847
1421986,4.0,23,7.0,12.0,33.0,13.0,22.0,2.0,7.0,0.0,0.0,4.0,9.0,1.0,136.0,113.0,278.0,46.0,60.0,2.0,80.0,64.0,721.0,Michael Owen,3,1998,2006,12,0.49930651872399445,2.871012482662968,0.8737864077669903,4.119278779472954,1.622746185852982,2.7461858529819696,0.8737864077669903,0.0,0.0,1.1234396671289875,0.12482662968099861,16.97642163661581,14.105409153952843,9.98613037447989,7.988904299583911,34.70180305131761
1421990,0.0,4,1.0,3.0,2.0,2.0,1.0,7.0,1.0,0.0,0.0,0.0,1.0,0.0,140.0,99.0,215.0,23.0,18.0,0.0,56.0,24.0,354.0,Khaled Badra,2,1998,2002,4,0.0,1.0169491525423728,0.2542372881355932,0.5084745762711864,0.5084745762711864,0.2542372881355932,0.2542372881355932,0.0,0.0,0.2542372881355932,0.0,35.59322033898305,25.16949152542373,14.237288135593221,6.101694915254238,54.66101694915255
1421992,0.0,2,1.0,1.0,1.0,0.0,5.0,14.0,0.0,0.0,0.0,0.0,0.0,0.0,58.0,48.0,105.0,22.0,21.0,0.0,20.0,14.0,270.0,Sami Trabelsi,1,1998,1998,3,0.0,0.6666666666666666,0.3333333333333333,0.3333333333333333,0.0,1.6666666666666667,0.0,0.0,0.0,0.0,0.0,19.333333333333332,16.0,6.666666666666667,4.666666666666667,35.0
1421994,0.0,8,2.0,5.0,3.0,1.0,0.0,7.0,2.0,0.0,0.0,1.0,9.0,2.0,184.0,156.0,250.0,11.0,17.0,0.0,100.0,77.0,421.0,Kaïs Ghodhbane,3,1998,2006,8,0.0,1.7102137767220902,0.42755344418052255,0.6413301662707838,0.21377672209026127,0.0,0.42755344418052255,0.0,0.0,1.9239904988123515,0.42755344418052255,39.334916864608076,33.349168646080756,21.377672209026127,16.46080760095012,53.44418052256532
1421997,0.0,2,0.0,2.0,4.0,2.0,1.0,6.0,1.0,0.0,0.0,0.0,4.0,1.0,119.0,99.0,166.0,13.0,24.0,0.0,65.0,48.0,270.0,Sirajeddine Chihi,1,1998,1998,3,0.0,0.6666666666666666,0.0,1.3333333333333333,0.6666666666666666,0.3333333333333333,0.3333333333333333,0.0,0.0,1.3333333333333333,0.3333333333333333,39.666666666666664,33.0,21.666666666666668,16.0,55.333333333333336
1421998,0.0,0,0.0,0.0,11.0,2.0,11.0,7.0,7.0,0.0,0.0,0.0,6.0,1.0,81.0,49.0,135.0,23.0,35.0,0.0,60.0,36.0,339.0,Adel Sellimi,2,1998,2002,5,0.0,0.0,0.0,2.920353982300885,0.5309734513274337,2.920353982300885,1.8584070796460177,0.0,0.0,1.592920353982301,0.26548672566371684,21.504424778761063,13.008849557522124,15.929203539823009,9.557522123893806,35.84070796460177
1422002,0.0,8,1.0,5.0,4.0,1.0,6.0,5.0,5.0,0.0,1.0,0.0,9.0,1.0,132.0,94.0,202.0,17.0,24.0,0.0,93.0,60.0,278.0,Zoubaier Baya,2,1998,2002,6,0.0,2.5899280575539567,0.3237410071942446,1.2949640287769784,0.3237410071942446,1.9424460431654675,1.618705035971223,0.0,0.3237410071942446,2.9136690647482015,0.3237410071942446,42.73381294964029,30.43165467625899,30.107913669064747,19.424460431654676,65.39568345323741
1422003,0.0,3,1.0,2.0,3.0,0.0,12.0,7.0,5.0,0.0,1.0,0.0,27.0,7.0,212.0,167.0,356.0,38.0,26.0,0.0,117.0,77.0,418.0,Jörg Heinrich,1,1998,1998,5,0.0,0.6459330143540669,0.21531100478468898,0.6459330143540669,0.0,2.5837320574162677,1.076555023923445,0.0,0.21531100478468898,5.813397129186602,1.507177033492823,45.645933014354064,35.95693779904306,25.19138755980861,16.57894736842105,76.65071770334927
1422006,4.0,28,12.0,15.0,3.0,2.0,18.0,19.0,10.0,1.0,1.0,4.0,5.0,1.0,151.0,100.0,247.0,69.0,55.0,3.0,123.0,77.0,526.0,Oliver Bierhoff,2,1998,2002,10,0.6844106463878328,4.790874524714829,2.0532319391634983,0.5133079847908746,0.3422053231939164,3.0798479087452475,1.711026615969582,0.1711026615969582,0.1711026615969582,0.855513307984791,0.1711026615969582,25.836501901140686,17.11026615969582,21.045627376425855,13.17490494296578,42.26235741444867
1422010,0.0,4,1.0,3.0,9.0,6.0,1.0,12.0,13.0,3.0,3.0,0.0,43.0,7.0,196.0,144.0,365.0,35.0,30.0,0.0,119.0,78.0,519.0,Christian Ziege,2,1998,2002,9,0.0,0.6936416184971098,0.17341040462427745,1.560693641618497,1.0404624277456647,0.17341040462427745,2.254335260115607,0.5202312138728323,0.5202312138728323,7.456647398843931,1.2138728323699421,33.98843930635838,24.971098265895954,20.63583815028902,13.526011560693641,63.29479768786127
1422014,0.0,1,0.0,1.0,0.0,0.0,7.0,6.0,0.0,0.0,0.0,0.0,2.0,0.0,134.0,102.0,189.0,21.0,18.0,1.0,71.0,46.0,270.0,David Régis,1,1998,1998,3,0.0,0.3333333333333333,0.0,0.0,0.0,2.3333333333333335,0.0,0.0,0.0,0.6666666666666666,0.0,44.666666666666664,34.0,23.666666666666668,15.333333333333334,63.0
1422021,0.0,1,0.0,0.0,3.0,2.0,4.0,4.0,0.0,0.0,0.0,0.0,0.0,0.0,170.0,142.0,238.0,33.0,15.0,0.0,75.0,54.0,360.0,Liviu Ciobotariu,1,1998,1998,4,0.0,0.25,0.0,0.75,0.5,1.0,0.0,0.0,0.0,0.0,0.0,42.5,35.5,18.75,13.5,59.5
1422022,0.0,0,0.0,0.0,6.0,4.0,6.0,9.0,2.0,0.0,0.0,0.0,1.0,1.0,152.0,128.0,218.0,29.0,17.0,0.0,73.0,52.0,270.0,Iulian Filipescu,1,1998,1998,3,0.0,0.0,0.0,2.0,1.3333333333333333,2.0,0.6666666666666666,0.0,0.0,0.3333333333333333,0.3333333333333333,50.666666666666664,42.666666666666664,24.333333333333332,17.333333333333332,72.66666666666667
1422024,1.0,19,7.0,7.0,20.0,12.0,10.0,4.0,1.0,0.0,0.0,2.0,7.0,1.0,94.0,67.0,205.0,30.0,35.0,1.0,82.0,55.0,315.0,Adrian Ilie,1,1998,1998,4,0.2857142857142857,5.428571428571429,2.0,5.714285714285714,3.4285714285714284,2.857142857142857,0.2857142857142857,0.0,0.0,2.0,0.2857142857142857,26.857142857142858,19.142857142857142,23.428571428571427,15.714285714285714,58.57142857142857
1422031,0.0,1,0.0,1.0,0.0,0.0,4.0,6.0,0.0,0.0,0.0,0.0,0.0,0.0,81.0,70.0,126.0,18.0,11.0,0.0,18.0,10.0,270.0,Jorge Bermúdez,1,1998,1998,3,0.0,0.3333333333333333,0.0,0.0,0.0,1.3333333333333333,0.0,0.0,0.0,0.0,0.0,27.0,23.333333333333332,6.0,3.3333333333333335,42.0
1422040,0.0,1,0.0,1.0,11.0,7.0,4.0,6.0,0.0,0.0,0.0,0.0,14.0,0.0,157.0,121.0,271.0,28.0,22.0,0.0,77.0,52.0,350.0,Ahmed Al-Dokhi,3,1998,2006,6,0.0,0.2571428571428572,0.0,2.8285714285714287,1.8,1.0285714285714287,0.0,0.0,0.0,3.6,0.0,40.371428571428574,31.114285714285714,19.8,13.371428571428572,69.68571428571428
1422043,0.0,18,3.0,14.0,14.0,5.0,14.0,8.0,9.0,0.0,0.0,0.0,10.0,1.0,249.0,185.0,377.0,25.0,36.0,0.0,188.0,132.0,459.0,Nawaf Al Temyat,3,1998,2006,6,0.0,3.5294117647058827,0.5882352941176471,2.7450980392156863,0.9803921568627452,2.7450980392156863,1.7647058823529413,0.0,0.0,1.9607843137254903,0.19607843137254904,48.82352941176471,36.27450980392157,36.86274509803922,25.88235294117647,73.92156862745098
1422044,0.0,0,0.0,0.0,0.0,0.0,5.0,1.0,0.0,0.0,0.0,0.0,0.0,0.0,165.0,140.0,222.0,18.0,9.0,0.0,56.0,40.0,360.0,René Henriksen,1,2002,2002,4,0.0,0.0,0.0,0.0,0.0,1.25,0.0,0.0,0.0,0.0,0.0,41.25,35.0,14.0,10.0,55.5
1422048,0.0,2,1.0,1.0,4.0,1.0,4.0,7.0,7.0,1.0,1.0,0.0,15.0,6.0,167.0,126.0,264.0,24.0,18.0,0.0,97.0,69.0,377.0,Stig Tøfting,2,1998,2002,6,0.0,0.47745358090185674,0.23872679045092837,0.9549071618037135,0.23872679045092837,0.9549071618037135,1.6710875331564985,0.23872679045092837,0.23872679045092837,3.5809018567639255,1.4323607427055702,39.86737400530504,30.079575596816973,23.156498673740053,16.47214854111406,63.02387267904509
1422077,0.0,10,6.0,1.0,26.0,11.0,10.0,10.0,9.0,1.0,3.0,1.0,16.0,6.0,203.0,166.0,317.0,26.0,46.0,0.0,148.0,117.0,457.0,Sylvain Wiltord,2,2002,2006,10,0.0,1.9693654266958425,1.1816192560175056,5.12035010940919,2.166301969365427,1.9693654266958425,1.7724288840262583,0.19693654266958427,0.5908096280087528,3.1509846827133483,1.1816192560175056,39.97811816192561,32.691466083150985,29.14660831509847,23.04157549234136,62.42888402625821
1422102,1.0,7,1.0,4.0,0.0,0.0,4.0,7.0,2.0,0.0,0.0,0.0,2.0,0.0,292.0,243.0,421.0,44.0,19.0,0.0,121.0,87.0,630.0,Thomas Linke,1,2002,2002,7,0.14285714285714285,1.0,0.14285714285714285,0.0,0.0,0.5714285714285714,0.2857142857142857,0.0,0.0,0.2857142857142857,0.0,41.714285714285715,34.714285714285715,17.285714285714285,12.428571428571429,60.142857142857146
1422103,0.0,3,0.0,3.0,2.0,2.0,26.0,23.0,2.0,0.0,0.0,1.0,2.0,0.0,368.0,322.0,571.0,95.0,45.0,0.0,103.0,78.0,1200.0,Christoph Metzelder,2,2002,2006,13,0.0,0.22499999999999998,0.0,0.15,0.15,1.95,0.15,0.0,0.0,0.15,0.0,27.599999999999998,24.15,7.725,5.85,42.824999999999996
1422107,1.0,7,3.0,3.0,4.0,0.0,5.0,3.0,4.0,0.0,0.0,0.0,8.0,1.0,75.0,53.0,152.0,17.0,19.0,0.0,45.0,29.0,324.0,Marco Bode,1,2002,2002,6,0.2777777777777778,1.9444444444444444,0.8333333333333333,1.1111111111111112,0.0,1.3888888888888888,1.1111111111111112,0.0,0.0,2.2222222222222223,0.2777777777777778,20.833333333333332,14.722222222222221,12.5,8.055555555555555,42.22222222222222
1422114,2.0,16,7.0,6.0,7.0,2.0,16.0,11.0,18.0,1.0,4.0,2.0,30.0,10.0,122.0,107.0,241.0,24.0,35.0,1.0,90.0,80.0,504.0,Oliver Neuville,2,2002,2006,13,0.35714285714285715,2.857142857142857,1.25,1.25,0.35714285714285715,2.857142857142857,3.2142857142857144,0.17857142857142858,0.7142857142857143,5.357142857142858,1.7857142857142858,21.78571428571429,19.107142857142858,16.071428571428573,14.285714285714286,43.03571428571429
1422123,0.0,4,1.0,2.0,13.0,5.0,10.0,3.0,2.0,0.0,0.0,0.0,7.0,1.0,171.0,127.0,242.0,24.0,23.0,0.0,102.0,68.0,323.0,Abdulaziz Al Khathran,2,2002,2006,5,0.0,1.1145510835913313,0.2786377708978328,3.6222910216718267,1.393188854489164,2.786377708978328,0.5572755417956656,0.0,0.0,1.9504643962848296,0.2786377708978328,47.64705882352941,35.38699690402477,28.421052631578945,18.94736842105263,67.43034055727554
1422127,1.0,4,1.0,3.0,0.0,0.0,2.0,8.0,7.0,1.0,1.0,0.0,1.0,0.0,193.0,170.0,238.0,14.0,23.0,0.0,102.0,85.0,390.0,Matt Holland,1,2002,2002,4,0.23076923076923078,0.9230769230769231,0.23076923076923078,0.0,0.0,0.46153846153846156,1.6153846153846154,0.23076923076923078,0.23076923076923078,0.23076923076923078,0.0,44.53846153846154,39.23076923076923,23.53846153846154,19.615384615384617,54.92307692307693
1422128,0.0,4,0.0,1.0,4.0,1.0,1.0,3.0,1.0,0.0,0.0,0.0,3.0,0.0,248.0,218.0,287.0,10.0,19.0,0.0,129.0,104.0,389.0,Mark Kinsella,1,2002,2002,4,0.0,0.9254498714652957,0.0,0.9254498714652957,0.23136246786632392,0.23136246786632392,0.23136246786632392,0.0,0.0,0.6940874035989718,0.0,57.37789203084833,50.437017994858614,29.845758354755787,24.061696658097688,66.40102827763496
1422129,1.0,6,2.0,2.0,28.0,14.0,20.0,11.0,3.0,0.0,0.0,1.0,22.0,0.0,82.0,68.0,202.0,37.0,46.0,0.0,66.0,52.0,390.0,Damien Duff,1,2002,2002,4,0.23076923076923078,1.3846153846153848,0.46153846153846156,6.461538461538462,3.230769230769231,4.615384615384616,0.6923076923076924,0.0,0.0,5.0769230769230775,0.0,18.923076923076923,15.692307692307693,15.230769230769232,12.0,46.61538461538462
1422149,0.0,1,0.0,1.0,5.0,3.0,3.0,5.0,1.0,0.0,0.0,0.0,5.0,1.0,125.0,87.0,213.0,27.0,14.0,0.0,76.0,43.0,270.0,Cyril Nzama,1,2002,2002,3,0.0,0.3333333333333333,0.0,1.6666666666666667,1.0,1.0,0.3333333333333333,0.0,0.0,1.6666666666666667,0.3333333333333333,41.666666666666664,29.0,25.333333333333332,14.333333333333334,71.0
1422150,0.0,10,1.0,5.0,9.0,6.0,3.0,11.0,3.0,0.0,0.0,0.0,1.0,0.0,159.0,132.0,240.0,24.0,29.0,0.0,75.0,59.0,360.0,MacBeth Sibaya,2,2002,2010,4,0.0,2.5,0.25,2.25,1.5,0.75,0.75,0.0,0.0,0.25,0.0,39.75,33.0,18.75,14.75,60.0
1422161,0.0,8,2.0,5.0,12.0,6.0,2.0,2.0,11.0,3.0,4.0,0.0,42.0,10.0,137.0,98.0,260.0,16.0,26.0,0.0,100.0,64.0,316.0,Javier De Pedro,1,2002,2002,4,0.0,2.278481012658228,0.569620253164557,3.4177215189873418,1.7088607594936709,0.569620253164557,3.132911392405063,0.8544303797468354,1.139240506329114,11.962025316455696,2.848101265822785,39.01898734177215,27.911392405063292,28.481012658227847,18.227848101265824,74.05063291139241
1422173,0.0,3,0.0,3.0,1.0,1.0,1.0,4.0,1.0,0.0,0.0,0.0,1.0,0.0,96.0,64.0,163.0,20.0,19.0,0.0,51.0,33.0,270.0,Zeljko Milinovic,1,2002,2002,3,0.0,1.0,0.0,0.3333333333333333,0.3333333333333333,0.3333333333333333,0.3333333333333333,0.0,0.0,0.3333333333333333,0.0,32.0,21.333333333333332,17.0,11.0,54.333333333333336
1422177,0.0,0,0.0,0.0,4.0,2.0,6.0,9.0,2.0,0.0,0.0,0.0,1.0,0.0,99.0,73.0,156.0,23.0,21.0,0.0,60.0,43.0,270.0,Ales Ceh,1,2002,2002,3,0.0,0.0,0.0,1.3333333333333333,0.6666666666666666,2.0,0.6666666666666666,0.0,0.0,0.3333333333333333,0.0,33.0,24.333333333333332,20.0,14.333333333333334,52.0
1422200,0.0,1,0.0,0.0,0.0,0.0,1.0,1.0,1.0,0.0,0.0,0.0,0.0,0.0,91.0,78.0,151.0,16.0,11.0,0.0,38.0,26.0,270.0,Isaac Okoronkwo,1,2002,2002,3,0.0,0.3333333333333333,0.0,0.0,0.0,0.3333333333333333,0.3333333333333333,0.0,0.0,0.0,0.0,30.333333333333332,26.0,12.666666666666666,8.666666666666666,50.333333333333336
1422211,0.0,2,0.0,0.0,12.0,6.0,3.0,14.0,2.0,0.0,0.0,0.0,7.0,1.0,167.0,139.0,261.0,41.0,34.0,0.0,86.0,66.0,416.0,Owen Hargreaves,2,2002,2006,6,0.0,0.4326923076923077,0.0,2.5961538461538463,1.2980769230769231,0.6490384615384616,0.4326923076923077,0.0,0.0,1.514423076923077,0.21634615384615385,36.12980769230769,30.072115384615387,18.605769230769234,14.278846153846155,56.46634615384616
1422213,0.0,6,0.0,4.0,2.0,1.0,1.0,11.0,5.0,0.0,0.0,0.0,1.0,0.0,167.0,139.0,212.0,14.0,23.0,0.0,87.0,66.0,360.0,Nicky Butt,1,2002,2002,4,0.0,1.5,0.0,0.5,0.25,0.25,1.25,0.0,0.0,0.25,0.0,41.75,34.75,21.75,16.5,53.0
1422217,0.0,1,1.0,0.0,1.0,1.0,3.0,3.0,0.0,0.0,0.0,0.0,0.0,0.0,93.0,74.0,177.0,31.0,17.0,0.0,28.0,16.0,374.0,Johan Mjallby,1,2002,2002,4,0.0,0.24064171122994651,0.24064171122994651,0.24064171122994651,0.24064171122994651,0.7219251336898395,0.0,0.0,0.0,0.0,0.0,22.379679144385026,17.80748663101604,6.737967914438502,3.8502673796791442,42.59358288770053
1422220,1.0,10,3.0,2.0,21.0,10.0,25.0,7.0,6.0,1.0,2.0,0.0,16.0,7.0,210.0,163.0,373.0,50.0,44.0,0.0,160.0,119.0,540.0,Fredrik Ljungberg,2,2002,2006,6,0.16666666666666666,1.6666666666666667,0.5,3.5,1.6666666666666667,4.166666666666667,1.0,0.16666666666666666,0.3333333333333333,2.6666666666666665,1.1666666666666667,35.0,27.166666666666668,26.666666666666668,19.833333333333332,62.166666666666664
1422223,1.0,15,7.0,6.0,2.0,1.0,14.0,22.0,9.0,1.0,1.0,4.0,3.0,1.0,92.0,66.0,185.0,36.0,63.0,0.0,70.0,48.0,420.0,Marcus Allbäck,2,2002,2006,8,0.21428571428571427,3.214285714285714,1.5,0.42857142857142855,0.21428571428571427,3.0,1.9285714285714284,0.21428571428571427,0.21428571428571427,0.6428571428571428,0.21428571428571427,19.71428571428571,14.142857142857142,14.999999999999998,10.285714285714285,39.64285714285714
1422226,0.0,4,0.0,2.0,5.0,3.0,1.0,7.0,5.0,1.0,1.0,0.0,14.0,5.0,209.0,172.0,314.0,13.0,23.0,0.0,119.0,90.0,360.0,Erik Edman,1,2006,2006,4,0.0,1.0,0.0,1.25,0.75,0.25,1.25,0.25,0.25,3.5,1.25,52.25,43.0,29.75,22.5,78.5
1422230,1.0,13,4.0,7.0,8.0,7.0,6.0,9.0,7.0,1.0,1.0,0.0,16.0,6.0,157.0,120.0,246.0,24.0,22.0,1.0,118.0,88.0,352.0,Anders Svensson,2,2002,2006,5,0.2556818181818182,3.3238636363636367,1.0227272727272727,2.0454545454545454,1.7897727272727273,1.5340909090909092,1.7897727272727273,0.2556818181818182,0.2556818181818182,4.090909090909091,1.5340909090909092,40.14204545454545,30.681818181818183,30.170454545454547,22.5,62.89772727272727
1422237,0.0,8,2.0,3.0,6.0,3.0,2.0,1.0,3.0,2.0,1.0,0.0,15.0,0.0,118.0,89.0,184.0,12.0,15.0,1.0,87.0,65.0,316.0,Kléberson,2,2002,2010,6,0.0,2.278481012658228,0.569620253164557,1.7088607594936709,0.8544303797468354,0.569620253164557,0.8544303797468354,0.569620253164557,0.2848101265822785,4.272151898734177,0.0,33.607594936708864,25.348101265822784,24.77848101265823,18.512658227848103,52.40506329113924
1422241,0.0,3,1.0,1.0,2.0,1.0,6.0,9.0,0.0,0.0,0.0,0.0,0.0,0.0,148.0,109.0,246.0,35.0,23.0,0.0,64.0,37.0,450.0,Alpay Özalan,1,2002,2002,5,0.0,0.6,0.2,0.4,0.2,1.2,0.0,0.0,0.0,0.0,0.0,29.6,21.8,12.8,7.4,49.2
1422244,0.0,2,1.0,1.0,7.0,2.0,5.0,12.0,4.0,0.0,0.0,0.0,10.0,1.0,163.0,136.0,265.0,17.0,22.0,0.0,72.0,53.0,319.0,Hakan Ünsal,1,2002,2002,4,0.0,0.5642633228840126,0.2821316614420063,1.974921630094044,0.5642633228840126,1.4106583072100314,1.1285266457680252,0.0,0.0,2.8213166144200628,0.2821316614420063,45.98746081504702,38.36990595611285,20.313479623824453,14.952978056426334,74.76489028213166
1422245,1.0,1,1.0,0.0,1.0,0.0,3.0,10.0,0.0,0.0,0.0,0.0,0.0,0.0,166.0,116.0,238.0,35.0,32.0,0.0,77.0,37.0,520.0,Bülent Korkmaz,1,2002,2002,6,0.17307692307692307,0.17307692307692307,0.17307692307692307,0.17307692307692307,0.0,0.5192307692307693,0.0,0.0,0.0,0.0,0.0,28.73076923076923,20.076923076923077,13.326923076923077,6.403846153846154,41.19230769230769
1422246,0.0,6,2.0,2.0,23.0,11.0,31.0,6.0,8.0,1.0,1.0,1.0,13.0,0.0,229.0,198.0,391.0,62.0,48.0,0.0,175.0,152.0,571.0,Yildiray Bastürk,1,2002,2002,7,0.0,0.9457092819614712,0.3152364273204904,3.6252189141856395,1.733800350262697,4.886164623467601,1.2609457092819616,0.1576182136602452,0.1576182136602452,2.0490367775831877,0.0,36.09457092819615,31.20840630472855,27.583187390542907,23.95796847635727,61.62872154115587
1422247,2.0,10,4.0,4.0,32.0,17.0,19.0,12.0,12.0,1.0,2.0,0.0,43.0,12.0,204.0,161.0,388.0,49.0,58.0,0.0,151.0,115.0,539.0,Hasan Sas,1,2002,2002,6,0.3339517625231911,1.6697588126159555,0.6679035250463822,5.343228200371057,2.8385899814471243,3.1725417439703154,2.0037105751391464,0.16697588126159554,0.3339517625231911,7.179962894248608,2.0037105751391464,34.063079777365495,26.883116883116884,25.213358070500927,19.20222634508349,64.78664192949907
1422248,1.0,13,6.0,6.0,17.0,7.0,7.0,9.0,6.0,2.0,2.0,4.0,2.0,1.0,137.0,101.0,229.0,48.0,48.0,1.0,119.0,84.0,592.0,Hakan Şükür,1,2002,2002,7,0.15202702702702703,1.9763513513513515,0.9121621621621622,2.5844594594594597,1.0641891891891893,1.0641891891891893,0.9121621621621622,0.30405405405405406,0.30405405405405406,0.30405405405405406,0.15202702702702703,20.827702702702705,15.35472972972973,18.091216216216218,12.77027027027027,34.81418918918919
1422262,0.0,0,0.0,0.0,3.0,2.0,8.0,11.0,2.0,0.0,0.0,0.0,0.0,0.0,175.0,134.0,257.0,35.0,19.0,0.0,68.0,35.0,450.0,Robert Kovač,2,2002,2006,5,0.0,0.0,0.0,0.6,0.4,1.6,0.4,0.0,0.0,0.0,0.0,35.0,26.8,13.6,7.0,51.4
1422270,0.0,0,0.0,0.0,0.0,0.0,2.0,6.0,2.0,0.0,0.0,0.0,2.0,0.0,170.0,135.0,223.0,22.0,20.0,0.0,73.0,41.0,315.0,Manuel Vidrio,1,2002,2002,4,0.0,0.0,0.0,0.0,0.0,0.5714285714285714,0.5714285714285714,0.0,0.0,0.5714285714285714,0.0,48.57142857142857,38.57142857142857,20.857142857142858,11.714285714285714,63.714285714285715
1422274,2.0,14,3.0,7.0,3.0,1.0,6.0,13.0,6.0,0.0,0.0,1.0,5.0,1.0,115.0,79.0,194.0,41.0,43.0,1.0,94.0,62.0,487.0,Jared Borgetti,2,2002,2006,6,0.36960985626283366,2.5872689938398357,0.5544147843942505,0.5544147843942505,0.18480492813141683,1.108829568788501,1.108829568788501,0.0,0.0,0.9240246406570841,0.18480492813141683,21.252566735112936,14.599589322381929,17.371663244353183,11.457905544147843,35.85215605749487
1422282,0.0,0,0.0,0.0,0.0,0.0,2.0,1.0,0.0,0.0,0.0,0.0,0.0,0.0,64.0,51.0,108.0,16.0,7.0,0.0,13.0,8.0,270.0,Augusto Poroso,1,2002,2002,3,0.0,0.0,0.0,0.0,0.0,0.6666666666666666,0.0,0.0,0.0,0.0,0.0,21.333333333333332,17.0,4.333333333333333,2.6666666666666665,36.0
1422283,0.0,6,1.0,2.0,4.0,1.0,2.0,10.0,0.0,0.0,0.0,0.0,7.0,1.0,135.0,88.0,229.0,13.0,27.0,0.0,71.0,36.0,270.0,Raúl Guerrón,1,2002,2002,3,0.0,2.0,0.3333333333333333,1.3333333333333333,0.3333333333333333,0.6666666666666666,0.0,0.0,0.0,2.3333333333333335,0.3333333333333333,45.0,29.333333333333332,23.666666666666668,12.0,76.33333333333333
1422297,0.0,3,1.0,2.0,3.0,1.0,3.0,5.0,0.0,0.0,0.0,1.0,0.0,0.0,99.0,85.0,159.0,20.0,17.0,0.0,16.0,8.0,270.0,Li Weifeng,1,2002,2002,3,0.0,1.0,0.3333333333333333,1.0,0.3333333333333333,1.0,0.0,0.0,0.0,0.0,0.0,33.0,28.333333333333332,5.333333333333333,2.6666666666666665,53.0
1422299,0.0,1,0.0,0.0,3.0,2.0,5.0,1.0,5.0,0.0,1.0,0.0,17.0,2.0,137.0,105.0,196.0,15.0,16.0,0.0,75.0,50.0,270.0,Li Xiaopeng,1,2002,2002,3,0.0,0.3333333333333333,0.0,1.0,0.6666666666666666,1.6666666666666667,1.6666666666666667,0.0,0.3333333333333333,5.666666666666667,0.6666666666666666,45.666666666666664,35.0,25.0,16.666666666666668,65.33333333333333
1422300,0.0,2,0.0,0.0,7.0,4.0,2.0,3.0,2.0,0.0,0.0,0.0,1.0,0.0,176.0,142.0,221.0,14.0,12.0,0.0,89.0,69.0,270.0,Li Tie,1,2002,2002,3,0.0,0.6666666666666666,0.0,2.3333333333333335,1.3333333333333333,0.6666666666666666,0.6666666666666666,0.0,0.0,0.3333333333333333,0.0,58.666666666666664,47.333333333333336,29.666666666666668,23.0,73.66666666666667
1422314,1.0,4,1.0,3.0,3.0,2.0,6.0,3.0,2.0,1.0,0.0,2.0,0.0,0.0,75.0,54.0,141.0,21.0,10.0,0.0,34.0,19.0,270.0,Mauricio Wright,1,2002,2002,3,0.3333333333333333,1.3333333333333333,0.3333333333333333,1.0,0.6666666666666666,2.0,0.6666666666666666,0.3333333333333333,0.0,0.0,0.0,25.0,18.0,11.333333333333334,6.333333333333333,47.0
1422315,0.0,1,0.0,1.0,3.0,2.0,4.0,9.0,2.0,0.0,0.0,0.0,1.0,1.0,196.0,167.0,277.0,29.0,20.0,0.0,60.0,42.0,540.0,Luis Marín,2,2002,2006,6,0.0,0.16666666666666666,0.0,0.5,0.3333333333333333,0.6666666666666666,0.3333333333333333,0.0,0.0,0.16666666666666666,0.16666666666666666,32.666666666666664,27.833333333333332,10.0,7.0,46.166666666666664
1422316,0.0,8,3.0,4.0,7.0,3.0,3.0,1.0,3.0,0.0,0.0,1.0,7.0,3.0,157.0,130.0,256.0,14.0,14.0,0.0,91.0,74.0,270.0,Carlos Castro,1,2002,2002,3,0.0,2.6666666666666665,1.0,2.3333333333333335,1.0,1.0,1.0,0.0,0.0,2.3333333333333335,1.0,52.333333333333336,43.333333333333336,30.333333333333332,24.666666666666668,85.33333333333333
1422317,0.0,0,0.0,0.0,7.0,3.0,2.0,5.0,4.0,0.0,1.0,0.0,15.0,3.0,151.0,124.0,261.0,17.0,22.0,0.0,102.0,81.0,302.0,Hárold Wallace,2,2002,2006,5,0.0,0.0,0.0,2.086092715231788,0.8940397350993378,0.5960264900662251,1.1920529801324502,0.0,0.29801324503311255,4.470198675496689,0.8940397350993378,45.0,36.95364238410596,30.397350993377483,24.13907284768212,77.78145695364238
1422320,3.0,14,7.0,4.0,26.0,8.0,10.0,16.0,6.0,0.0,1.0,0.0,3.0,0.0,131.0,101.0,260.0,32.0,73.0,1.0,104.0,77.0,530.0,Paulo Wanchope,2,2002,2006,6,0.5094339622641509,2.3773584905660377,1.1886792452830188,4.415094339622641,1.3584905660377358,1.6981132075471697,1.0188679245283019,0.0,0.16981132075471697,0.5094339622641509,0.0,22.245283018867923,17.150943396226413,17.660377358490564,13.075471698113207,44.15094339622641
1422334,0.0,4,0.0,3.0,2.0,1.0,11.0,18.0,2.0,0.0,1.0,0.0,0.0,0.0,371.0,294.0,508.0,61.0,48.0,0.0,134.0,77.0,832.0,Jin-Chul Choi,2,2002,2006,9,0.0,0.4326923076923077,0.0,0.21634615384615385,0.10817307692307693,1.1899038461538463,0.21634615384615385,0.0,0.10817307692307693,0.0,0.0,40.13221153846154,31.802884615384617,14.495192307692308,8.329326923076923,54.95192307692308
1422335,1.0,12,4.0,6.0,26.0,11.0,11.0,9.0,15.0,1.0,1.0,0.0,55.0,14.0,350.0,280.0,664.0,65.0,53.0,0.0,218.0,160.0,776.0,Song Chong-Gug,2,2002,2006,8,0.11597938144329897,1.3917525773195878,0.4639175257731959,3.015463917525773,1.2757731958762888,1.2757731958762888,1.7396907216494846,0.11597938144329897,0.11597938144329897,6.378865979381444,1.6237113402061856,40.59278350515464,32.47422680412371,25.283505154639176,18.556701030927837,77.01030927835052
1422337,0.0,9,2.0,5.0,6.0,3.0,12.0,21.0,8.0,0.0,0.0,1.0,5.0,2.0,373.0,293.0,510.0,61.0,49.0,0.0,214.0,148.0,658.0,Kim Nam-Il,3,2002,2010,11,0.0,1.231003039513678,0.2735562310030395,0.8206686930091186,0.4103343465045593,1.6413373860182372,1.094224924012158,0.0,0.0,0.6838905775075989,0.2735562310030395,51.01823708206687,40.07598784194529,29.27051671732523,20.243161094224924,69.75683890577508
1422340,1.0,18,7.0,5.0,21.0,9.0,9.0,16.0,11.0,0.0,2.0,1.0,46.0,11.0,209.0,161.0,366.0,36.0,53.0,0.0,152.0,115.0,621.0,Lee Chun-Soo,2,2002,2006,10,0.14492753623188406,2.608695652173913,1.0144927536231882,3.043478260869565,1.3043478260869565,1.3043478260869565,1.5942028985507246,0.0,0.2898550724637681,6.666666666666666,1.5942028985507246,30.289855072463766,23.333333333333332,22.028985507246375,16.666666666666664,53.04347826086956
1422343,3.0,24,12.0,9.0,15.0,6.0,10.0,10.0,10.0,0.0,0.0,3.0,4.0,1.0,172.0,140.0,283.0,29.0,57.0,0.0,143.0,113.0,614.0,Ahn Jung-Hwan,2,2002,2006,10,0.4397394136807818,3.5179153094462543,1.7589576547231272,2.198697068403909,0.8794788273615636,1.4657980456026058,1.4657980456026058,0.0,0.0,0.5863192182410424,0.1465798045602606,25.211726384364823,20.521172638436482,20.960912052117266,16.563517915309447,41.48208469055375
1422344,0.0,0,0.0,0.0,2.0,2.0,4.0,3.0,4.0,1.0,1.0,0.0,6.0,1.0,73.0,50.0,141.0,22.0,14.0,0.0,56.0,36.0,270.0,Marek Kozminski,1,2002,2002,3,0.0,0.0,0.0,0.6666666666666666,0.6666666666666666,1.3333333333333333,1.3333333333333333,0.3333333333333333,0.3333333333333333,2.0,0.3333333333333333,24.333333333333332,16.666666666666668,18.666666666666668,12.0,47.0
1422345,0.0,2,0.0,1.0,4.0,1.0,5.0,6.0,7.0,0.0,0.0,0.0,24.0,4.0,208.0,157.0,361.0,39.0,24.0,0.0,117.0,80.0,424.0,Michal Zewlakow,2,2002,2006,5,0.0,0.4245283018867924,0.0,0.8490566037735848,0.2122641509433962,1.0613207547169812,1.4858490566037736,0.0,0.0,5.09433962264151,0.8490566037735848,44.15094339622642,33.325471698113205,24.83490566037736,16.9811320754717,76.62735849056604
1422347,0.0,0,0.0,0.0,1.0,1.0,6.0,4.0,0.0,0.0,0.0,0.0,0.0,0.0,126.0,105.0,196.0,28.0,14.0,0.0,43.0,27.0,321.0,Jacek Bąk,2,2002,2006,4,0.0,0.0,0.0,0.2803738317757009,0.2803738317757009,1.6822429906542056,0.0,0.0,0.0,0.0,0.0,35.32710280373831,29.439252336448597,12.05607476635514,7.5700934579439245,54.95327102803738
1422351,0.0,16,4.0,5.0,24.0,10.0,13.0,5.0,12.0,2.0,3.0,1.0,48.0,7.0,144.0,116.0,309.0,38.0,44.0,0.0,107.0,85.0,515.0,Jacek Krzynówek,2,2002,2006,6,0.0,2.796116504854369,0.6990291262135923,4.194174757281553,1.7475728155339805,2.2718446601941746,2.0970873786407767,0.34951456310679613,0.5242718446601942,8.388349514563107,1.2233009708737863,25.16504854368932,20.271844660194173,18.699029126213592,14.854368932038835,54.0
1422352,0.0,13,3.0,5.0,8.0,4.0,6.0,3.0,5.0,1.0,1.0,2.0,15.0,5.0,150.0,115.0,242.0,29.0,43.0,1.0,107.0,81.0,410.0,Maciej Żurawski,2,2002,2006,6,0.0,2.853658536585366,0.6585365853658537,1.7560975609756098,0.8780487804878049,1.3170731707317074,1.0975609756097562,0.21951219512195122,0.21951219512195122,3.2926829268292686,1.0975609756097562,32.926829268292686,25.243902439024392,23.48780487804878,17.78048780487805,53.1219512195122
1422368,0.0,1,0.0,1.0,2.0,1.0,1.0,15.0,2.0,0.0,0.0,0.0,2.0,0.0,189.0,154.0,233.0,18.0,29.0,0.0,84.0,60.0,360.0,Kazuyuki Toda,1,2002,2002,4,0.0,0.25,0.0,0.5,0.25,0.25,0.5,0.0,0.0,0.5,0.0,47.25,38.5,21.0,15.0,58.25
1422372,0.0,6,1.0,4.0,14.0,10.0,8.0,3.0,3.0,1.0,0.0,0.0,13.0,1.0,126.0,94.0,216.0,23.0,11.0,1.0,88.0,59.0,341.0,Alex,2,2002,2006,5,0.0,1.5835777126099708,0.26392961876832843,3.6950146627565985,2.6392961876832843,2.1114369501466275,0.7917888563049854,0.26392961876832843,0.0,3.43108504398827,0.26392961876832843,33.25513196480939,24.809384164222873,23.225806451612904,15.571847507331379,57.00879765395894
1422374,0.0,0,0.0,0.0,2.0,2.0,9.0,9.0,0.0,0.0,0.0,0.0,0.0,0.0,174.0,144.0,258.0,27.0,24.0,0.0,56.0,35.0,468.0,Tsuneyasu Miyamoto,2,2002,2006,6,0.0,0.0,0.0,0.3846153846153846,0.3846153846153846,1.7307692307692306,0.0,0.0,0.0,0.0,0.0,33.46153846153846,27.69230769230769,10.769230769230768,6.730769230769231,49.61538461538461
1422379,0.0,13,2.0,5.0,6.0,2.0,8.0,6.0,8.0,1.0,1.0,2.0,16.0,6.0,153.0,105.0,235.0,27.0,23.0,0.0,99.0,66.0,360.0,Bart Goor,1,2002,2002,4,0.0,3.25,0.5,1.5,0.5,2.0,2.0,0.25,0.25,4.0,1.5,38.25,26.25,24.75,16.5,58.75
1422387,0.0,4,0.0,4.0,11.0,8.0,2.0,4.0,5.0,1.0,2.0,1.0,11.0,3.0,197.0,152.0,335.0,32.0,25.0,0.0,111.0,80.0,450.0,Anthony Sanneh,1,2002,2002,5,0.0,0.8,0.0,2.2,1.6,0.4,1.0,0.2,0.4,2.2,0.6,39.4,30.4,22.2,16.0,67.0
1422389,0.0,1,0.0,1.0,11.0,4.0,14.0,6.0,8.0,1.0,2.0,0.0,37.0,11.0,242.0,177.0,438.0,37.0,29.0,0.0,136.0,88.0,586.0,Steven Cherundolo,2,2006,2010,7,0.0,0.15358361774744028,0.0,1.689419795221843,0.6143344709897611,2.150170648464164,1.2286689419795223,0.15358361774744028,0.30716723549488056,5.6825938566552905,1.689419795221843,37.16723549488054,27.18430034129693,20.887372013651877,13.515358361774744,67.26962457337883
1422395,0.0,9,4.0,3.0,5.0,2.0,13.0,16.0,6.0,0.0,0.0,0.0,1.0,1.0,374.0,335.0,498.0,47.0,54.0,0.0,210.0,182.0,652.0,Petit,2,2002,2006,9,0.0,1.2423312883435582,0.5521472392638037,0.6901840490797546,0.27607361963190186,1.794478527607362,0.8282208588957055,0.0,0.0,0.13803680981595093,0.13803680981595093,51.625766871165645,46.24233128834356,28.987730061349694,25.12269938650307,68.74233128834356
1422396,4.0,27,12.0,14.0,14.0,6.0,4.0,6.0,5.0,1.0,1.0,5.0,7.0,1.0,83.0,60.0,191.0,23.0,40.0,0.0,71.0,49.0,682.0,Pauleta,2,2002,2006,9,0.5278592375366569,3.563049853372434,1.5835777126099708,1.8475073313782993,0.7917888563049854,0.5278592375366569,0.6598240469208211,0.13196480938416422,0.13196480938416422,0.9237536656891496,0.13196480938416422,10.95307917888563,7.9178885630498534,9.36950146627566,6.466275659824047,25.205278592375368
1422401,0.0,2,1.0,0.0,4.0,2.0,11.0,7.0,3.0,0.0,0.0,0.0,4.0,1.0,150.0,113.0,211.0,25.0,16.0,0.0,85.0,56.0,270.0,Andrey Solomatin,1,2002,2002,3,0.0,0.6666666666666666,0.3333333333333333,1.3333333333333333,0.6666666666666666,3.6666666666666665,1.0,0.0,0.0,1.3333333333333333,0.3333333333333333,50.0,37.666666666666664,28.333333333333332,18.666666666666668,70.33333333333333
1422402,0.0,2,0.0,1.0,0.0,0.0,5.0,12.0,0.0,0.0,0.0,0.0,1.0,0.0,114.0,83.0,179.0,21.0,23.0,0.0,74.0,49.0,270.0,Yuriy Kovtun,1,2002,2002,3,0.0,0.6666666666666666,0.0,0.0,0.0,1.6666666666666667,0.0,0.0,0.0,0.3333333333333333,0.0,38.0,27.666666666666668,24.666666666666668,16.333333333333332,59.666666666666664
1422424,0.0,7,2.0,2.0,7.0,2.0,4.0,7.0,1.0,0.0,0.0,0.0,14.0,2.0,191.0,154.0,274.0,25.0,24.0,0.0,122.0,94.0,332.0,Thomas Gravesen,1,2002,2002,4,0.0,1.897590361445783,0.5421686746987951,1.897590361445783,0.5421686746987951,1.0843373493975903,0.2710843373493976,0.0,0.0,3.795180722891566,0.5421686746987951,51.77710843373494,41.74698795180723,33.0722891566265,25.481927710843372,74.27710843373494
1422425,2.0,11,4.0,6.0,29.0,15.0,2.0,11.0,14.0,1.0,3.0,0.0,27.0,4.0,192.0,163.0,319.0,26.0,43.0,0.0,136.0,113.0,629.0,Dennis Rommedahl,2,2002,2010,7,0.2861685214626391,1.573926868044515,0.5723370429252782,4.149443561208267,2.146263910969793,0.2861685214626391,2.0031796502384736,0.14308426073131955,0.4292527821939587,3.863275039745628,0.5723370429252782,27.472178060413356,23.322734499205087,19.45945945945946,16.16852146263911,45.64387917329094
1422435,0.0,0,0.0,0.0,0.0,0.0,2.0,4.0,1.0,0.0,0.0,0.0,0.0,0.0,149.0,127.0,197.0,21.0,9.0,0.0,54.0,37.0,270.0,Paolo Montero,1,2002,2002,3,0.0,0.0,0.0,0.0,0.0,0.6666666666666666,0.3333333333333333,0.0,0.0,0.0,0.0,49.666666666666664,42.333333333333336,18.0,12.333333333333334,65.66666666666667
1422436,0.0,2,1.0,0.0,11.0,2.0,7.0,3.0,5.0,0.0,1.0,0.0,5.0,1.0,113.0,85.0,197.0,26.0,26.0,0.0,65.0,39.0,270.0,Gustavo Varela,1,2002,2002,3,0.0,0.6666666666666666,0.3333333333333333,3.6666666666666665,0.6666666666666666,2.3333333333333335,1.6666666666666667,0.0,0.3333333333333333,1.6666666666666667,0.3333333333333333,37.666666666666664,28.333333333333332,21.666666666666668,13.0,65.66666666666667
1422456,0.0,0,0.0,0.0,0.0,0.0,4.0,3.0,0.0,0.0,0.0,0.0,0.0,0.0,94.0,83.0,140.0,13.0,20.0,0.0,38.0,29.0,315.0,Illiasu Alhassan,1,2006,2006,4,0.0,0.0,0.0,0.0,0.0,1.1428571428571428,0.0,0.0,0.0,0.0,0.0,26.857142857142858,23.714285714285715,10.857142857142858,8.285714285714286,40.0
1422469,0.0,0,0.0,0.0,1.0,0.0,7.0,3.0,1.0,0.0,0.0,0.0,4.0,1.0,164.0,135.0,279.0,17.0,18.0,0.0,93.0,72.0,463.0,Hans Sarpei,1,2010,2010,5,0.0,0.0,0.0,0.19438444924406045,0.0,1.3606911447084231,0.19438444924406045,0.0,0.0,0.7775377969762418,0.19438444924406045,31.879049676025915,26.241900647948164,18.077753779697623,13.995680345572353,54.23326133909287
1422475,0.0,4,0.0,3.0,2.0,1.0,4.0,1.0,2.0,1.0,1.0,0.0,10.0,3.0,165.0,119.0,246.0,16.0,10.0,0.0,92.0,57.0,270.0,Zdenek Grygera,1,2006,2006,3,0.0,1.3333333333333333,0.0,0.6666666666666666,0.3333333333333333,1.3333333333333333,0.6666666666666666,0.3333333333333333,0.3333333333333333,3.3333333333333335,1.0,55.0,39.666666666666664,30.666666666666668,19.0,82.0
1422476,0.0,0,0.0,0.0,1.0,1.0,5.0,4.0,1.0,0.0,0.0,0.0,1.0,1.0,98.0,83.0,149.0,18.0,16.0,0.0,49.0,34.0,270.0,David Rozehnal,1,2006,2006,3,0.0,0.0,0.0,0.3333333333333333,0.3333333333333333,1.6666666666666667,0.3333333333333333,0.0,0.0,0.3333333333333333,0.3333333333333333,32.666666666666664,27.666666666666668,16.333333333333332,11.333333333333334,49.666666666666664
1422491,2.0,15,4.0,7.0,29.0,7.0,17.0,17.0,19.0,1.0,4.0,1.0,38.0,4.0,250.0,213.0,431.0,48.0,66.0,0.0,180.0,151.0,624.0,Simão,2,2006,2010,11,0.28846153846153844,2.1634615384615383,0.5769230769230769,4.1826923076923075,1.0096153846153846,2.4519230769230766,2.7403846153846154,0.14423076923076922,0.5769230769230769,5.480769230769231,0.5769230769230769,36.05769230769231,30.721153846153847,25.96153846153846,21.778846153846153,62.16346153846153
1422494,0.0,2,1.0,0.0,0.0,0.0,1.0,9.0,1.0,0.0,0.0,0.0,1.0,0.0,140.0,119.0,179.0,23.0,17.0,0.0,60.0,48.0,286.0,Costinha,1,2006,2006,5,0.0,0.6293706293706294,0.3146853146853147,0.0,0.0,0.3146853146853147,0.3146853146853147,0.0,0.0,0.3146853146853147,0.0,44.05594405594406,37.44755244755245,18.881118881118883,15.104895104895105,56.328671328671334
1422517,0.0,0,0.0,0.0,0.0,0.0,0.0,1.0,0.0,0.0,0.0,0.0,0.0,0.0,46.0,38.0,101.0,11.0,8.0,0.0,9.0,4.0,270.0,Kali,1,2006,2006,3,0.0,0.0,0.0,0.0,0.0,0.0,0.0,0.0,0.0,0.0,0.0,15.333333333333334,12.666666666666666,3.0,1.3333333333333333,33.666666666666664
1422518,0.0,0,0.0,0.0,1.0,1.0,2.0,10.0,3.0,0.0,0.0,0.0,10.0,0.0,108.0,74.0,194.0,23.0,16.0,0.0,74.0,51.0,270.0,Luis Delgado,1,2006,2006,3,0.0,0.0,0.0,0.3333333333333333,0.3333333333333333,0.6666666666666666,1.0,0.0,0.0,3.3333333333333335,0.0,36.0,24.666666666666668,24.666666666666668,17.0,64.66666666666667
1422522,0.0,9,3.0,6.0,13.0,4.0,11.0,11.0,4.0,0.0,0.0,0.0,11.0,0.0,115.0,101.0,203.0,21.0,31.0,0.0,62.0,58.0,270.0,Mendonca,1,2006,2006,3,0.0,3.0,1.0,4.333333333333333,1.3333333333333333,3.6666666666666665,1.3333333333333333,0.0,0.0,3.6666666666666665,0.0,38.333333333333336,33.666666666666664,20.666666666666668,19.333333333333332,67.66666666666667
1422536,0.0,4,1.0,3.0,0.0,0.0,5.0,13.0,1.0,0.0,0.0,2.0,0.0,0.0,426.0,348.0,555.0,38.0,41.0,0.0,129.0,72.0,802.0,Joris Mathijsen,2,2006,2010,9,0.0,0.44887780548628425,0.11221945137157106,0.0,0.0,0.5610972568578554,0.11221945137157106,0.0,0.0,0.0,0.0,47.80548628428927,39.05236907730673,14.476309226932667,8.079800498753118,62.281795511221944
1422541,1.0,5,1.0,4.0,1.0,0.0,13.0,14.0,4.0,1.0,1.0,1.0,2.0,2.0,374.0,308.0,563.0,48.0,38.0,0.0,165.0,115.0,780.0,Gabriel Heinze,2,2006,2010,8,0.11538461538461539,0.576923076923077,0.11538461538461539,0.11538461538461539,0.0,1.5,0.46153846153846156,0.11538461538461539,0.11538461538461539,0.23076923076923078,0.23076923076923078,43.15384615384615,35.53846153846154,19.03846153846154,13.26923076923077,64.96153846153847
1422547,2.0,9,5.0,1.0,23.0,8.0,13.0,9.0,6.0,1.0,2.0,1.0,12.0,4.0,109.0,87.0,219.0,28.0,34.0,0.0,89.0,70.0,322.0,Aruna Dindane,2,2006,2010,6,0.5590062111801242,2.5155279503105588,1.3975155279503104,6.428571428571428,2.2360248447204967,3.633540372670807,1.6770186335403725,0.2795031055900621,0.5590062111801242,3.354037267080745,1.1180124223602483,30.465838509316768,24.316770186335404,24.875776397515526,19.565217391304348,61.2111801242236
1422557,0.0,2,0.0,0.0,2.0,2.0,6.0,3.0,0.0,0.0,0.0,0.0,0.0,0.0,69.0,45.0,117.0,14.0,7.0,0.0,31.0,14.0,270.0,Goran Gavrančić,1,2006,2006,3,0.0,0.6666666666666666,0.0,0.6666666666666666,0.6666666666666666,2.0,0.0,0.0,0.0,0.0,0.0,23.0,15.0,10.333333333333334,4.666666666666667,39.0
1422578,0.0,0,0.0,0.0,1.0,0.0,3.0,5.0,0.0,0.0,0.0,0.0,1.0,0.0,34.0,22.0,85.0,11.0,23.0,0.0,9.0,2.0,270.0,Brent Sancho,1,2006,2006,3,0.0,0.0,0.0,0.3333333333333333,0.0,1.0,0.0,0.0,0.0,0.3333333333333333,0.0,11.333333333333334,7.333333333333333,3.0,0.6666666666666666,28.333333333333332
1422579,0.0,1,0.0,1.0,1.0,1.0,2.0,1.0,0.0,0.0,0.0,1.0,0.0,0.0,54.0,40.0,103.0,12.0,4.0,0.0,24.0,15.0,270.0,Dennis Lawrence,1,2006,2006,3,0.0,0.3333333333333333,0.0,0.3333333333333333,0.3333333333333333,0.6666666666666666,0.0,0.0,0.0,0.0,0.0,18.0,13.333333333333334,8.0,5.0,34.333333333333336
1422583,0.0,4,1.0,3.0,3.0,2.0,3.0,5.0,1.0,0.0,0.0,0.0,1.0,0.0,69.0,51.0,115.0,14.0,16.0,0.0,43.0,26.0,270.0,Chris Birchall,1,2006,2006,3,0.0,1.3333333333333333,0.3333333333333333,1.0,0.6666666666666666,1.0,0.3333333333333333,0.0,0.0,0.3333333333333333,0.0,23.0,17.0,14.333333333333334,8.666666666666666,38.333333333333336
1422602,0.0,2,0.0,1.0,5.0,3.0,2.0,2.0,2.0,0.0,0.0,0.0,2.0,1.0,136.0,103.0,213.0,17.0,12.0,0.0,66.0,42.0,270.0,Néicer Reasco,1,2006,2006,3,0.0,0.6666666666666666,0.0,1.6666666666666667,1.0,0.6666666666666666,0.6666666666666666,0.0,0.0,0.6666666666666666,0.3333333333333333,45.333333333333336,34.333333333333336,22.0,14.0,71.0
1422603,1.0,6,1.0,5.0,14.0,4.0,12.0,17.0,4.0,0.0,0.0,1.0,9.0,1.0,565.0,477.0,825.0,82.0,59.0,1.0,250.0,189.0,1204.0,Arne Friedrich,2,2006,2010,13,0.07475083056478406,0.4485049833887043,0.07475083056478406,1.0465116279069766,0.29900332225913623,0.8970099667774086,0.29900332225913623,0.0,0.0,0.6727574750830565,0.07475083056478406,42.23421926910299,35.65614617940199,18.687707641196013,14.127906976744185,61.66943521594684
1422634,0.0,1,0.0,0.0,1.0,1.0,1.0,0.0,2.0,0.0,0.0,0.0,2.0,0.0,85.0,67.0,131.0,7.0,3.0,0.0,45.0,32.0,270.0,Massamasso Tchangai,1,2006,2006,3,0.0,0.3333333333333333,0.0,0.3333333333333333,0.3333333333333333,0.3333333333333333,0.6666666666666666,0.0,0.0,0.6666666666666666,0.0,28.333333333333332,22.333333333333332,15.0,10.666666666666666,43.666666666666664
1422650,0.0,2,1.0,1.0,1.0,1.0,2.0,1.0,0.0,0.0,0.0,0.0,1.0,0.0,180.0,158.0,245.0,22.0,18.0,0.0,54.0,40.0,375.0,Patrick Müller,1,2006,2006,4,0.0,0.48,0.24,0.24,0.24,0.48,0.0,0.0,0.0,0.24,0.0,43.199999999999996,37.919999999999995,12.959999999999999,9.6,58.8
1422651,0.0,2,0.0,1.0,4.0,1.0,1.0,7.0,4.0,0.0,2.0,0.0,15.0,3.0,176.0,142.0,284.0,22.0,19.0,0.0,84.0,60.0,300.0,Ludovic Magnin,1,2006,2006,3,0.0,0.6,0.0,1.2,0.3,0.3,1.2,0.0,0.6,4.5,0.8999999999999999,52.8,42.6,25.2,18.0,85.2
1422653,0.0,6,1.0,4.0,6.0,5.0,6.0,5.0,7.0,0.0,2.0,0.0,8.0,2.0,211.0,163.0,276.0,28.0,27.0,0.0,127.0,86.0,377.0,Ricardo Cabanas,1,2006,2006,4,0.0,1.4323607427055702,0.23872679045092837,1.4323607427055702,1.1936339522546418,1.4323607427055702,1.6710875331564985,0.0,0.47745358090185674,1.909814323607427,0.47745358090185674,50.37135278514589,38.91246684350133,30.318302387267902,20.53050397877984,65.88859416445624
1422655,2.0,23,4.0,12.0,7.0,2.0,10.0,5.0,3.0,0.0,1.0,3.0,9.0,2.0,76.0,53.0,154.0,17.0,30.0,2.0,56.0,38.0,447.0,Alexander Frei,2,2006,2010,6,0.40268456375838924,4.630872483221476,0.8053691275167785,1.4093959731543624,0.40268456375838924,2.013422818791946,0.6040268456375839,0.0,0.20134228187919462,1.8120805369127517,0.40268456375838924,15.302013422818792,10.671140939597315,11.275167785234899,7.651006711409396,31.006711409395972
1422660,0.0,1,0.0,1.0,0.0,0.0,3.0,7.0,0.0,0.0,0.0,0.0,0.0,0.0,115.0,96.0,208.0,24.0,20.0,0.0,44.0,30.0,356.0,Stéphane Grichting,2,2006,2010,4,0.0,0.25280898876404495,0.0,0.0,0.0,0.7584269662921348,0.0,0.0,0.0,0.0,0.0,29.073033707865168,24.269662921348313,11.123595505617978,7.584269662921348,52.58426966292134
1422687,1.0,1,1.0,0.0,0.0,0.0,1.0,2.0,0.0,0.0,0.0,0.0,0.0,0.0,128.0,115.0,176.0,15.0,5.0,0.0,26.0,17.0,314.0,Andriy Rusol,1,2006,2006,4,0.28662420382165604,0.28662420382165604,0.28662420382165604,0.0,0.0,0.28662420382165604,0.0,0.0,0.0,0.0,0.0,36.68789808917197,32.961783439490446,7.452229299363057,4.872611464968153,50.445859872611464
1422689,0.0,5,1.0,3.0,2.0,1.0,2.0,13.0,1.0,0.0,0.0,0.0,0.0,0.0,193.0,152.0,261.0,26.0,24.0,0.0,104.0,75.0,435.0,Oleg Shelayev,1,2006,2006,5,0.0,1.0344827586206897,0.20689655172413796,0.4137931034482759,0.20689655172413796,0.4137931034482759,0.20689655172413796,0.0,0.0,0.0,0.0,39.931034482758626,31.448275862068968,21.517241379310345,15.517241379310345,54.0
1422690,0.0,11,4.0,6.0,16.0,9.0,6.0,7.0,5.0,0.0,0.0,1.0,4.0,1.0,100.0,75.0,183.0,31.0,37.0,0.0,73.0,51.0,369.0,Andrey Voronin,1,2006,2006,4,0.0,2.682926829268293,0.9756097560975611,3.9024390243902443,2.1951219512195124,1.4634146341463417,1.2195121951219514,0.0,0.0,0.9756097560975611,0.24390243902439027,24.390243902439025,18.29268292682927,17.804878048780488,12.439024390243903,44.63414634146342
1422691,0.0,5,2.0,2.0,0.0,0.0,3.0,5.0,0.0,0.0,0.0,2.0,1.0,0.0,149.0,119.0,207.0,33.0,25.0,2.0,61.0,47.0,281.0,Andriy Gusin,1,2006,2006,5,0.0,1.601423487544484,0.6405693950177936,0.0,0.0,0.9608540925266904,0.0,0.0,0.0,0.3202846975088968,0.0,47.72241992882562,38.11387900355872,19.537366548042705,15.053380782918149,66.29893238434164
1422702,0.0,5,1.0,3.0,13.0,7.0,8.0,7.0,5.0,0.0,0.0,0.0,16.0,2.0,76.0,49.0,150.0,28.0,29.0,0.0,57.0,31.0,270.0,Dado Pršo,1,2006,2006,3,0.0,1.6666666666666667,0.3333333333333333,4.333333333333333,2.3333333333333335,2.6666666666666665,1.6666666666666667,0.0,0.0,5.333333333333333,0.6666666666666666,25.333333333333332,16.333333333333332,19.0,10.333333333333334,50.0
1422708,0.0,1,0.0,0.0,2.0,2.0,6.0,5.0,0.0,0.0,0.0,0.0,0.0,0.0,296.0,270.0,391.0,31.0,23.0,0.0,70.0,54.0,930.0,William Gallas,2,2006,2010,10,0.0,0.0967741935483871,0.0,0.1935483870967742,0.1935483870967742,0.5806451612903225,0.0,0.0,0.0,0.0,0.0,28.64516129032258,26.129032258064516,6.774193548387096,5.225806451612903,37.83870967741935
1422721,1.0,2,1.0,1.0,0.0,0.0,2.0,12.0,0.0,0.0,0.0,0.0,1.0,0.0,237.0,199.0,315.0,30.0,31.0,0.0,74.0,45.0,490.0,Craig Moore,2,2006,2010,6,0.18367346938775508,0.36734693877551017,0.18367346938775508,0.0,0.0,0.36734693877551017,0.0,0.0,0.0,0.18367346938775508,0.0,43.53061224489796,36.55102040816326,13.591836734693876,8.26530612244898,57.857142857142854
1422722,0.0,11,3.0,4.0,2.0,0.0,2.0,8.0,10.0,1.0,0.0,1.0,17.0,6.0,323.0,293.0,413.0,10.0,21.0,0.0,192.0,166.0,630.0,Jason Culina,2,2006,2010,7,0.0,1.5714285714285714,0.42857142857142855,0.2857142857142857,0.0,0.2857142857142857,1.4285714285714286,0.14285714285714285,0.0,2.4285714285714284,0.8571428571428571,46.142857142857146,41.857142857142854,27.428571428571427,23.714285714285715,59.0
1422750,0.0,0,0.0,0.0,2.0,2.0,0.0,6.0,0.0,0.0,0.0,0.0,0.0,0.0,58.0,45.0,103.0,12.0,15.0,0.0,22.0,10.0,270.0,Danny Shittu,1,2010,2010,3,0.0,0.0,0.0,0.6666666666666666,0.6666666666666666,0.0,0.0,0.0,0.0,0.0,0.0,19.333333333333332,15.0,7.333333333333333,3.3333333333333335,34.333333333333336
1422751,0.0,0,0.0,0.0,6.0,4.0,1.0,2.0,2.0,1.0,1.0,0.0,8.0,3.0,107.0,77.0,175.0,12.0,10.0,0.0,77.0,53.0,270.0,Chidi Odiah,1,2010,2010,3,0.0,0.0,0.0,2.0,1.3333333333333333,0.3333333333333333,0.6666666666666666,0.3333333333333333,0.3333333333333333,2.6666666666666665,1.0,35.666666666666664,25.666666666666668,25.666666666666668,17.666666666666668,58.333333333333336
1422755,0.0,8,0.0,4.0,3.0,2.0,9.0,6.0,1.0,0.0,0.0,0.0,1.0,1.0,184.0,148.0,250.0,27.0,22.0,0.0,81.0,63.0,360.0,Kim Jung-Woo,1,2010,2010,4,0.0,2.0,0.0,0.75,0.5,2.25,0.25,0.0,0.0,0.25,0.25,46.0,37.0,20.25,15.75,62.5
1422758,0.0,6,1.0,1.0,4.0,1.0,3.0,7.0,10.0,1.0,2.0,0.0,8.0,3.0,231.0,191.0,311.0,20.0,26.0,0.0,152.0,120.0,404.0,Konstantinos Katsouranis,2,2010,2014,6,0.0,1.3366336633663367,0.22277227722772278,0.8910891089108911,0.22277227722772278,0.6683168316831684,2.227722772277228,0.22277227722772278,0.44554455445544555,1.7821782178217822,0.6683168316831684,51.46039603960396,42.54950495049505,33.86138613861386,26.73267326732673,69.28217821782178
1422765,1.0,7,6.0,0.0,4.0,3.0,8.0,7.0,4.0,0.0,0.0,3.0,8.0,1.0,79.0,60.0,136.0,17.0,24.0,0.0,50.0,34.0,346.0,Dimitrios Salpingidis,2,2010,2014,6,0.26011560693641617,1.8208092485549132,1.560693641618497,1.0404624277456647,0.7803468208092486,2.0809248554913293,1.0404624277456647,0.0,0.0,2.0809248554913293,0.26011560693641617,20.54913294797688,15.60693641618497,13.005780346820808,8.84393063583815,35.3757225433526
1422798,0.0,0,0.0,0.0,3.0,0.0,3.0,5.0,2.0,0.0,0.0,0.0,10.0,1.0,42.0,27.0,137.0,16.0,11.0,0.0,24.0,12.0,270.0,Tony Lochhead,1,2010,2010,3,0.0,0.0,0.0,1.0,0.0,1.0,0.6666666666666666,0.0,0.0,3.3333333333333335,0.3333333333333333,14.0,9.0,8.0,4.0,45.666666666666664
1422799,0.0,1,0.0,0.0,11.0,5.0,3.0,2.0,1.0,0.0,0.0,0.0,8.0,2.0,74.0,50.0,172.0,17.0,21.0,0.0,36.0,18.0,270.0,Leo Bertos,1,2010,2010,3,0.0,0.3333333333333333,0.0,3.6666666666666665,1.6666666666666667,1.0,0.3333333333333333,0.0,0.0,2.6666666666666665,0.6666666666666666,24.666666666666668,16.666666666666668,12.0,6.0,57.333333333333336
1422826,0.0,0,0.0,0.0,1.0,1.0,2.0,3.0,0.0,0.0,0.0,1.0,0.0,0.0,65.0,51.0,115.0,11.0,15.0,0.0,17.0,9.0,315.0,Osman Chavez,2,2010,2014,4,0.0,0.0,0.0,0.2857142857142857,0.2857142857142857,0.5714285714285714,0.0,0.0,0.0,0.0,0.0,18.571428571428573,14.571428571428571,4.857142857142857,2.5714285714285716,32.857142857142854
1423110,0.0,0,0.0,0.0,7.0,3.0,12.0,10.0,0.0,0.0,0.0,0.0,0.0,0.0,281.0,243.0,394.0,46.0,35.0,0.0,90.0,66.0,630.0,Marinho Peres,1,1974,1974,7,0.0,0.0,0.0,1.0,0.42857142857142855,1.7142857142857142,0.0,0.0,0.0,0.0,0.0,40.142857142857146,34.714285714285715,12.857142857142858,9.428571428571429,56.285714285714285
1424570,1.0,12,5.0,2.0,32.0,8.0,10.0,3.0,17.0,1.0,3.0,1.0,32.0,10.0,217.0,170.0,349.0,19.0,45.0,0.0,173.0,129.0,450.0,Juanito,2,1978,1982,6,0.2,2.4,1.0,6.4,1.6,2.0,3.4,0.2,0.6,6.4,2.0,43.4,34.0,34.6,25.8,69.8
1425366,1.0,4,1.0,1.0,17.0,10.0,6.0,4.0,4.0,0.0,1.0,0.0,15.0,0.0,92.0,71.0,158.0,16.0,21.0,0.0,63.0,45.0,277.0,Kerim Alajbegović,1,2026,2026,4,0.3249097472924188,1.2996389891696751,0.3249097472924188,5.523465703971119,3.2490974729241877,1.9494584837545126,1.2996389891696751,0.0,0.3249097472924188,4.873646209386282,0.0,29.891696750902526,23.06859205776173,20.469314079422382,14.620938628158845,51.335740072202164
1427975,0.0,2,1.0,1.0,11.0,8.0,8.0,2.0,4.0,0.0,1.0,0.0,14.0,4.0,122.0,96.0,182.0,17.0,8.0,0.0,77.0,55.0,270.0,Predrag Đorđević,1,2006,2006,3,0.0,0.6666666666666666,0.3333333333333333,3.6666666666666665,2.6666666666666665,2.6666666666666665,1.3333333333333333,0.0,0.3333333333333333,4.666666666666667,1.3333333333333333,40.666666666666664,32.0,25.666666666666668,18.333333333333332,60.666666666666664
1464966,0.0,5,2.0,2.0,7.0,6.0,4.0,5.0,10.0,1.0,3.0,1.0,11.0,2.0,97.0,90.0,152.0,19.0,13.0,0.0,68.0,62.0,289.0,Rayan,1,2026,2026,4,0.0,1.5570934256055362,0.6228373702422145,2.179930795847751,1.8685121107266436,1.245674740484429,3.1141868512110724,0.31141868512110726,0.9342560553633218,3.4256055363321796,0.6228373702422145,30.207612456747402,28.027681660899653,21.176470588235293,19.30795847750865,47.3356401384083
1507710,0.0,1,0.0,1.0,4.0,3.0,0.0,1.0,2.0,0.0,0.0,0.0,0.0,0.0,275.0,253.0,320.0,13.0,9.0,0.0,47.0,38.0,360.0,Ime Okon,1,2026,2026,4,0.0,0.25,0.0,1.0,0.75,0.0,0.5,0.0,0.0,0.0,0.0,68.75,63.25,11.75,9.5,80.0
1564180,0.0,3,0.0,2.0,9.0,5.0,6.0,3.0,0.0,0.0,0.0,0.0,0.0,0.0,261.0,235.0,327.0,21.0,15.0,0.0,100.0,86.0,384.0,Ayyoub Bouaddi,1,2026,2026,5,0.0,0.703125,0.0,2.109375,1.171875,1.40625,0.0,0.0,0.0,0.0,0.0,61.171875,55.078125,23.4375,20.15625,76.640625
1631451,0.0,1,0.0,1.0,5.0,4.0,3.0,0.0,0.0,0.0,0.0,0.0,0.0,0.0,148.0,127.0,196.0,11.0,7.0,0.0,31.0,17.0,270.0,Akam Hashem,1,2026,2026,3,0.0,0.3333333333333333,0.0,1.6666666666666667,1.3333333333333333,1.0,0.0,0.0,0.0,0.0,0.0,49.333333333333336,42.333333333333336,10.333333333333334,5.666666666666667,65.33333333333333
1892282,0.0,1,0.0,1.0,1.0,0.0,3.0,0.0,1.0,0.0,0.0,0.0,0.0,0.0,95.0,87.0,128.0,10.0,3.0,0.0,29.0,22.0,270.0,Issa Laye,1,2026,2026,3,0.0,0.3333333333333333,0.0,0.3333333333333333,0.0,1.0,0.3333333333333333,0.0,0.0,0.0,0.0,31.666666666666668,29.0,9.666666666666666,7.333333333333333,42.666666666666664
1923396,0.0,0,0.0,0.0,0.0,0.0,4.0,10.0,1.0,0.0,0.0,0.0,1.0,0.0,92.0,80.0,133.0,17.0,14.0,0.0,28.0,24.0,270.0,Frantisek Straka,1,1990,1990,3,0.0,0.0,0.0,0.0,0.0,1.3333333333333333,0.3333333333333333,0.0,0.0,0.3333333333333333,0.0,30.666666666666668,26.666666666666668,9.333333333333334,8.0,44.333333333333336
1986794,1.0,2,1.0,1.0,4.0,3.0,3.0,7.0,1.0,0.0,0.0,0.0,1.0,0.0,70.0,62.0,104.0,8.0,24.0,0.0,39.0,33.0,272.0,Caleb Yirenkyi,1,2026,2026,4,0.33088235294117646,0.6617647058823529,0.33088235294117646,1.3235294117647058,0.9926470588235294,0.9926470588235294,0.33088235294117646,0.0,0.0,0.33088235294117646,0.0,23.161764705882355,20.514705882352942,12.904411764705882,10.919117647058824,34.411764705882355
2058228,0.0,4,1.0,1.0,3.0,1.0,5.0,3.0,2.0,0.0,0.0,0.0,3.0,1.0,207.0,182.0,284.0,19.0,16.0,0.0,63.0,41.0,360.0,Mbekezeli Mbokazi,1,2026,2026,4,0.0,1.0,0.25,0.75,0.25,1.25,0.5,0.0,0.0,0.75,0.25,51.75,45.5,15.75,10.25,71.0
2087085,0.0,4,0.0,4.0,24.0,10.0,7.0,2.0,11.0,1.0,4.0,0.0,14.0,3.0,146.0,127.0,251.0,33.0,24.0,0.0,98.0,84.0,331.0,Yan Diomande,1,2026,2026,4,0.0,1.0876132930513596,0.0,6.525679758308158,2.719033232628399,1.9033232628398793,2.990936555891239,0.2719033232628399,1.0876132930513596,3.8066465256797586,0.8157099697885197,39.69788519637462,34.531722054380666,26.64652567975831,22.839879154078552,68.24773413897282
2281122,0.0,4,0.0,3.0,6.0,1.0,3.0,15.0,1.0,0.0,0.0,1.0,3.0,2.0,116.0,83.0,193.0,13.0,42.0,0.0,73.0,50.0,439.0,Øyvind Leonhardsen,2,1994,1998,6,0.0,0.8200455580865603,0.0,1.2300683371298404,0.20501138952164008,0.6150341685649202,0.20501138952164008,0.0,0.0,0.6150341685649202,0.41002277904328016,23.781321184510247,17.015945330296127,14.965831435079725,10.250569476082005,39.56719817767653
2281253,0.0,6,3.0,3.0,7.0,3.0,11.0,2.0,5.0,0.0,0.0,0.0,5.0,1.0,73.0,58.0,129.0,18.0,27.0,0.0,58.0,44.0,270.0,Kevin Gallacher,1,1998,1998,3,0.0,2.0,1.0,2.3333333333333335,1.0,3.6666666666666665,1.6666666666666667,0.0,0.0,1.6666666666666667,0.3333333333333333,24.333333333333332,19.333333333333332,19.333333333333332,14.666666666666666,43.0
2282055,0.0,3,0.0,2.0,9.0,5.0,8.0,11.0,4.0,0.0,1.0,0.0,2.0,0.0,253.0,223.0,397.0,36.0,25.0,0.0,128.0,104.0,601.0,Mal Donaghy,2,1982,1986,7,0.0,0.4492512479201331,0.0,1.3477537437603992,0.7487520798668885,1.1980033277870217,0.5990016638935108,0.0,0.1497504159733777,0.2995008319467554,0.0,37.886855241264556,33.394342762063225,19.168053244592347,15.57404326123128,59.45091514143095
2282056,0.0,7,4.0,3.0,4.0,0.0,8.0,10.0,9.0,0.0,1.0,1.0,4.0,1.0,104.0,58.0,155.0,42.0,43.0,0.0,91.0,49.0,351.0,Tony Cascarino,2,1990,1994,6,0.0,1.794871794871795,1.0256410256410258,1.0256410256410258,0.0,2.0512820512820515,2.307692307692308,0.0,0.25641025641025644,1.0256410256410258,0.25641025641025644,26.666666666666668,14.871794871794872,23.333333333333332,12.564102564102564,39.743589743589745
2282057,0.0,0,0.0,0.0,1.0,0.0,9.0,10.0,0.0,0.0,0.0,0.0,0.0,0.0,164.0,128.0,233.0,27.0,23.0,0.0,51.0,27.0,480.0,Kevin Moran,1,1990,1990,5,0.0,0.0,0.0,0.1875,0.0,1.6875,0.0,0.0,0.0,0.0,0.0,30.75,24.0,9.5625,5.0625,43.6875
2321292,0.0,3,1.0,1.0,3.0,2.0,17.0,15.0,5.0,0.0,1.0,0.0,4.0,2.0,473.0,428.0,690.0,69.0,47.0,0.0,177.0,142.0,1200.0,Jurgen Kohler,3,1990,1998,13,0.0,0.22499999999999998,0.075,0.22499999999999998,0.15,1.275,0.375,0.0,0.075,0.3,0.15,35.475,32.1,13.274999999999999,10.65,51.75
2321433,0.0,6,1.0,3.0,5.0,4.0,4.0,6.0,0.0,0.0,0.0,0.0,1.0,1.0,156.0,142.0,235.0,19.0,10.0,1.0,46.0,38.0,480.0,Julio Cesar,1,1986,1986,5,0.0,1.125,0.1875,0.9375,0.75,0.75,0.0,0.0,0.0,0.1875,0.1875,29.25,26.625,8.625,7.125,44.0625
2321567,4.0,18,8.0,6.0,44.0,25.0,30.0,17.0,12.0,0.0,2.0,3.0,9.0,2.0,143.0,110.0,297.0,76.0,69.0,1.0,116.0,87.0,761.0,Claudio Caniggia,2,1990,1994,9,0.47306176084099866,2.128777923784494,0.9461235216819973,5.2036793692509855,2.9566360052562417,3.54796320630749,1.419185282522996,0.0,0.23653088042049933,1.064388961892247,0.23653088042049933,16.911957950065702,13.009198423127463,13.718791064388961,10.289093298291721,35.124835742444155
2322979,1.0,2,1.0,1.0,3.0,0.0,8.0,9.0,3.0,0.0,0.0,0.0,3.0,1.0,162.0,132.0,249.0,40.0,30.0,0.0,75.0,51.0,517.0,Sokratis Papastathopoulos,2,2010,2014,6,0.17408123791102514,0.3481624758220503,0.17408123791102514,0.5222437137330754,0.0,1.3926499032882012,0.5222437137330754,0.0,0.0,0.5222437137330754,0.17408123791102514,28.201160541586074,22.97872340425532,13.056092843326885,8.878143133462283,43.34622823984526
2324184,0.0,1,0.0,1.0,3.0,3.0,8.0,10.0,2.0,0.0,0.0,0.0,0.0,0.0,293.0,241.0,416.0,58.0,33.0,0.0,86.0,41.0,660.0,Junior Baiano,1,1998,1998,7,0.0,0.13636363636363638,0.0,0.4090909090909091,0.4090909090909091,1.090909090909091,0.27272727272727276,0.0,0.0,0.0,0.0,39.95454545454545,32.86363636363637,11.727272727272728,5.590909090909091,56.72727272727273
2326095,0.0,2,0.0,2.0,4.0,3.0,6.0,9.0,0.0,0.0,0.0,0.0,3.0,1.0,209.0,166.0,304.0,37.0,20.0,0.0,108.0,75.0,637.0,Rafael Alkorta,3,1990,1998,8,0.0,0.282574568288854,0.0,0.565149136577708,0.423861852433281,0.847723704866562,0.0,0.0,0.0,0.423861852433281,0.141287284144427,29.529042386185246,23.453689167974883,15.259026687598118,10.596546310832025,42.95133437990581
2326579,0.0,0,0.0,0.0,1.0,0.0,3.0,4.0,0.0,0.0,0.0,0.0,0.0,0.0,127.0,108.0,171.0,18.0,10.0,0.0,31.0,18.0,320.0,Genar Andrinua,1,1990,1990,4,0.0,0.0,0.0,0.28125,0.0,0.84375,0.0,0.0,0.0,0.0,0.0,35.71875,30.375,8.71875,5.0625,48.09375
2326723,0.0,3,0.0,3.0,0.0,0.0,8.0,1.0,0.0,0.0,0.0,0.0,0.0,0.0,109.0,86.0,165.0,21.0,9.0,0.0,40.0,21.0,270.0,Marco Sandy,1,1994,1994,3,0.0,1.0,0.0,0.0,0.0,2.6666666666666665,0.0,0.0,0.0,0.0,0.0,36.333333333333336,28.666666666666668,13.333333333333334,7.0,55.0
2326960,2.0,11,5.0,6.0,15.0,3.0,18.0,11.0,7.0,0.0,3.0,2.0,18.0,3.0,75.0,56.0,174.0,25.0,43.0,0.0,59.0,43.0,315.0,Marius Lăcătuş,2,1990,1998,5,0.5714285714285714,3.142857142857143,1.4285714285714286,4.285714285714286,0.8571428571428571,5.142857142857143,2.0,0.0,0.8571428571428571,5.142857142857143,0.8571428571428571,21.428571428571427,16.0,16.857142857142858,12.285714285714286,49.714285714285715
2455312,2.0,14,9.0,3.0,39.0,24.0,12.0,11.0,13.0,2.0,2.0,2.0,8.0,2.0,214.0,170.0,339.0,50.0,38.0,0.0,144.0,107.0,470.0,Oleksandr Zavarov,2,1986,1990,7,0.3829787234042553,2.6808510638297873,1.7234042553191489,7.468085106382978,4.595744680851063,2.2978723404255317,2.4893617021276597,0.3829787234042553,0.3829787234042553,1.5319148936170213,0.3829787234042553,40.97872340425532,32.5531914893617,27.574468085106382,20.48936170212766,64.91489361702128
2459343,0.0,3,1.0,2.0,3.0,1.0,6.0,6.0,4.0,1.0,0.0,0.0,5.0,4.0,146.0,110.0,221.0,26.0,21.0,0.0,76.0,47.0,344.0,Zeljko Petrovic,1,1998,1998,4,0.0,0.7848837209302325,0.26162790697674415,0.7848837209302325,0.26162790697674415,1.569767441860465,1.0465116279069766,0.26162790697674415,0.0,1.3081395348837208,1.0465116279069766,38.19767441860465,28.779069767441857,19.883720930232556,12.296511627906977,57.81976744186046
2464835,0.0,13,2.0,6.0,16.0,10.0,18.0,7.0,3.0,0.0,0.0,1.0,12.0,2.0,152.0,137.0,244.0,30.0,26.0,0.0,88.0,75.0,360.0,Aziz Bouderbala,1,1986,1986,4,0.0,3.25,0.5,4.0,2.5,4.5,0.75,0.0,0.0,3.0,0.5,38.0,34.25,22.0,18.75,61.0
2493579,1.0,6,1.0,3.0,18.0,8.0,13.0,29.0,3.0,0.0,0.0,0.0,9.0,2.0,272.0,232.0,442.0,56.0,65.0,1.0,104.0,76.0,729.0,Edinho,3,1978,1986,9,0.1234567901234568,0.7407407407407408,0.1234567901234568,2.2222222222222223,0.9876543209876544,1.6049382716049383,0.3703703703703704,0.0,0.0,1.1111111111111112,0.2469135802469136,33.58024691358025,28.641975308641978,12.839506172839506,9.382716049382717,54.567901234567906
2513939,1.0,9,2.0,5.0,11.0,2.0,15.0,5.0,2.0,0.0,0.0,0.0,12.0,0.0,77.0,61.0,153.0,22.0,20.0,0.0,52.0,37.0,270.0,Rudiger Abramczik,1,1978,1978,3,0.3333333333333333,3.0,0.6666666666666666,3.6666666666666665,0.6666666666666666,5.0,0.6666666666666666,0.0,0.0,4.0,0.0,25.666666666666668,20.333333333333332,17.333333333333332,12.333333333333334,51.0
2520524,1.0,4,1.0,3.0,2.0,1.0,1.0,2.0,2.0,1.0,0.0,1.0,1.0,0.0,99.0,85.0,142.0,18.0,17.0,0.0,44.0,32.0,298.0,Lei Clijsters,2,1986,1990,5,0.30201342281879195,1.2080536912751678,0.30201342281879195,0.6040268456375839,0.30201342281879195,0.30201342281879195,0.6040268456375839,0.30201342281879195,0.0,0.30201342281879195,0.0,29.899328859060404,25.67114093959732,13.288590604026847,9.664429530201343,42.88590604026846
